Timestamp,actual,predicted,model,dataset
2023-09-14 13:00:00,93.94,112.63975,XGBoost,building_b
2023-09-14 14:00:00,112.64,108.67947,XGBoost,building_b
2023-09-14 15:00:00,109.1,108.33797,XGBoost,building_b
2023-09-14 16:00:00,100.81,102.04237,XGBoost,building_b
2023-09-14 17:00:00,74.99,83.29512,XGBoost,building_b
2023-09-14 18:00:00,55.67,59.461346,XGBoost,building_b
2023-09-14 19:00:00,43.21,38.998463,XGBoost,building_b
2023-09-14 20:00:00,31.26,30.859123,XGBoost,building_b
2023-09-14 21:00:00,28.36,26.514181,XGBoost,building_b
2023-09-14 22:00:00,25.14,25.653028,XGBoost,building_b
2023-09-14 23:00:00,21.96,23.705517,XGBoost,building_b
2023-09-15 00:00:00,24.5,22.77126,XGBoost,building_b
2023-09-15 01:00:00,24.07,22.475012,XGBoost,building_b
2023-09-15 02:00:00,22.14,23.56853,XGBoost,building_b
2023-09-15 03:00:00,23.87,22.438879,XGBoost,building_b
2023-09-15 04:00:00,22.53,24.722094,XGBoost,building_b
2023-09-15 05:00:00,25.69,36.400417,XGBoost,building_b
2023-09-15 06:00:00,35.85,33.324184,XGBoost,building_b
2023-09-15 07:00:00,52.45,64.10254,XGBoost,building_b
2023-09-15 08:00:00,77.54,70.61757,XGBoost,building_b
2023-09-15 09:00:00,83.96,87.439026,XGBoost,building_b
2023-09-15 10:00:00,84.46,91.678604,XGBoost,building_b
2023-09-15 11:00:00,84.96,100.84407,XGBoost,building_b
2023-09-15 12:00:00,85.78,104.366486,XGBoost,building_b
2023-09-15 13:00:00,95.34,104.30298,XGBoost,building_b
2023-09-15 14:00:00,108.35,106.41235,XGBoost,building_b
2023-09-15 15:00:00,103.8,103.22768,XGBoost,building_b
2023-09-15 16:00:00,99.33,96.33265,XGBoost,building_b
2023-09-15 17:00:00,79.97,80.47429,XGBoost,building_b
2023-09-15 18:00:00,62.89,69.177986,XGBoost,building_b
2023-09-15 19:00:00,45.7,44.544815,XGBoost,building_b
2023-09-15 20:00:00,27.07,34.005215,XGBoost,building_b
2023-09-15 21:00:00,26.16,26.253004,XGBoost,building_b
2023-09-15 22:00:00,23.49,25.029703,XGBoost,building_b
2023-09-15 23:00:00,19.76,24.578672,XGBoost,building_b
2023-09-16 00:00:00,25.29,23.145481,XGBoost,building_b
2023-09-16 01:00:00,25.5,24.247824,XGBoost,building_b
2023-09-16 02:00:00,22.99,24.366795,XGBoost,building_b
2023-09-16 03:00:00,26.25,24.658348,XGBoost,building_b
2023-09-16 04:00:00,27.01,24.73512,XGBoost,building_b
2023-09-16 05:00:00,25.22,27.66659,XGBoost,building_b
2023-09-16 06:00:00,24.79,27.149195,XGBoost,building_b
2023-09-16 07:00:00,25.22,27.986052,XGBoost,building_b
2023-09-16 08:00:00,23.72,24.565458,XGBoost,building_b
2023-09-16 09:00:00,21.37,25.138117,XGBoost,building_b
2023-09-16 10:00:00,28.32,24.946283,XGBoost,building_b
2023-09-16 11:00:00,29.88,29.797915,XGBoost,building_b
2023-09-16 12:00:00,28.77,31.591757,XGBoost,building_b
2023-09-16 13:00:00,28.91,30.967651,XGBoost,building_b
2023-09-16 14:00:00,30.07,30.335918,XGBoost,building_b
2023-09-16 15:00:00,30.21,30.163696,XGBoost,building_b
2023-09-16 16:00:00,28.29,28.879013,XGBoost,building_b
2023-09-16 17:00:00,26.32,27.95798,XGBoost,building_b
2023-09-16 18:00:00,26.89,27.49103,XGBoost,building_b
2023-09-16 19:00:00,25.39,25.954254,XGBoost,building_b
2023-09-16 20:00:00,24.51,26.192198,XGBoost,building_b
2023-09-16 21:00:00,22.7,25.531342,XGBoost,building_b
2023-09-16 22:00:00,27.05,23.81203,XGBoost,building_b
2023-09-16 23:00:00,27.2,30.180393,XGBoost,building_b
2023-09-17 00:00:00,28.98,25.007154,XGBoost,building_b
2023-09-17 01:00:00,22.73,25.9329,XGBoost,building_b
2023-09-17 02:00:00,24.14,24.17964,XGBoost,building_b
2023-09-17 03:00:00,23.68,24.840414,XGBoost,building_b
2023-09-17 04:00:00,27.28,27.548862,XGBoost,building_b
2023-09-17 05:00:00,22.69,25.308947,XGBoost,building_b
2023-09-17 06:00:00,24.98,25.787767,XGBoost,building_b
2023-09-17 07:00:00,25.5,25.667755,XGBoost,building_b
2023-09-17 08:00:00,22.99,24.839289,XGBoost,building_b
2023-09-17 09:00:00,26.37,24.784693,XGBoost,building_b
2023-09-17 10:00:00,26.43,27.572382,XGBoost,building_b
2023-09-17 11:00:00,28.29,30.38099,XGBoost,building_b
2023-09-17 12:00:00,31.05,28.829292,XGBoost,building_b
2023-09-17 13:00:00,31.97,29.980566,XGBoost,building_b
2023-09-17 14:00:00,31.19,31.634418,XGBoost,building_b
2023-09-17 15:00:00,31.83,29.711967,XGBoost,building_b
2023-09-17 16:00:00,31.64,30.229946,XGBoost,building_b
2023-09-17 17:00:00,33.65,29.204023,XGBoost,building_b
2023-09-17 18:00:00,31.13,30.126015,XGBoost,building_b
2023-09-17 19:00:00,26.39,28.265574,XGBoost,building_b
2023-09-17 20:00:00,28.37,26.029879,XGBoost,building_b
2023-09-17 21:00:00,29.2,26.549868,XGBoost,building_b
2023-09-17 22:00:00,23.62,27.392477,XGBoost,building_b
2023-09-17 23:00:00,27.35,29.448996,XGBoost,building_b
2023-09-18 00:00:00,22.73,24.833761,XGBoost,building_b
2023-09-18 01:00:00,21.98,23.337727,XGBoost,building_b
2023-09-18 02:00:00,21.67,22.917883,XGBoost,building_b
2023-09-18 03:00:00,23.83,22.516304,XGBoost,building_b
2023-09-18 04:00:00,23.29,24.24702,XGBoost,building_b
2023-09-18 05:00:00,28.41,26.366333,XGBoost,building_b
2023-09-18 06:00:00,34.71,34.353745,XGBoost,building_b
2023-09-18 07:00:00,50.24,59.553753,XGBoost,building_b
2023-09-18 08:00:00,68.38,63.10011,XGBoost,building_b
2023-09-18 09:00:00,81.46,76.58896,XGBoost,building_b
2023-09-18 10:00:00,91.56,85.79276,XGBoost,building_b
2023-09-18 11:00:00,87.48,91.8129,XGBoost,building_b
2023-09-18 12:00:00,105.29,94.988914,XGBoost,building_b
2023-09-18 13:00:00,92.36,97.06887,XGBoost,building_b
2023-09-18 14:00:00,90.84,94.82173,XGBoost,building_b
2023-09-18 15:00:00,90.21,92.15101,XGBoost,building_b
2023-09-18 16:00:00,90.62,85.43006,XGBoost,building_b
2023-09-18 17:00:00,72.46000000000001,74.60922,XGBoost,building_b
2023-09-18 18:00:00,54.3,54.65883,XGBoost,building_b
2023-09-18 19:00:00,34.76,39.570637,XGBoost,building_b
2023-09-18 20:00:00,25.52,34.751972,XGBoost,building_b
2023-09-18 21:00:00,21.41,24.14926,XGBoost,building_b
2023-09-18 22:00:00,21.87,22.431103,XGBoost,building_b
2023-09-18 23:00:00,21.35,23.564968,XGBoost,building_b
2023-09-19 00:00:00,23.36,22.023003,XGBoost,building_b
2023-09-19 01:00:00,21.24,23.291763,XGBoost,building_b
2023-09-19 02:00:00,21.81,22.344645,XGBoost,building_b
2023-09-19 03:00:00,22.48,23.01677,XGBoost,building_b
2023-09-19 04:00:00,22.48,23.527592,XGBoost,building_b
2023-09-19 05:00:00,30.35,26.651049,XGBoost,building_b
2023-09-19 06:00:00,36.53,36.777752,XGBoost,building_b
2023-09-19 07:00:00,49.76,53.332428,XGBoost,building_b
2023-09-19 08:00:00,65.23,65.65969,XGBoost,building_b
2023-09-19 09:00:00,69.72,79.74715,XGBoost,building_b
2023-09-19 10:00:00,77.7,80.93917,XGBoost,building_b
2023-09-19 11:00:00,79.34,85.572624,XGBoost,building_b
2023-09-19 12:00:00,90.38,90.737686,XGBoost,building_b
2023-09-19 13:00:00,96.12,99.51051,XGBoost,building_b
2023-09-19 14:00:00,103.9,101.73007,XGBoost,building_b
2023-09-19 15:00:00,94.59,99.97658,XGBoost,building_b
2023-09-19 16:00:00,87.14,90.68499,XGBoost,building_b
2023-09-19 17:00:00,83.6,77.78117,XGBoost,building_b
2023-09-19 18:00:00,59.6,58.010864,XGBoost,building_b
2023-09-19 19:00:00,38.56,40.667694,XGBoost,building_b
2023-09-19 20:00:00,30.7,29.590975,XGBoost,building_b
2023-09-19 21:00:00,25.54,26.436014,XGBoost,building_b
2023-09-19 22:00:00,23.46,23.566875,XGBoost,building_b
2023-09-19 23:00:00,20.57,22.962772,XGBoost,building_b
2023-09-20 00:00:00,21.1,21.453049,XGBoost,building_b
2023-09-20 01:00:00,22.04,19.16699,XGBoost,building_b
2023-09-20 02:00:00,20.82,23.03586,XGBoost,building_b
2023-09-20 03:00:00,23.09,21.608522,XGBoost,building_b
2023-09-20 04:00:00,24.44,23.080446,XGBoost,building_b
2023-09-20 05:00:00,26.11,27.895754,XGBoost,building_b
2023-09-20 06:00:00,36.6,30.578362,XGBoost,building_b
2023-09-20 07:00:00,54.14,52.468895,XGBoost,building_b
2023-09-20 08:00:00,66.18,66.269806,XGBoost,building_b
2023-09-20 09:00:00,83.6,77.98621,XGBoost,building_b
2023-09-20 10:00:00,78.14,83.83825,XGBoost,building_b
2023-09-20 11:00:00,93.45,91.1739,XGBoost,building_b
2023-09-20 12:00:00,87.99,95.41149,XGBoost,building_b
2023-09-20 13:00:00,92.2,94.32107,XGBoost,building_b
2023-09-20 14:00:00,98.1,94.91049,XGBoost,building_b
2023-09-20 15:00:00,83.64,94.59524,XGBoost,building_b
2023-09-20 16:00:00,88.69,85.05177,XGBoost,building_b
2023-09-20 17:00:00,70.84,73.43681,XGBoost,building_b
2023-09-20 18:00:00,47.17,53.36301,XGBoost,building_b
2023-09-20 19:00:00,35.0,35.48089,XGBoost,building_b
2023-09-20 20:00:00,26.74,26.820044,XGBoost,building_b
2023-09-20 21:00:00,22.88,24.657682,XGBoost,building_b
2023-09-20 22:00:00,23.08,22.98276,XGBoost,building_b
2023-09-20 23:00:00,21.38,22.420898,XGBoost,building_b
2023-09-21 00:00:00,23.24,38.181313,XGBoost,building_b
2023-09-21 01:00:00,22.67,23.07077,XGBoost,building_b
2023-09-21 02:00:00,21.74,22.692947,XGBoost,building_b
2023-09-21 03:00:00,23.75,23.373438,XGBoost,building_b
2023-09-21 04:00:00,24.42,24.16241,XGBoost,building_b
2023-09-21 05:00:00,27.98,27.862167,XGBoost,building_b
2023-09-21 06:00:00,38.38,34.83023,XGBoost,building_b
2023-09-21 07:00:00,52.0,49.797535,XGBoost,building_b
2023-09-21 08:00:00,61.81,68.914734,XGBoost,building_b
2023-09-21 09:00:00,69.27,76.86038,XGBoost,building_b
2023-09-21 10:00:00,0.0,78.806885,XGBoost,building_b
2023-09-21 11:00:00,89.83,41.07822,XGBoost,building_b
2023-09-21 12:00:00,85.91,99.12187,XGBoost,building_b
2023-09-21 13:00:00,96.22,99.222046,XGBoost,building_b
2023-09-21 14:00:00,88.65,105.05757,XGBoost,building_b
2023-09-21 15:00:00,83.41,96.504616,XGBoost,building_b
2023-09-21 16:00:00,89.67,89.375275,XGBoost,building_b
2023-09-21 17:00:00,74.55,72.515175,XGBoost,building_b
2023-09-21 18:00:00,53.64,55.812134,XGBoost,building_b
2023-09-21 19:00:00,38.23,37.789616,XGBoost,building_b
2023-09-21 20:00:00,25.74,28.514084,XGBoost,building_b
2023-09-21 21:00:00,22.82,23.57837,XGBoost,building_b
2023-09-21 22:00:00,23.81,36.554935,XGBoost,building_b
2023-09-21 23:00:00,22.64,23.068808,XGBoost,building_b
2023-09-22 00:00:00,24.27,22.824532,XGBoost,building_b
2023-09-22 01:00:00,22.67,23.028727,XGBoost,building_b
2023-09-22 02:00:00,19.66,22.91794,XGBoost,building_b
2023-09-22 03:00:00,22.46,22.307148,XGBoost,building_b
2023-09-22 04:00:00,23.54,22.867985,XGBoost,building_b
2023-09-22 05:00:00,26.93,27.00796,XGBoost,building_b
2023-09-22 06:00:00,34.59,34.043827,XGBoost,building_b
2023-09-22 07:00:00,48.9,51.628315,XGBoost,building_b
2023-09-22 08:00:00,70.1,64.89523,XGBoost,building_b
2023-09-22 09:00:00,76.77,78.84714,XGBoost,building_b
2023-09-22 10:00:00,93.12,83.12199,XGBoost,building_b
2023-09-22 11:00:00,93.21,95.41858,XGBoost,building_b
2023-09-22 12:00:00,95.31,95.86516,XGBoost,building_b
2023-09-22 13:00:00,104.33,103.54151,XGBoost,building_b
2023-09-22 14:00:00,97.42,101.8552,XGBoost,building_b
2023-09-22 15:00:00,101.51,99.45698,XGBoost,building_b
2023-09-22 16:00:00,84.47,92.87377,XGBoost,building_b
2023-09-22 17:00:00,76.21,76.74129,XGBoost,building_b
2023-09-22 18:00:00,53.84,59.343285,XGBoost,building_b
2023-09-22 19:00:00,37.53,38.133606,XGBoost,building_b
2023-09-22 20:00:00,26.91,28.178236,XGBoost,building_b
2023-09-22 21:00:00,24.67,24.58026,XGBoost,building_b
2023-09-22 22:00:00,22.34,23.473177,XGBoost,building_b
2023-09-22 23:00:00,21.65,23.085686,XGBoost,building_b
2023-09-23 00:00:00,23.93,25.29318,XGBoost,building_b
2023-09-23 01:00:00,25.83,24.639265,XGBoost,building_b
2023-09-23 02:00:00,24.43,25.270958,XGBoost,building_b
2023-09-23 03:00:00,26.98,25.973263,XGBoost,building_b
2023-09-23 04:00:00,26.75,26.605536,XGBoost,building_b
2023-09-23 05:00:00,27.65,27.518547,XGBoost,building_b
2023-09-23 06:00:00,25.25,27.796461,XGBoost,building_b
2023-09-23 07:00:00,25.05,26.891148,XGBoost,building_b
2023-09-23 08:00:00,27.17,27.445408,XGBoost,building_b
2023-09-23 09:00:00,26.26,26.640179,XGBoost,building_b
2023-09-23 10:00:00,31.76,28.536695,XGBoost,building_b
2023-09-23 11:00:00,30.86,32.23464,XGBoost,building_b
2023-09-23 12:00:00,28.12,31.091854,XGBoost,building_b
2023-09-23 13:00:00,30.66,30.47033,XGBoost,building_b
2023-09-23 14:00:00,29.13,29.866098,XGBoost,building_b
2023-09-23 15:00:00,29.44,32.30859,XGBoost,building_b
2023-09-23 16:00:00,31.18,32.609997,XGBoost,building_b
2023-09-23 17:00:00,29.95,32.379635,XGBoost,building_b
2023-09-23 18:00:00,33.47,30.458424,XGBoost,building_b
2023-09-23 19:00:00,30.11,32.476692,XGBoost,building_b
2023-09-23 20:00:00,28.45,29.765137,XGBoost,building_b
2023-09-23 21:00:00,27.78,27.858534,XGBoost,building_b
2023-09-23 22:00:00,23.79,26.96098,XGBoost,building_b
2023-09-23 23:00:00,26.46,25.66724,XGBoost,building_b
2023-09-24 00:00:00,26.9,26.971432,XGBoost,building_b
2023-09-24 01:00:00,27.18,28.969091,XGBoost,building_b
2023-09-24 02:00:00,23.19,27.32829,XGBoost,building_b
2023-09-24 03:00:00,26.63,25.814722,XGBoost,building_b
2023-09-24 04:00:00,24.93,27.31772,XGBoost,building_b
2023-09-24 05:00:00,25.4,26.856087,XGBoost,building_b
2023-09-24 06:00:00,25.69,26.767271,XGBoost,building_b
2023-09-24 07:00:00,26.81,26.729252,XGBoost,building_b
2023-09-24 08:00:00,27.48,27.223207,XGBoost,building_b
2023-09-24 09:00:00,25.72,28.274153,XGBoost,building_b
2023-09-24 10:00:00,29.18,27.694326,XGBoost,building_b
2023-09-24 11:00:00,31.17,30.438501,XGBoost,building_b
2023-09-24 12:00:00,27.5,31.919281,XGBoost,building_b
2023-09-24 13:00:00,33.3,31.033958,XGBoost,building_b
2023-09-24 14:00:00,30.62,34.579063,XGBoost,building_b
2023-09-24 15:00:00,33.56,31.70314,XGBoost,building_b
2023-09-24 16:00:00,28.11,31.888504,XGBoost,building_b
2023-09-24 17:00:00,29.35,31.542866,XGBoost,building_b
2023-09-24 18:00:00,26.39,31.750801,XGBoost,building_b
2023-09-24 19:00:00,28.52,28.347534,XGBoost,building_b
2023-09-24 20:00:00,24.89,27.688852,XGBoost,building_b
2023-09-24 21:00:00,28.5,26.299503,XGBoost,building_b
2023-09-24 22:00:00,25.05,26.897661,XGBoost,building_b
2023-09-24 23:00:00,24.15,26.399254,XGBoost,building_b
2023-09-25 00:00:00,25.83,24.41053,XGBoost,building_b
2023-09-25 01:00:00,23.17,25.02406,XGBoost,building_b
2023-09-25 02:00:00,22.3,24.096497,XGBoost,building_b
2023-09-25 03:00:00,22.58,24.314844,XGBoost,building_b
2023-09-25 04:00:00,27.31,24.757917,XGBoost,building_b
2023-09-25 05:00:00,26.48,29.056911,XGBoost,building_b
2023-09-25 06:00:00,34.02,35.497036,XGBoost,building_b
2023-09-25 07:00:00,49.9,48.985382,XGBoost,building_b
2023-09-25 08:00:00,68.53,66.61511,XGBoost,building_b
2023-09-25 09:00:00,85.18,79.71166,XGBoost,building_b
2023-09-25 10:00:00,90.28,96.032234,XGBoost,building_b
2023-09-25 11:00:00,89.83,102.80749,XGBoost,building_b
2023-09-25 12:00:00,93.05,100.325455,XGBoost,building_b
2023-09-25 13:00:00,96.09,100.90143,XGBoost,building_b
2023-09-25 14:00:00,102.98,104.31753,XGBoost,building_b
2023-09-25 15:00:00,107.73,104.362564,XGBoost,building_b
2023-09-25 16:00:00,90.66,88.58593,XGBoost,building_b
2023-09-25 17:00:00,78.59,80.066826,XGBoost,building_b
2023-09-25 18:00:00,61.0,60.23891,XGBoost,building_b
2023-09-25 19:00:00,43.16,42.9404,XGBoost,building_b
2023-09-25 20:00:00,33.315,31.151995,XGBoost,building_b
2023-09-25 21:00:00,23.47,28.729057,XGBoost,building_b
2023-09-25 22:00:00,24.91,24.822542,XGBoost,building_b
2023-09-25 23:00:00,22.27,24.402193,XGBoost,building_b
2023-09-26 00:00:00,20.92,24.191895,XGBoost,building_b
2023-09-26 01:00:00,23.33,22.682896,XGBoost,building_b
2023-09-26 02:00:00,20.53,23.60327,XGBoost,building_b
2023-09-26 03:00:00,23.91,22.111506,XGBoost,building_b
2023-09-26 04:00:00,23.07,25.092905,XGBoost,building_b
2023-09-26 05:00:00,24.78,29.781887,XGBoost,building_b
2023-09-26 06:00:00,34.82,33.738018,XGBoost,building_b
2023-09-26 07:00:00,50.64,49.18402,XGBoost,building_b
2023-09-26 08:00:00,66.59,65.88825,XGBoost,building_b
2023-09-26 09:00:00,76.42,83.044716,XGBoost,building_b
2023-09-26 10:00:00,95.41,87.28884,XGBoost,building_b
2023-09-26 11:00:00,93.96,101.09092,XGBoost,building_b
2023-09-26 12:00:00,104.62,105.20614,XGBoost,building_b
2023-09-26 13:00:00,97.07,110.425476,XGBoost,building_b
2023-09-26 14:00:00,116.54,107.75012,XGBoost,building_b
2023-09-26 15:00:00,98.66,112.96062,XGBoost,building_b
2023-09-26 16:00:00,98.62,96.855225,XGBoost,building_b
2023-09-26 17:00:00,78.78,82.72719,XGBoost,building_b
2023-09-26 18:00:00,58.94,57.912304,XGBoost,building_b
2023-09-26 19:00:00,35.93,42.506916,XGBoost,building_b
2023-09-26 20:00:00,29.4,33.71807,XGBoost,building_b
2023-09-26 21:00:00,24.97,31.043089,XGBoost,building_b
2023-09-26 22:00:00,24.14,28.661884,XGBoost,building_b
2023-09-26 23:00:00,20.22,27.564333,XGBoost,building_b
2023-09-27 00:00:00,24.79,22.143576,XGBoost,building_b
2023-09-27 01:00:00,21.15,23.454493,XGBoost,building_b
2023-09-27 02:00:00,22.93,22.101877,XGBoost,building_b
2023-09-27 03:00:00,22.63,23.496548,XGBoost,building_b
2023-09-27 04:00:00,23.48,23.850632,XGBoost,building_b
2023-09-27 05:00:00,25.64,27.830639,XGBoost,building_b
2023-09-27 06:00:00,38.14,33.889034,XGBoost,building_b
2023-09-27 07:00:00,50.9,55.412224,XGBoost,building_b
2023-09-27 08:00:00,56.94,67.01704,XGBoost,building_b
2023-09-27 09:00:00,74.82,69.78897,XGBoost,building_b
2023-09-27 10:00:00,75.21,81.42198,XGBoost,building_b
2023-09-27 11:00:00,84.73,84.253624,XGBoost,building_b
2023-09-27 12:00:00,87.08,100.954185,XGBoost,building_b
2023-09-27 13:00:00,98.4,94.64541,XGBoost,building_b
2023-09-27 14:00:00,89.8,98.78831,XGBoost,building_b
2023-09-27 15:00:00,87.58,93.22522,XGBoost,building_b
2023-09-27 16:00:00,78.24,82.89426,XGBoost,building_b
2023-09-27 17:00:00,67.99,72.20185,XGBoost,building_b
2023-09-27 18:00:00,52.92,51.932384,XGBoost,building_b
2023-09-27 19:00:00,39.05,36.058105,XGBoost,building_b
2023-09-27 20:00:00,27.65,27.213453,XGBoost,building_b
2023-09-27 21:00:00,23.91,24.913124,XGBoost,building_b
2023-09-27 22:00:00,21.49,23.357601,XGBoost,building_b
2023-09-27 23:00:00,21.24,21.305473,XGBoost,building_b
2023-09-28 00:00:00,20.08,22.502245,XGBoost,building_b
2023-09-28 01:00:00,23.79,21.068913,XGBoost,building_b
2023-09-28 02:00:00,21.42,22.77556,XGBoost,building_b
2023-09-28 03:00:00,22.28,22.38317,XGBoost,building_b
2023-09-28 04:00:00,24.25,23.565222,XGBoost,building_b
2023-09-28 05:00:00,28.5,28.06637,XGBoost,building_b
2023-09-28 06:00:00,34.9,37.495632,XGBoost,building_b
2023-09-28 07:00:00,49.085,51.8537,XGBoost,building_b
2023-09-28 08:00:00,63.27,64.71308,XGBoost,building_b
2023-09-28 09:00:00,72.48,78.276665,XGBoost,building_b
2023-09-28 10:00:00,81.08,81.433815,XGBoost,building_b
2023-09-28 11:00:00,86.12,89.131355,XGBoost,building_b
2023-09-28 12:00:00,97.24,94.53278,XGBoost,building_b
2023-09-28 13:00:00,86.12,96.33209,XGBoost,building_b
2023-09-28 14:00:00,108.3,99.3783,XGBoost,building_b
2023-09-28 15:00:00,93.51,100.71089,XGBoost,building_b
2023-09-28 16:00:00,78.35,87.93723,XGBoost,building_b
2023-09-28 17:00:00,81.82,75.252075,XGBoost,building_b
2023-09-28 18:00:00,56.98,55.195908,XGBoost,building_b
2023-09-28 19:00:00,37.19,38.496674,XGBoost,building_b
2023-09-28 20:00:00,27.24,27.142656,XGBoost,building_b
2023-09-28 21:00:00,24.75,27.819342,XGBoost,building_b
2023-09-28 22:00:00,21.32,23.013016,XGBoost,building_b
2023-09-28 23:00:00,23.28,21.55896,XGBoost,building_b
2023-09-29 00:00:00,23.34,22.547306,XGBoost,building_b
2023-09-29 01:00:00,23.04,23.410568,XGBoost,building_b
2023-09-29 02:00:00,21.44,23.582508,XGBoost,building_b
2023-09-29 03:00:00,23.7,22.66539,XGBoost,building_b
2023-09-29 04:00:00,23.21,29.765875,XGBoost,building_b
2023-09-29 05:00:00,25.81,27.650492,XGBoost,building_b
2023-09-29 06:00:00,35.66,33.874077,XGBoost,building_b
2023-09-29 07:00:00,41.29,50.65259,XGBoost,building_b
2023-09-29 08:00:00,69.79,57.056175,XGBoost,building_b
2023-09-29 09:00:00,69.74,79.2651,XGBoost,building_b
2023-09-29 10:00:00,85.01,83.82275,XGBoost,building_b
2023-09-29 11:00:00,98.02,94.87834,XGBoost,building_b
2023-09-29 12:00:00,103.06,101.480896,XGBoost,building_b
2023-09-29 13:00:00,113.68,105.32247,XGBoost,building_b
2023-09-29 14:00:00,108.15,108.29414,XGBoost,building_b
2023-09-29 15:00:00,104.07,104.109726,XGBoost,building_b
2023-09-29 16:00:00,93.05,98.820854,XGBoost,building_b
2023-09-29 17:00:00,82.0,80.39522,XGBoost,building_b
2023-09-29 18:00:00,59.12,59.51434,XGBoost,building_b
2023-09-29 19:00:00,39.55,40.001152,XGBoost,building_b
2023-09-29 20:00:00,30.14,28.623762,XGBoost,building_b
2023-09-29 21:00:00,24.19,25.901314,XGBoost,building_b
2023-09-29 22:00:00,23.54,23.603611,XGBoost,building_b
2023-09-29 23:00:00,22.28,23.587122,XGBoost,building_b
2023-09-30 00:00:00,28.51,25.440414,XGBoost,building_b
2023-09-30 01:00:00,27.62,26.88256,XGBoost,building_b
2023-09-30 02:00:00,26.51,26.552639,XGBoost,building_b
2023-09-30 03:00:00,24.93,27.2307,XGBoost,building_b
2023-09-30 04:00:00,26.09,25.929995,XGBoost,building_b
2023-09-30 05:00:00,29.4,27.697851,XGBoost,building_b
2023-09-30 06:00:00,26.76,28.171726,XGBoost,building_b
2023-09-30 07:00:00,24.35,27.857023,XGBoost,building_b
2023-09-30 08:00:00,26.68,27.60695,XGBoost,building_b
2023-09-30 09:00:00,28.44,31.713854,XGBoost,building_b
2023-09-30 10:00:00,26.63,30.113409,XGBoost,building_b
2023-09-30 11:00:00,29.45,29.838299,XGBoost,building_b
2023-09-30 12:00:00,28.93,29.878386,XGBoost,building_b
2023-09-30 13:00:00,25.28,29.487488,XGBoost,building_b
2023-09-30 14:00:00,32.38,29.4417,XGBoost,building_b
2023-09-30 15:00:00,30.56,30.976143,XGBoost,building_b
2023-09-30 16:00:00,28.18,34.10523,XGBoost,building_b
2023-09-30 17:00:00,27.56,30.017357,XGBoost,building_b
2023-09-30 18:00:00,28.22,30.004122,XGBoost,building_b
2023-09-30 19:00:00,25.56,29.1727,XGBoost,building_b
2023-09-30 20:00:00,26.98,26.68208,XGBoost,building_b
2023-09-30 21:00:00,23.68,25.80412,XGBoost,building_b
2023-09-30 22:00:00,26.02,25.452738,XGBoost,building_b
2023-09-30 23:00:00,25.02,26.209497,XGBoost,building_b
2023-10-01 00:00:00,28.63,26.236008,XGBoost,building_b
2023-10-01 01:00:00,25.25,26.122423,XGBoost,building_b
2023-10-01 02:00:00,27.28,25.758747,XGBoost,building_b
2023-10-01 03:00:00,25.39,25.45806,XGBoost,building_b
2023-10-01 04:00:00,26.59,26.100159,XGBoost,building_b
2023-10-01 05:00:00,28.52,27.051315,XGBoost,building_b
2023-10-01 06:00:00,24.22,26.711388,XGBoost,building_b
2023-10-01 07:00:00,27.2,26.324333,XGBoost,building_b
2023-10-01 08:00:00,24.86,26.45475,XGBoost,building_b
2023-10-01 09:00:00,25.62,26.782976,XGBoost,building_b
2023-10-01 10:00:00,26.88,26.74131,XGBoost,building_b
2023-10-01 11:00:00,26.82,27.220549,XGBoost,building_b
2023-10-01 12:00:00,29.48,28.325731,XGBoost,building_b
2023-10-01 13:00:00,30.73,30.459497,XGBoost,building_b
2023-10-01 14:00:00,26.08,29.674038,XGBoost,building_b
2023-10-01 15:00:00,26.41,33.702927,XGBoost,building_b
2023-10-01 16:00:00,25.71,29.473183,XGBoost,building_b
2023-10-01 17:00:00,27.46,27.686588,XGBoost,building_b
2023-10-01 18:00:00,26.38,26.598003,XGBoost,building_b
2023-10-01 19:00:00,24.97,27.624195,XGBoost,building_b
2023-10-01 20:00:00,22.95,25.769041,XGBoost,building_b
2023-10-01 21:00:00,27.15,24.962942,XGBoost,building_b
2023-10-01 22:00:00,25.41,25.090242,XGBoost,building_b
2023-10-01 23:00:00,27.93,25.460701,XGBoost,building_b
2023-10-02 00:00:00,23.07,24.304407,XGBoost,building_b
2023-10-02 01:00:00,23.81,24.418634,XGBoost,building_b
2023-10-02 02:00:00,25.01,24.320244,XGBoost,building_b
2023-10-02 03:00:00,21.93,24.297432,XGBoost,building_b
2023-10-02 04:00:00,21.11,25.604918,XGBoost,building_b
2023-10-02 05:00:00,26.2,26.597622,XGBoost,building_b
2023-10-02 06:00:00,37.7,37.627323,XGBoost,building_b
2023-10-02 07:00:00,51.54,51.650444,XGBoost,building_b
2023-10-02 08:00:00,72.04,65.003845,XGBoost,building_b
2023-10-02 09:00:00,71.765,80.07718,XGBoost,building_b
2023-10-02 10:00:00,71.49,81.09448,XGBoost,building_b
2023-10-02 11:00:00,74.18,83.79326,XGBoost,building_b
2023-10-02 12:00:00,76.98,83.08176,XGBoost,building_b
2023-10-02 13:00:00,92.28,83.389755,XGBoost,building_b
2023-10-02 14:00:00,85.46,91.00722,XGBoost,building_b
2023-10-02 15:00:00,90.53,87.933685,XGBoost,building_b
2023-10-02 16:00:00,80.17,82.63523,XGBoost,building_b
2023-10-02 17:00:00,73.77,69.950554,XGBoost,building_b
2023-10-02 18:00:00,51.42,51.942257,XGBoost,building_b
2023-10-02 19:00:00,35.53,37.100063,XGBoost,building_b
2023-10-02 20:00:00,28.82,27.963331,XGBoost,building_b
2023-10-02 21:00:00,23.81,25.509127,XGBoost,building_b
2023-10-02 22:00:00,21.87,24.052391,XGBoost,building_b
2023-10-02 23:00:00,21.73,23.648535,XGBoost,building_b
2023-10-03 00:00:00,22.82,22.64557,XGBoost,building_b
2023-10-03 01:00:00,23.65,23.181606,XGBoost,building_b
2023-10-03 02:00:00,22.44,23.641354,XGBoost,building_b
2023-10-03 03:00:00,21.15,23.259583,XGBoost,building_b
2023-10-03 04:00:00,23.64,22.398596,XGBoost,building_b
2023-10-03 05:00:00,28.86,26.866306,XGBoost,building_b
2023-10-03 06:00:00,34.08,36.555187,XGBoost,building_b
2023-10-03 07:00:00,51.62,51.282906,XGBoost,building_b
2023-10-03 08:00:00,67.42,66.864525,XGBoost,building_b
2023-10-03 09:00:00,72.5,79.42462,XGBoost,building_b
2023-10-03 10:00:00,71.19,79.92136,XGBoost,building_b
2023-10-03 11:00:00,84.55,86.22291,XGBoost,building_b
2023-10-03 12:00:00,96.8,93.20063,XGBoost,building_b
2023-10-03 13:00:00,90.85,100.54809,XGBoost,building_b
2023-10-03 14:00:00,97.52,99.33609,XGBoost,building_b
2023-10-03 15:00:00,94.75,100.67048,XGBoost,building_b
2023-10-03 16:00:00,97.45,91.27767,XGBoost,building_b
2023-10-03 17:00:00,78.09,79.23896,XGBoost,building_b
2023-10-03 18:00:00,52.91,57.677998,XGBoost,building_b
2023-10-03 19:00:00,41.65,37.808834,XGBoost,building_b
2023-10-03 20:00:00,28.34,30.154633,XGBoost,building_b
2023-10-03 21:00:00,22.59,26.238089,XGBoost,building_b
2023-10-03 22:00:00,23.61,23.746555,XGBoost,building_b
2023-10-03 23:00:00,23.27,23.067244,XGBoost,building_b
2023-10-04 00:00:00,21.0,23.29686,XGBoost,building_b
2023-10-04 01:00:00,22.63,22.630474,XGBoost,building_b
2023-10-04 02:00:00,21.68,22.892185,XGBoost,building_b
2023-10-04 03:00:00,23.12,23.015068,XGBoost,building_b
2023-10-04 04:00:00,24.44,23.467346,XGBoost,building_b
2023-10-04 05:00:00,26.57,27.472082,XGBoost,building_b
2023-10-04 06:00:00,36.31,35.6085,XGBoost,building_b
2023-10-04 07:00:00,50.19,52.33682,XGBoost,building_b
2023-10-04 08:00:00,70.16,68.33043,XGBoost,building_b
2023-10-04 09:00:00,77.93,82.49843,XGBoost,building_b
2023-10-04 10:00:00,86.01,87.50195,XGBoost,building_b
2023-10-04 11:00:00,97.32,96.53087,XGBoost,building_b
2023-10-04 12:00:00,108.63,101.672134,XGBoost,building_b
2023-10-04 13:00:00,99.4,106.00464,XGBoost,building_b
2023-10-04 14:00:00,106.2,104.17365,XGBoost,building_b
2023-10-04 15:00:00,109.83,103.36745,XGBoost,building_b
2023-10-04 16:00:00,102.45,95.39485,XGBoost,building_b
2023-10-04 17:00:00,83.77,83.5928,XGBoost,building_b
2023-10-04 18:00:00,58.83,61.635235,XGBoost,building_b
2023-10-04 19:00:00,39.16,42.869537,XGBoost,building_b
2023-10-04 20:00:00,29.19,30.65139,XGBoost,building_b
2023-10-04 21:00:00,25.55,27.455368,XGBoost,building_b
2023-10-04 22:00:00,23.31,24.82659,XGBoost,building_b
2023-10-04 23:00:00,22.28,23.797094,XGBoost,building_b
2023-10-05 00:00:00,21.12,32.322224,XGBoost,building_b
2023-10-05 01:00:00,22.18,22.644213,XGBoost,building_b
2023-10-05 02:00:00,23.82,23.337013,XGBoost,building_b
2023-10-05 03:00:00,23.25,23.423515,XGBoost,building_b
2023-10-05 04:00:00,24.74,24.03075,XGBoost,building_b
2023-10-05 05:00:00,26.53,28.462034,XGBoost,building_b
2023-10-05 06:00:00,32.58,37.190823,XGBoost,building_b
2023-10-05 07:00:00,51.44,41.520203,XGBoost,building_b
2023-10-05 08:00:00,67.39,66.462006,XGBoost,building_b
2023-10-05 09:00:00,75.73,80.09878,XGBoost,building_b
2023-10-05 10:00:00,75.33,85.042274,XGBoost,building_b
2023-10-05 11:00:00,87.06,85.13565,XGBoost,building_b
2023-10-05 12:00:00,87.51,96.231064,XGBoost,building_b
2023-10-05 13:00:00,85.77,94.78987,XGBoost,building_b
2023-10-05 14:00:00,87.95,95.336494,XGBoost,building_b
2023-10-05 15:00:00,99.52,92.26842,XGBoost,building_b
2023-10-05 16:00:00,82.08,84.58588,XGBoost,building_b
2023-10-05 17:00:00,75.16,75.021355,XGBoost,building_b
2023-10-05 18:00:00,50.72,61.341717,XGBoost,building_b
2023-10-05 19:00:00,33.735,36.78802,XGBoost,building_b
2023-10-05 20:00:00,25.24,27.175789,XGBoost,building_b
2023-10-05 21:00:00,22.48,23.975807,XGBoost,building_b
2023-10-05 22:00:00,23.21,22.7065,XGBoost,building_b
2023-10-05 23:00:00,24.46,23.029943,XGBoost,building_b
2023-10-06 00:00:00,21.47,23.195997,XGBoost,building_b
2023-10-06 01:00:00,24.11,22.652937,XGBoost,building_b
2023-10-06 02:00:00,22.44,23.607115,XGBoost,building_b
2023-10-06 03:00:00,21.52,23.580261,XGBoost,building_b
2023-10-06 04:00:00,23.94,23.767485,XGBoost,building_b
2023-10-06 05:00:00,27.54,27.628372,XGBoost,building_b
2023-10-06 06:00:00,35.96,35.010162,XGBoost,building_b
2023-10-06 07:00:00,49.44,51.859516,XGBoost,building_b
2023-10-06 08:00:00,68.72,65.46029,XGBoost,building_b
2023-10-06 09:00:00,77.01,80.67948,XGBoost,building_b
2023-10-06 10:00:00,86.71,86.11076,XGBoost,building_b
2023-10-06 11:00:00,91.74,93.70385,XGBoost,building_b
2023-10-06 12:00:00,94.62,97.86083,XGBoost,building_b
2023-10-06 13:00:00,90.36,96.14512,XGBoost,building_b
2023-10-06 14:00:00,94.6,95.29023,XGBoost,building_b
2023-10-06 15:00:00,89.42,93.52382,XGBoost,building_b
2023-10-06 16:00:00,89.51,86.159935,XGBoost,building_b
2023-10-06 17:00:00,72.06,74.36342,XGBoost,building_b
2023-10-06 18:00:00,43.81,53.37573,XGBoost,building_b
2023-10-06 19:00:00,30.88,36.585052,XGBoost,building_b
2023-10-06 20:00:00,27.98,26.314209,XGBoost,building_b
2023-10-06 21:00:00,24.04,24.710243,XGBoost,building_b
2023-10-06 22:00:00,22.21,23.922535,XGBoost,building_b
2023-10-06 23:00:00,20.92,23.427355,XGBoost,building_b
2023-10-07 00:00:00,26.51,24.250853,XGBoost,building_b
2023-10-07 01:00:00,27.47,26.20131,XGBoost,building_b
2023-10-07 02:00:00,27.42,26.511787,XGBoost,building_b
2023-10-07 03:00:00,25.59,26.286938,XGBoost,building_b
2023-10-07 04:00:00,27.82,25.376345,XGBoost,building_b
2023-10-07 05:00:00,23.29,27.818365,XGBoost,building_b
2023-10-07 06:00:00,23.13,26.423288,XGBoost,building_b
2023-10-07 07:00:00,26.53,26.206738,XGBoost,building_b
2023-10-07 08:00:00,23.26,27.129278,XGBoost,building_b
2023-10-07 09:00:00,22.5,26.335041,XGBoost,building_b
2023-10-07 10:00:00,24.26,25.962067,XGBoost,building_b
2023-10-07 11:00:00,25.07,25.616108,XGBoost,building_b
2023-10-07 12:00:00,27.09,26.148,XGBoost,building_b
2023-10-07 13:00:00,26.32,26.90996,XGBoost,building_b
2023-10-07 14:00:00,24.79,26.49048,XGBoost,building_b
2023-10-07 15:00:00,24.98,26.75823,XGBoost,building_b
2023-10-07 16:00:00,25.99,25.90607,XGBoost,building_b
2023-10-07 17:00:00,27.17,27.18363,XGBoost,building_b
2023-10-07 18:00:00,25.56,27.07932,XGBoost,building_b
2023-10-07 19:00:00,25.81,26.36475,XGBoost,building_b
2023-10-07 20:00:00,25.2,25.695925,XGBoost,building_b
2023-10-07 21:00:00,25.32,25.223742,XGBoost,building_b
2023-10-07 22:00:00,22.61,24.705421,XGBoost,building_b
2023-10-07 23:00:00,25.57,24.558441,XGBoost,building_b
2023-10-08 00:00:00,26.99,26.065327,XGBoost,building_b
2023-10-08 01:00:00,25.52,27.40045,XGBoost,building_b
2023-10-08 02:00:00,25.89,26.321787,XGBoost,building_b
2023-10-08 03:00:00,25.82,26.395597,XGBoost,building_b
2023-10-08 04:00:00,28.17,26.440815,XGBoost,building_b
2023-10-08 05:00:00,25.58,41.96243,XGBoost,building_b
2023-10-08 06:00:00,24.9,27.551838,XGBoost,building_b
2023-10-08 07:00:00,23.27,26.996483,XGBoost,building_b
2023-10-08 08:00:00,25.16,25.487125,XGBoost,building_b
2023-10-08 09:00:00,27.44,25.378695,XGBoost,building_b
2023-10-08 10:00:00,25.83,29.503933,XGBoost,building_b
2023-10-08 11:00:00,28.01,31.714422,XGBoost,building_b
2023-10-08 12:00:00,26.67,30.363913,XGBoost,building_b
2023-10-08 13:00:00,28.29,34.046734,XGBoost,building_b
2023-10-08 14:00:00,25.35,50.451622,XGBoost,building_b
2023-10-08 15:00:00,25.59,32.883392,XGBoost,building_b
2023-10-08 16:00:00,28.06,27.900206,XGBoost,building_b
2023-10-08 17:00:00,29.24,43.965923,XGBoost,building_b
2023-10-08 18:00:00,25.66,29.009264,XGBoost,building_b
2023-10-08 19:00:00,26.29,26.91403,XGBoost,building_b
2023-10-08 20:00:00,24.08,40.506138,XGBoost,building_b
2023-10-08 21:00:00,22.86,26.122478,XGBoost,building_b
2023-10-08 22:00:00,25.84,26.134735,XGBoost,building_b
2023-10-08 23:00:00,25.96,26.235239,XGBoost,building_b
2023-10-09 00:00:00,21.61,24.967876,XGBoost,building_b
2023-10-09 01:00:00,19.14,24.458094,XGBoost,building_b
2023-10-09 02:00:00,23.22,20.112406,XGBoost,building_b
2023-10-09 03:00:00,21.76,23.182365,XGBoost,building_b
2023-10-09 04:00:00,24.38,23.21991,XGBoost,building_b
2023-10-09 05:00:00,27.28,26.966888,XGBoost,building_b
2023-10-09 06:00:00,35.44,34.07298,XGBoost,building_b
2023-10-09 07:00:00,45.36,49.586906,XGBoost,building_b
2023-10-09 08:00:00,71.46,61.542473,XGBoost,building_b
2023-10-09 09:00:00,76.88,79.611786,XGBoost,building_b
2023-10-09 10:00:00,88.96,82.189896,XGBoost,building_b
2023-10-09 11:00:00,85.84,89.19636,XGBoost,building_b
2023-10-09 12:00:00,79.3,87.15692,XGBoost,building_b
2023-10-09 13:00:00,87.07,86.25511,XGBoost,building_b
2023-10-09 14:00:00,77.48,86.61243,XGBoost,building_b
2023-10-09 15:00:00,84.52,81.99095,XGBoost,building_b
2023-10-09 16:00:00,77.08,79.76423,XGBoost,building_b
2023-10-09 17:00:00,66.12,65.80559,XGBoost,building_b
2023-10-09 18:00:00,46.42,50.965706,XGBoost,building_b
2023-10-09 19:00:00,31.31,33.84114,XGBoost,building_b
2023-10-09 20:00:00,26.11,25.261675,XGBoost,building_b
2023-10-09 21:00:00,22.03,22.819319,XGBoost,building_b
2023-10-09 22:00:00,20.23,22.500124,XGBoost,building_b
2023-10-09 23:00:00,23.21,20.248474,XGBoost,building_b
2023-10-10 00:00:00,21.99,21.639866,XGBoost,building_b
2023-10-10 01:00:00,24.08,21.377766,XGBoost,building_b
2023-10-10 02:00:00,23.01,23.148026,XGBoost,building_b
2023-10-10 03:00:00,22.41,23.06584,XGBoost,building_b
2023-10-10 04:00:00,23.25,23.19908,XGBoost,building_b
2023-10-10 05:00:00,27.76,27.389761,XGBoost,building_b
2023-10-10 06:00:00,34.96,35.33683,XGBoost,building_b
2023-10-10 07:00:00,45.7,49.207523,XGBoost,building_b
2023-10-10 08:00:00,64.83,63.090755,XGBoost,building_b
2023-10-10 09:00:00,74.06,77.31224,XGBoost,building_b
2023-10-10 10:00:00,85.84,83.67136,XGBoost,building_b
2023-10-10 11:00:00,80.47,86.66659,XGBoost,building_b
2023-10-10 12:00:00,77.13,86.70531,XGBoost,building_b
2023-10-10 13:00:00,76.36,86.65221,XGBoost,building_b
2023-10-10 14:00:00,75.24,82.93328,XGBoost,building_b
2023-10-10 15:00:00,79.18,82.28664,XGBoost,building_b
2023-10-10 16:00:00,75.99,76.860565,XGBoost,building_b
2023-10-10 17:00:00,64.12,65.13304,XGBoost,building_b
2023-10-10 18:00:00,50.97,49.641293,XGBoost,building_b
2023-10-10 19:00:00,34.75,39.09748,XGBoost,building_b
2023-10-10 20:00:00,25.47,29.225342,XGBoost,building_b
2023-10-10 21:00:00,22.78,24.892689,XGBoost,building_b
2023-10-10 22:00:00,24.25,24.041687,XGBoost,building_b
2023-10-10 23:00:00,22.24,25.587675,XGBoost,building_b
2023-10-11 00:00:00,24.11,25.113333,XGBoost,building_b
2023-10-11 01:00:00,22.79,25.72918,XGBoost,building_b
2023-10-11 02:00:00,23.7,25.486713,XGBoost,building_b
2023-10-11 03:00:00,24.83,25.82075,XGBoost,building_b
2023-10-11 04:00:00,22.86,26.422878,XGBoost,building_b
2023-10-11 05:00:00,27.86,29.662504,XGBoost,building_b
2023-10-11 06:00:00,35.45,33.963947,XGBoost,building_b
2023-10-11 07:00:00,49.07,50.997063,XGBoost,building_b
2023-10-11 08:00:00,69.92,66.11364,XGBoost,building_b
2023-10-11 09:00:00,74.56,81.69628,XGBoost,building_b
2023-10-11 10:00:00,90.06,83.48601,XGBoost,building_b
2023-10-11 11:00:00,85.2,90.70051,XGBoost,building_b
2023-10-11 12:00:00,87.99,90.62149,XGBoost,building_b
2023-10-11 13:00:00,86.88499999999999,90.82559,XGBoost,building_b
2023-10-11 14:00:00,85.78,89.83835,XGBoost,building_b
2023-10-11 15:00:00,86.17,86.978806,XGBoost,building_b
2023-10-11 16:00:00,82.13,81.84135,XGBoost,building_b
2023-10-11 17:00:00,67.745,70.10313,XGBoost,building_b
2023-10-11 18:00:00,53.36,51.840816,XGBoost,building_b
2023-10-11 19:00:00,38.31,36.93281,XGBoost,building_b
2023-10-11 20:00:00,24.93,27.901173,XGBoost,building_b
2023-10-11 21:00:00,23.01,23.812622,XGBoost,building_b
2023-10-11 22:00:00,23.26,23.149998,XGBoost,building_b
2023-10-11 23:00:00,21.77,23.490492,XGBoost,building_b
2023-10-12 00:00:00,22.83,22.640097,XGBoost,building_b
2023-10-12 01:00:00,21.53,23.17702,XGBoost,building_b
2023-10-12 02:00:00,22.02,22.010891,XGBoost,building_b
2023-10-12 03:00:00,22.68,23.482742,XGBoost,building_b
2023-10-12 04:00:00,23.48,23.128502,XGBoost,building_b
2023-10-12 05:00:00,28.395000000000003,27.471573,XGBoost,building_b
2023-10-12 06:00:00,33.31,35.009205,XGBoost,building_b
2023-10-12 07:00:00,46.535000000000004,46.403862,XGBoost,building_b
2023-10-12 08:00:00,59.76,63.43499,XGBoost,building_b
2023-10-12 09:00:00,79.27,73.35076,XGBoost,building_b
2023-10-12 10:00:00,81.33,82.68625,XGBoost,building_b
2023-10-12 11:00:00,82.6,86.27289,XGBoost,building_b
2023-10-12 12:00:00,80.9,89.69092,XGBoost,building_b
2023-10-12 13:00:00,83.88,86.97964,XGBoost,building_b
2023-10-12 14:00:00,88.18,90.05935,XGBoost,building_b
2023-10-12 15:00:00,88.7,89.43934,XGBoost,building_b
2023-10-12 16:00:00,80.08,78.12809,XGBoost,building_b
2023-10-12 17:00:00,59.51,67.96585,XGBoost,building_b
2023-10-12 18:00:00,54.73,46.778675,XGBoost,building_b
2023-10-12 19:00:00,35.62,34.24376,XGBoost,building_b
2023-10-12 20:00:00,26.92,25.391024,XGBoost,building_b
2023-10-12 21:00:00,23.22,23.39297,XGBoost,building_b
2023-10-12 22:00:00,25.66,22.746496,XGBoost,building_b
2023-10-12 23:00:00,23.8,22.817947,XGBoost,building_b
2023-10-13 00:00:00,24.09,23.073612,XGBoost,building_b
2023-10-13 01:00:00,23.39,23.266651,XGBoost,building_b
2023-10-13 02:00:00,24.46,23.386963,XGBoost,building_b
2023-10-13 03:00:00,21.82,23.561434,XGBoost,building_b
2023-10-13 04:00:00,26.44,23.218023,XGBoost,building_b
2023-10-13 05:00:00,25.45,28.86041,XGBoost,building_b
2023-10-13 06:00:00,31.42,32.752094,XGBoost,building_b
2023-10-13 07:00:00,47.71,41.718834,XGBoost,building_b
2023-10-13 08:00:00,61.58,60.496674,XGBoost,building_b
2023-10-13 09:00:00,77.08,73.55728,XGBoost,building_b
2023-10-13 10:00:00,81.77,75.85936,XGBoost,building_b
2023-10-13 11:00:00,87.84,86.0231,XGBoost,building_b
2023-10-13 12:00:00,87.28,87.909096,XGBoost,building_b
2023-10-13 13:00:00,83.29,87.9102,XGBoost,building_b
2023-10-13 14:00:00,92.65,90.858154,XGBoost,building_b
2023-10-13 15:00:00,84.48,88.18427,XGBoost,building_b
2023-10-13 16:00:00,76.555,78.962685,XGBoost,building_b
2023-10-13 17:00:00,68.63,65.36496,XGBoost,building_b
2023-10-13 18:00:00,43.34,53.744316,XGBoost,building_b
2023-10-13 19:00:00,36.14,32.840008,XGBoost,building_b
2023-10-13 20:00:00,29.07,27.306492,XGBoost,building_b
2023-10-13 21:00:00,21.24,26.43731,XGBoost,building_b
2023-10-13 22:00:00,23.58,23.01007,XGBoost,building_b
2023-10-13 23:00:00,23.02,22.896492,XGBoost,building_b
2023-10-14 00:00:00,24.91,25.057444,XGBoost,building_b
2023-10-14 01:00:00,25.87,24.838543,XGBoost,building_b
2023-10-14 02:00:00,25.79,25.256624,XGBoost,building_b
2023-10-14 03:00:00,24.740000000000002,24.940653,XGBoost,building_b
2023-10-14 04:00:00,23.69,24.707079,XGBoost,building_b
2023-10-14 05:00:00,23.96,25.923597,XGBoost,building_b
2023-10-14 06:00:00,26.0,25.291367,XGBoost,building_b
2023-10-14 07:00:00,24.97,27.420359,XGBoost,building_b
2023-10-14 08:00:00,25.85,25.79681,XGBoost,building_b
2023-10-14 09:00:00,25.83,25.298517,XGBoost,building_b
2023-10-14 10:00:00,26.89,23.930304,XGBoost,building_b
2023-10-14 11:00:00,26.81,26.356108,XGBoost,building_b
2023-10-14 12:00:00,25.585,25.995876,XGBoost,building_b
2023-10-14 13:00:00,24.36,25.883856,XGBoost,building_b
2023-10-14 14:00:00,25.53,23.665123,XGBoost,building_b
2023-10-14 15:00:00,25.09,23.172749,XGBoost,building_b
2023-10-14 16:00:00,28.19,23.373976,XGBoost,building_b
2023-10-14 17:00:00,23.64,25.64793,XGBoost,building_b
2023-10-14 18:00:00,22.54,24.029186,XGBoost,building_b
2023-10-14 19:00:00,26.58,25.038774,XGBoost,building_b
2023-10-14 20:00:00,26.24,26.59032,XGBoost,building_b
2023-10-14 21:00:00,25.38,25.66713,XGBoost,building_b
2023-10-14 22:00:00,27.15,25.218277,XGBoost,building_b
2023-10-14 23:00:00,25.63,26.66431,XGBoost,building_b
2023-10-15 00:00:00,25.53,25.165302,XGBoost,building_b
2023-10-15 01:00:00,24.61,25.165825,XGBoost,building_b
2023-10-15 02:00:00,25.72,25.25983,XGBoost,building_b
2023-10-15 03:00:00,26.73,24.681822,XGBoost,building_b
2023-10-15 04:00:00,24.23,27.411037,XGBoost,building_b
2023-10-15 05:00:00,27.2,26.029694,XGBoost,building_b
2023-10-15 06:00:00,27.49,27.655066,XGBoost,building_b
2023-10-15 07:00:00,24.99,35.39246,XGBoost,building_b
2023-10-15 08:00:00,24.68,26.157856,XGBoost,building_b
2023-10-15 09:00:00,24.22,27.0949,XGBoost,building_b
2023-10-15 10:00:00,27.48,30.370714,XGBoost,building_b
2023-10-15 11:00:00,21.51,39.74328,XGBoost,building_b
2023-10-15 12:00:00,28.88,26.004564,XGBoost,building_b
2023-10-15 13:00:00,26.84,28.964678,XGBoost,building_b
2023-10-15 14:00:00,30.29,30.047752,XGBoost,building_b
2023-10-15 15:00:00,26.46,33.395157,XGBoost,building_b
2023-10-15 16:00:00,28.2,28.508097,XGBoost,building_b
2023-10-15 17:00:00,27.72,37.39809,XGBoost,building_b
2023-10-15 18:00:00,24.98,25.774395,XGBoost,building_b
2023-10-15 19:00:00,25.35,25.180632,XGBoost,building_b
2023-10-15 20:00:00,24.49,23.786531,XGBoost,building_b
2023-10-15 21:00:00,25.01,23.501526,XGBoost,building_b
2023-10-15 22:00:00,25.89,23.697447,XGBoost,building_b
2023-10-15 23:00:00,26.32,25.775768,XGBoost,building_b
2023-10-16 00:00:00,22.8,24.329805,XGBoost,building_b
2023-10-16 01:00:00,21.07,23.205906,XGBoost,building_b
2023-10-16 02:00:00,19.11,22.516712,XGBoost,building_b
2023-10-16 03:00:00,23.01,19.380222,XGBoost,building_b
2023-10-16 04:00:00,22.9,22.127659,XGBoost,building_b
2023-10-16 05:00:00,27.51,25.984972,XGBoost,building_b
2023-10-16 06:00:00,32.97,33.68854,XGBoost,building_b
2023-10-16 07:00:00,52.77,40.957954,XGBoost,building_b
2023-10-16 08:00:00,65.34,62.41647,XGBoost,building_b
2023-10-16 09:00:00,78.8,67.078415,XGBoost,building_b
2023-10-16 10:00:00,82.52,81.56035,XGBoost,building_b
2023-10-16 11:00:00,100.82,88.89206,XGBoost,building_b
2023-10-16 12:00:00,90.13,96.01158,XGBoost,building_b
2023-10-16 13:00:00,90.28,94.697556,XGBoost,building_b
2023-10-16 14:00:00,92.74,95.68242,XGBoost,building_b
2023-10-16 15:00:00,82.82,91.3791,XGBoost,building_b
2023-10-16 16:00:00,85.67,84.660034,XGBoost,building_b
2023-10-16 17:00:00,77.84,73.709915,XGBoost,building_b
2023-10-16 18:00:00,57.79,51.950825,XGBoost,building_b
2023-10-16 19:00:00,33.53,37.8668,XGBoost,building_b
2023-10-16 20:00:00,25.51,26.65461,XGBoost,building_b
2023-10-16 21:00:00,25.49,22.88253,XGBoost,building_b
2023-10-16 22:00:00,24.05,23.0014,XGBoost,building_b
2023-10-16 23:00:00,23.93,23.953709,XGBoost,building_b
2023-10-17 00:00:00,24.39,22.454184,XGBoost,building_b
2023-10-17 01:00:00,20.12,22.735567,XGBoost,building_b
2023-10-17 02:00:00,22.96,19.506952,XGBoost,building_b
2023-10-17 03:00:00,22.93,22.552605,XGBoost,building_b
2023-10-17 04:00:00,22.4,23.242765,XGBoost,building_b
2023-10-17 05:00:00,25.33,27.39538,XGBoost,building_b
2023-10-17 06:00:00,35.89,33.21561,XGBoost,building_b
2023-10-17 07:00:00,51.22,51.559204,XGBoost,building_b
2023-10-17 08:00:00,69.29,65.96559,XGBoost,building_b
2023-10-17 09:00:00,68.67,76.02889,XGBoost,building_b
2023-10-17 10:00:00,82.51,78.869644,XGBoost,building_b
2023-10-17 11:00:00,86.22,84.708084,XGBoost,building_b
2023-10-17 12:00:00,79.5,88.71641,XGBoost,building_b
2023-10-17 13:00:00,93.26,90.551636,XGBoost,building_b
2023-10-17 14:00:00,79.29,92.33623,XGBoost,building_b
2023-10-17 15:00:00,87.35,90.15227,XGBoost,building_b
2023-10-17 16:00:00,89.86,84.06165,XGBoost,building_b
2023-10-17 17:00:00,74.83,75.197014,XGBoost,building_b
2023-10-17 18:00:00,56.12,53.757835,XGBoost,building_b
2023-10-17 19:00:00,35.16,37.698513,XGBoost,building_b
2023-10-17 20:00:00,28.95,27.525387,XGBoost,building_b
2023-10-17 21:00:00,23.51,25.172773,XGBoost,building_b
2023-10-17 22:00:00,22.9,22.593082,XGBoost,building_b
2023-10-17 23:00:00,22.86,22.266754,XGBoost,building_b
2023-10-18 00:00:00,22.5,22.236855,XGBoost,building_b
2023-10-18 01:00:00,23.28,22.208979,XGBoost,building_b
2023-10-18 02:00:00,22.82,23.525589,XGBoost,building_b
2023-10-18 03:00:00,19.31,23.393097,XGBoost,building_b
2023-10-18 04:00:00,26.04,20.593395,XGBoost,building_b
2023-10-18 05:00:00,27.0,28.086794,XGBoost,building_b
2023-10-18 06:00:00,34.56,34.912888,XGBoost,building_b
2023-10-18 07:00:00,51.12,50.589554,XGBoost,building_b
2023-10-18 08:00:00,70.73,66.440926,XGBoost,building_b
2023-10-18 09:00:00,73.47,77.09459,XGBoost,building_b
2023-10-18 10:00:00,82.25,82.57784,XGBoost,building_b
2023-10-18 11:00:00,90.76,91.96398,XGBoost,building_b
2023-10-18 12:00:00,99.19,95.96045,XGBoost,building_b
2023-10-18 13:00:00,98.235,98.56265,XGBoost,building_b
2023-10-18 14:00:00,97.28,98.47082,XGBoost,building_b
2023-10-18 15:00:00,92.3,93.26409,XGBoost,building_b
2023-10-18 16:00:00,83.18,85.00812,XGBoost,building_b
2023-10-18 17:00:00,69.81,71.85504,XGBoost,building_b
2023-10-18 18:00:00,49.36,61.264034,XGBoost,building_b
2023-10-18 19:00:00,34.55,37.798985,XGBoost,building_b
2023-10-18 20:00:00,25.98,27.573103,XGBoost,building_b
2023-10-18 21:00:00,22.85,23.646524,XGBoost,building_b
2023-10-18 22:00:00,21.05,22.704245,XGBoost,building_b
2023-10-18 23:00:00,22.3,21.730862,XGBoost,building_b
2023-10-19 00:00:00,20.77,22.583088,XGBoost,building_b
2023-10-19 01:00:00,20.82,21.476154,XGBoost,building_b
2023-10-19 02:00:00,22.27,21.013956,XGBoost,building_b
2023-10-19 03:00:00,22.6,22.102438,XGBoost,building_b
2023-10-19 04:00:00,23.98,24.549126,XGBoost,building_b
2023-10-19 05:00:00,25.19,28.233477,XGBoost,building_b
2023-10-19 06:00:00,33.94,33.025608,XGBoost,building_b
2023-10-19 07:00:00,49.56,43.356346,XGBoost,building_b
2023-10-19 08:00:00,67.94,65.25136,XGBoost,building_b
2023-10-19 09:00:00,77.54,76.92053,XGBoost,building_b
2023-10-19 10:00:00,87.35,83.841774,XGBoost,building_b
2023-10-19 11:00:00,79.51,88.89351,XGBoost,building_b
2023-10-19 12:00:00,84.255,88.17502,XGBoost,building_b
2023-10-19 13:00:00,89.0,89.37593,XGBoost,building_b
2023-10-19 14:00:00,78.96,89.48619,XGBoost,building_b
2023-10-19 15:00:00,78.06,86.11824,XGBoost,building_b
2023-10-19 16:00:00,79.13,79.505,XGBoost,building_b
2023-10-19 17:00:00,64.4,66.26429,XGBoost,building_b
2023-10-19 18:00:00,54.19,51.934082,XGBoost,building_b
2023-10-19 19:00:00,36.97,37.04574,XGBoost,building_b
2023-10-19 20:00:00,26.6,27.978642,XGBoost,building_b
2023-10-19 21:00:00,26.0,26.282925,XGBoost,building_b
2023-10-19 22:00:00,22.81,23.957775,XGBoost,building_b
2023-10-19 23:00:00,24.91,23.121094,XGBoost,building_b
2023-10-20 00:00:00,20.76,23.482042,XGBoost,building_b
2023-10-20 01:00:00,23.74,21.385149,XGBoost,building_b
2023-10-20 02:00:00,22.21,23.439356,XGBoost,building_b
2023-10-20 03:00:00,22.32,24.284058,XGBoost,building_b
2023-10-20 04:00:00,22.91,24.32555,XGBoost,building_b
2023-10-20 05:00:00,24.95,27.08392,XGBoost,building_b
2023-10-20 06:00:00,34.61,32.241005,XGBoost,building_b
2023-10-20 07:00:00,51.76,49.676865,XGBoost,building_b
2023-10-20 08:00:00,64.59,65.22477,XGBoost,building_b
2023-10-20 09:00:00,69.07,77.877174,XGBoost,building_b
2023-10-20 10:00:00,72.80999999999999,79.802765,XGBoost,building_b
2023-10-20 11:00:00,76.55,82.42829,XGBoost,building_b
2023-10-20 12:00:00,88.99,88.45308,XGBoost,building_b
2023-10-20 13:00:00,77.6,88.82672,XGBoost,building_b
2023-10-20 14:00:00,84.37,86.87129,XGBoost,building_b
2023-10-20 15:00:00,83.12,86.42397,XGBoost,building_b
2023-10-20 16:00:00,73.79,81.22284,XGBoost,building_b
2023-10-20 17:00:00,76.18,65.99515,XGBoost,building_b
2023-10-20 18:00:00,50.49,47.378727,XGBoost,building_b
2023-10-20 19:00:00,36.79,36.36605,XGBoost,building_b
2023-10-20 20:00:00,30.81,27.861824,XGBoost,building_b
2023-10-20 21:00:00,22.89,25.986519,XGBoost,building_b
2023-10-20 22:00:00,23.59,23.27861,XGBoost,building_b
2023-10-20 23:00:00,25.82,23.314129,XGBoost,building_b
2023-10-21 00:00:00,23.02,25.892956,XGBoost,building_b
2023-10-21 01:00:00,26.59,25.655384,XGBoost,building_b
2023-10-21 02:00:00,26.85,26.364834,XGBoost,building_b
2023-10-21 03:00:00,25.85,26.419268,XGBoost,building_b
2023-10-21 04:00:00,27.21,25.830435,XGBoost,building_b
2023-10-21 05:00:00,27.29,27.339808,XGBoost,building_b
2023-10-21 06:00:00,24.39,27.72545,XGBoost,building_b
2023-10-21 07:00:00,24.87,26.881495,XGBoost,building_b
2023-10-21 08:00:00,25.15,26.669825,XGBoost,building_b
2023-10-21 09:00:00,22.59,29.499952,XGBoost,building_b
2023-10-21 10:00:00,24.5,26.194498,XGBoost,building_b
2023-10-21 11:00:00,26.41,26.50989,XGBoost,building_b
2023-10-21 12:00:00,28.32,26.882357,XGBoost,building_b
2023-10-21 13:00:00,23.3,28.10346,XGBoost,building_b
2023-10-21 14:00:00,22.39,26.182846,XGBoost,building_b
2023-10-21 15:00:00,26.68,29.192648,XGBoost,building_b
2023-10-21 16:00:00,25.18,26.830664,XGBoost,building_b
2023-10-21 17:00:00,25.03,26.624744,XGBoost,building_b
2023-10-21 18:00:00,26.88,25.927917,XGBoost,building_b
2023-10-21 19:00:00,25.83,28.436459,XGBoost,building_b
2023-10-21 20:00:00,24.39,27.098465,XGBoost,building_b
2023-10-21 21:00:00,26.02,25.39638,XGBoost,building_b
2023-10-21 22:00:00,27.16,26.296545,XGBoost,building_b
2023-10-21 23:00:00,26.2,27.82662,XGBoost,building_b
2023-10-22 00:00:00,22.98,25.836147,XGBoost,building_b
2023-10-22 01:00:00,25.74,25.354406,XGBoost,building_b
2023-10-22 02:00:00,26.08,26.39461,XGBoost,building_b
2023-10-22 03:00:00,27.18,26.853748,XGBoost,building_b
2023-10-22 04:00:00,26.78,27.738182,XGBoost,building_b
2023-10-22 05:00:00,27.54,35.993927,XGBoost,building_b
2023-10-22 06:00:00,27.06,28.157444,XGBoost,building_b
2023-10-22 07:00:00,26.73,28.532707,XGBoost,building_b
2023-10-22 08:00:00,25.95,28.435165,XGBoost,building_b
2023-10-22 09:00:00,28.76,28.954126,XGBoost,building_b
2023-10-22 10:00:00,27.78,44.95967,XGBoost,building_b
2023-10-22 11:00:00,25.29,31.85025,XGBoost,building_b
2023-10-22 12:00:00,26.07,27.131853,XGBoost,building_b
2023-10-22 13:00:00,23.32,33.816578,XGBoost,building_b
2023-10-22 14:00:00,28.67,30.9118,XGBoost,building_b
2023-10-22 15:00:00,24.99,27.340908,XGBoost,building_b
2023-10-22 16:00:00,27.97,26.870535,XGBoost,building_b
2023-10-22 17:00:00,26.49,26.871851,XGBoost,building_b
2023-10-22 18:00:00,26.06,28.033876,XGBoost,building_b
2023-10-22 19:00:00,24.95,27.024687,XGBoost,building_b
2023-10-22 20:00:00,26.25,24.882069,XGBoost,building_b
2023-10-22 21:00:00,26.05,26.227524,XGBoost,building_b
2023-10-22 22:00:00,22.21,26.45189,XGBoost,building_b
2023-10-22 23:00:00,24.87,25.768412,XGBoost,building_b
2023-10-23 00:00:00,21.48,23.362774,XGBoost,building_b
2023-10-23 01:00:00,22.51,23.121103,XGBoost,building_b
2023-10-23 02:00:00,22.39,23.858574,XGBoost,building_b
2023-10-23 03:00:00,21.65,23.862179,XGBoost,building_b
2023-10-23 04:00:00,23.38,23.730936,XGBoost,building_b
2023-10-23 05:00:00,26.73,27.38386,XGBoost,building_b
2023-10-23 06:00:00,31.63,35.449844,XGBoost,building_b
2023-10-23 07:00:00,48.21,50.3976,XGBoost,building_b
2023-10-23 08:00:00,65.88,62.99761,XGBoost,building_b
2023-10-23 09:00:00,72.34,75.78832,XGBoost,building_b
2023-10-23 10:00:00,83.71,81.087715,XGBoost,building_b
2023-10-23 11:00:00,84.08,88.0438,XGBoost,building_b
2023-10-23 12:00:00,82.39,88.96796,XGBoost,building_b
2023-10-23 13:00:00,80.7,86.661964,XGBoost,building_b
2023-10-23 14:00:00,79.86,85.625534,XGBoost,building_b
2023-10-23 15:00:00,78.1,82.20511,XGBoost,building_b
2023-10-23 16:00:00,68.1,78.6962,XGBoost,building_b
2023-10-23 17:00:00,73.76,62.65069,XGBoost,building_b
2023-10-23 18:00:00,47.55,50.043976,XGBoost,building_b
2023-10-23 19:00:00,37.52,35.477688,XGBoost,building_b
2023-10-23 20:00:00,29.41,29.45597,XGBoost,building_b
2023-10-23 21:00:00,25.44,27.397377,XGBoost,building_b
2023-10-23 22:00:00,21.02,25.147943,XGBoost,building_b
2023-10-23 23:00:00,21.82,24.26347,XGBoost,building_b
2023-10-24 00:00:00,27.77,25.0777,XGBoost,building_b
2023-10-24 01:00:00,25.41,26.912071,XGBoost,building_b
2023-10-24 02:00:00,26.56,25.6103,XGBoost,building_b
2023-10-24 03:00:00,26.42,26.915989,XGBoost,building_b
2023-10-24 04:00:00,22.38,28.069458,XGBoost,building_b
2023-10-24 05:00:00,26.52,28.48295,XGBoost,building_b
2023-10-24 06:00:00,25.06,33.90585,XGBoost,building_b
2023-10-24 07:00:00,26.59,34.606174,XGBoost,building_b
2023-10-24 08:00:00,23.58,29.10287,XGBoost,building_b
2023-10-24 09:00:00,26.23,25.481018,XGBoost,building_b
2023-10-24 10:00:00,26.57,26.716148,XGBoost,building_b
2023-10-24 11:00:00,24.31,27.798485,XGBoost,building_b
2023-10-24 12:00:00,26.63,25.503397,XGBoost,building_b
2023-10-24 13:00:00,25.43,26.860426,XGBoost,building_b
2023-10-24 14:00:00,25.98,25.410376,XGBoost,building_b
2023-10-24 15:00:00,27.13,26.347342,XGBoost,building_b
2023-10-24 16:00:00,25.84,25.795128,XGBoost,building_b
2023-10-24 17:00:00,27.99,25.143602,XGBoost,building_b
2023-10-24 18:00:00,25.28,25.699709,XGBoost,building_b
2023-10-24 19:00:00,24.33,30.53243,XGBoost,building_b
2023-10-24 20:00:00,24.91,24.920885,XGBoost,building_b
2023-10-24 21:00:00,26.62,24.126429,XGBoost,building_b
2023-10-24 22:00:00,26.1,25.430115,XGBoost,building_b
2023-10-24 23:00:00,24.97,24.885603,XGBoost,building_b
2023-10-25 00:00:00,22.02,24.137655,XGBoost,building_b
2023-10-25 01:00:00,23.19,23.95297,XGBoost,building_b
2023-10-25 02:00:00,20.8,23.909029,XGBoost,building_b
2023-10-25 03:00:00,22.29,22.027128,XGBoost,building_b
2023-10-25 04:00:00,22.76,23.274742,XGBoost,building_b
2023-10-25 05:00:00,27.96,27.376303,XGBoost,building_b
2023-10-25 06:00:00,37.45,34.90464,XGBoost,building_b
2023-10-25 07:00:00,52.93,50.730015,XGBoost,building_b
2023-10-25 08:00:00,71.84,66.45226,XGBoost,building_b
2023-10-25 09:00:00,73.61,80.28506,XGBoost,building_b
2023-10-25 10:00:00,75.68,82.518036,XGBoost,building_b
2023-10-25 11:00:00,94.36,85.22213,XGBoost,building_b
2023-10-25 12:00:00,80.89,89.09964,XGBoost,building_b
2023-10-25 13:00:00,89.12,86.830505,XGBoost,building_b
2023-10-25 14:00:00,82.89,86.79181,XGBoost,building_b
2023-10-25 15:00:00,85.19,83.241425,XGBoost,building_b
2023-10-25 16:00:00,77.17,77.548096,XGBoost,building_b
2023-10-25 17:00:00,60.86,66.800255,XGBoost,building_b
2023-10-25 18:00:00,45.13,49.276867,XGBoost,building_b
2023-10-25 19:00:00,33.0,34.90009,XGBoost,building_b
2023-10-25 20:00:00,26.8,26.062794,XGBoost,building_b
2023-10-25 21:00:00,24.58,24.438784,XGBoost,building_b
2023-10-25 22:00:00,23.04,23.92511,XGBoost,building_b
2023-10-25 23:00:00,23.45,23.380655,XGBoost,building_b
2023-10-26 00:00:00,23.02,22.955172,XGBoost,building_b
2023-10-26 01:00:00,22.52,23.180477,XGBoost,building_b
2023-10-26 02:00:00,22.02,23.036907,XGBoost,building_b
2023-10-26 03:00:00,26.4,23.612661,XGBoost,building_b
2023-10-26 04:00:00,23.69,25.402927,XGBoost,building_b
2023-10-26 05:00:00,30.1,26.969923,XGBoost,building_b
2023-10-26 06:00:00,32.74,43.60869,XGBoost,building_b
2023-10-26 07:00:00,56.64,47.7115,XGBoost,building_b
2023-10-26 08:00:00,68.23,71.262314,XGBoost,building_b
2023-10-26 09:00:00,72.26,72.84351,XGBoost,building_b
2023-10-26 10:00:00,89.31,78.8295,XGBoost,building_b
2023-10-26 11:00:00,86.26,90.31158,XGBoost,building_b
2023-10-26 12:00:00,79.07,87.47168,XGBoost,building_b
2023-10-26 13:00:00,87.91,86.29254,XGBoost,building_b
2023-10-26 14:00:00,83.59,88.77211,XGBoost,building_b
2023-10-26 15:00:00,82.66,86.04399,XGBoost,building_b
2023-10-26 16:00:00,75.0,80.244286,XGBoost,building_b
2023-10-26 17:00:00,67.96,65.025406,XGBoost,building_b
2023-10-26 18:00:00,46.19,49.495964,XGBoost,building_b
2023-10-26 19:00:00,37.41,33.991886,XGBoost,building_b
2023-10-26 20:00:00,29.16,26.27669,XGBoost,building_b
2023-10-26 21:00:00,23.8,24.125107,XGBoost,building_b
2023-10-26 22:00:00,24.82,23.113077,XGBoost,building_b
2023-10-26 23:00:00,27.34,23.422228,XGBoost,building_b
2023-10-27 00:00:00,22.39,23.912287,XGBoost,building_b
2023-10-27 01:00:00,21.53,23.490637,XGBoost,building_b
2023-10-27 02:00:00,21.72,21.619432,XGBoost,building_b
2023-10-27 03:00:00,22.34,23.549267,XGBoost,building_b
2023-10-27 04:00:00,23.92,23.09007,XGBoost,building_b
2023-10-27 05:00:00,24.3,27.060358,XGBoost,building_b
2023-10-27 06:00:00,39.07,31.320032,XGBoost,building_b
2023-10-27 07:00:00,52.56,52.418568,XGBoost,building_b
2023-10-27 08:00:00,64.35,64.90567,XGBoost,building_b
2023-10-27 09:00:00,81.71,69.28441,XGBoost,building_b
2023-10-27 10:00:00,77.84,84.398445,XGBoost,building_b
2023-10-27 11:00:00,88.25,88.33961,XGBoost,building_b
2023-10-27 12:00:00,75.16,87.08694,XGBoost,building_b
2023-10-27 13:00:00,93.64,83.64864,XGBoost,building_b
2023-10-27 14:00:00,81.17,91.00515,XGBoost,building_b
2023-10-27 15:00:00,80.79,83.90284,XGBoost,building_b
2023-10-27 16:00:00,72.75,81.1463,XGBoost,building_b
2023-10-27 17:00:00,63.17,66.09534,XGBoost,building_b
2023-10-27 18:00:00,52.47,47.50445,XGBoost,building_b
2023-10-27 19:00:00,38.36,35.850494,XGBoost,building_b
2023-10-27 20:00:00,25.89,26.770523,XGBoost,building_b
2023-10-27 21:00:00,25.34,22.547756,XGBoost,building_b
2023-10-27 22:00:00,21.43,23.400644,XGBoost,building_b
2023-10-27 23:00:00,20.35,22.132519,XGBoost,building_b
2023-10-28 00:00:00,23.15,23.897676,XGBoost,building_b
2023-10-28 01:00:00,25.369999999999997,24.094128,XGBoost,building_b
2023-10-28 02:00:00,27.59,24.683554,XGBoost,building_b
2023-10-28 03:00:00,25.86,25.988207,XGBoost,building_b
2023-10-28 04:00:00,24.18,25.898718,XGBoost,building_b
2023-10-28 05:00:00,23.03,25.972036,XGBoost,building_b
2023-10-28 06:00:00,26.24,25.642761,XGBoost,building_b
2023-10-28 07:00:00,25.37,26.612093,XGBoost,building_b
2023-10-28 08:00:00,24.2,24.468512,XGBoost,building_b
2023-10-28 09:00:00,24.93,24.011755,XGBoost,building_b
2023-10-28 10:00:00,25.65,25.22952,XGBoost,building_b
2023-10-28 11:00:00,21.72,25.31054,XGBoost,building_b
2023-10-28 12:00:00,25.64,24.46803,XGBoost,building_b
2023-10-28 13:00:00,24.4,24.411947,XGBoost,building_b
2023-10-28 14:00:00,23.4,24.944365,XGBoost,building_b
2023-10-28 15:00:00,28.47,24.601942,XGBoost,building_b
2023-10-28 16:00:00,25.58,25.254402,XGBoost,building_b
2023-10-28 17:00:00,24.57,24.606253,XGBoost,building_b
2023-10-28 18:00:00,26.34,24.632822,XGBoost,building_b
2023-10-28 19:00:00,22.95,25.618504,XGBoost,building_b
2023-10-28 20:00:00,26.68,24.160349,XGBoost,building_b
2023-10-28 21:00:00,24.49,26.939465,XGBoost,building_b
2023-10-28 22:00:00,24.43,25.100029,XGBoost,building_b
2023-10-28 23:00:00,29.52,24.395758,XGBoost,building_b
2023-10-29 00:00:00,25.67,27.00459,XGBoost,building_b
2023-10-29 01:00:00,24.44,25.714237,XGBoost,building_b
2023-10-29 02:00:00,23.21,25.32999,XGBoost,building_b
2023-10-29 03:00:00,26.57,26.604076,XGBoost,building_b
2023-10-29 04:00:00,24.39,26.918419,XGBoost,building_b
2023-10-29 05:00:00,29.3,25.685154,XGBoost,building_b
2023-10-29 06:00:00,24.1,29.31537,XGBoost,building_b
2023-10-29 07:00:00,25.97,26.49175,XGBoost,building_b
2023-10-29 08:00:00,28.54,25.667889,XGBoost,building_b
2023-10-29 09:00:00,26.41,32.71488,XGBoost,building_b
2023-10-29 10:00:00,27.16,26.94078,XGBoost,building_b
2023-10-29 11:00:00,28.28,35.657253,XGBoost,building_b
2023-10-29 12:00:00,27.94,29.156288,XGBoost,building_b
2023-10-29 13:00:00,27.12,45.45247,XGBoost,building_b
2023-10-29 14:00:00,28.44,22.745441,XGBoost,building_b
2023-10-29 15:00:00,27.5,24.812813,XGBoost,building_b
2023-10-29 16:00:00,25.27,25.545504,XGBoost,building_b
2023-10-29 17:00:00,28.87,24.653048,XGBoost,building_b
2023-10-29 18:00:00,26.91,25.777615,XGBoost,building_b
2023-10-29 19:00:00,26.95,24.775595,XGBoost,building_b
2023-10-29 20:00:00,24.14,25.909298,XGBoost,building_b
2023-10-29 21:00:00,23.34,24.865396,XGBoost,building_b
2023-10-29 22:00:00,26.23,24.06223,XGBoost,building_b
2023-10-29 23:00:00,26.55,25.417175,XGBoost,building_b
2023-10-30 00:00:00,21.58,25.214172,XGBoost,building_b
2023-10-30 01:00:00,21.95,23.355711,XGBoost,building_b
2023-10-30 02:00:00,22.94,22.93767,XGBoost,building_b
2023-10-30 03:00:00,22.56,23.704165,XGBoost,building_b
2023-10-30 04:00:00,25.41,23.63646,XGBoost,building_b
2023-10-30 05:00:00,27.02,27.71594,XGBoost,building_b
2023-10-30 06:00:00,32.61,31.555664,XGBoost,building_b
2023-10-30 07:00:00,51.0,49.910843,XGBoost,building_b
2023-10-30 08:00:00,61.35,61.339542,XGBoost,building_b
2023-10-30 09:00:00,83.91,68.39318,XGBoost,building_b
2023-10-30 10:00:00,74.31,83.029495,XGBoost,building_b
2023-10-30 11:00:00,81.29,82.75354,XGBoost,building_b
2023-10-30 12:00:00,79.09,86.15122,XGBoost,building_b
2023-10-30 13:00:00,87.47,86.02453,XGBoost,building_b
2023-10-30 14:00:00,91.8,90.906,XGBoost,building_b
2023-10-30 15:00:00,74.89,89.053635,XGBoost,building_b
2023-10-30 16:00:00,74.33,77.13747,XGBoost,building_b
2023-10-30 17:00:00,62.9,65.408775,XGBoost,building_b
2023-10-30 18:00:00,46.63,48.303387,XGBoost,building_b
2023-10-30 19:00:00,35.24,33.809826,XGBoost,building_b
2023-10-30 20:00:00,28.55,25.564266,XGBoost,building_b
2023-10-30 21:00:00,24.82,23.731966,XGBoost,building_b
2023-10-30 22:00:00,26.08,22.772919,XGBoost,building_b
2023-10-30 23:00:00,21.88,23.123583,XGBoost,building_b
2023-10-31 00:00:00,21.91,23.136919,XGBoost,building_b
2023-10-31 01:00:00,21.97,22.475214,XGBoost,building_b
2023-10-31 02:00:00,22.95,22.952301,XGBoost,building_b
2023-10-31 03:00:00,22.24,23.222689,XGBoost,building_b
2023-10-31 04:00:00,23.85,23.992046,XGBoost,building_b
2023-10-31 05:00:00,27.99,27.125914,XGBoost,building_b
2023-10-31 06:00:00,35.35,31.255657,XGBoost,building_b
2023-10-31 07:00:00,45.95,49.604027,XGBoost,building_b
2023-10-31 08:00:00,72.8,65.91958,XGBoost,building_b
2023-10-31 09:00:00,64.56,75.5186,XGBoost,building_b
2023-10-31 10:00:00,84.13,79.08382,XGBoost,building_b
2023-10-31 11:00:00,79.43,85.48061,XGBoost,building_b
2023-10-31 12:00:00,83.55,88.683014,XGBoost,building_b
2023-10-31 13:00:00,81.8,89.54748,XGBoost,building_b
2023-10-31 14:00:00,98.74,88.53941,XGBoost,building_b
2023-10-31 15:00:00,67.06,89.19832,XGBoost,building_b
2023-10-31 16:00:00,84.25,79.665306,XGBoost,building_b
2023-10-31 17:00:00,64.25,67.12748,XGBoost,building_b
2023-10-31 18:00:00,52.45,49.022213,XGBoost,building_b
2023-10-31 19:00:00,34.85,35.344982,XGBoost,building_b
2023-10-31 20:00:00,26.09,27.82785,XGBoost,building_b
2023-10-31 21:00:00,24.25,24.580242,XGBoost,building_b
2023-10-31 22:00:00,22.06,24.512177,XGBoost,building_b
2023-10-31 23:00:00,23.23,22.928944,XGBoost,building_b
2023-11-01 00:00:00,21.73,22.899334,XGBoost,building_b
2023-11-01 01:00:00,22.09,22.60052,XGBoost,building_b
2023-11-01 02:00:00,23.28,23.376822,XGBoost,building_b
2023-11-01 03:00:00,24.69,22.498783,XGBoost,building_b
2023-11-01 04:00:00,22.64,24.217258,XGBoost,building_b
2023-11-01 05:00:00,27.77,26.268003,XGBoost,building_b
2023-11-01 06:00:00,34.75,34.012104,XGBoost,building_b
2023-11-01 07:00:00,44.9,51.08629,XGBoost,building_b
2023-11-01 08:00:00,65.6,61.479206,XGBoost,building_b
2023-11-01 09:00:00,81.04,78.142334,XGBoost,building_b
2023-11-01 10:00:00,77.36,84.16684,XGBoost,building_b
2023-11-01 11:00:00,78.25,87.635635,XGBoost,building_b
2023-11-01 12:00:00,80.94,88.75099,XGBoost,building_b
2023-11-01 13:00:00,79.96,87.518745,XGBoost,building_b
2023-11-01 14:00:00,81.89,90.014305,XGBoost,building_b
2023-11-01 15:00:00,83.34,82.85248,XGBoost,building_b
2023-11-01 16:00:00,76.75,81.78546,XGBoost,building_b
2023-11-01 17:00:00,65.44,66.51554,XGBoost,building_b
2023-11-01 18:00:00,49.73,50.614616,XGBoost,building_b
2023-11-01 19:00:00,34.93,37.72784,XGBoost,building_b
2023-11-01 20:00:00,29.060000000000002,29.390535,XGBoost,building_b
2023-11-01 21:00:00,23.19,27.151325,XGBoost,building_b
2023-11-01 22:00:00,23.72,25.109354,XGBoost,building_b
2023-11-01 23:00:00,20.84,24.86675,XGBoost,building_b
2023-11-02 00:00:00,21.53,23.743662,XGBoost,building_b
2023-11-02 01:00:00,23.95,23.924677,XGBoost,building_b
2023-11-02 02:00:00,23.13,25.181677,XGBoost,building_b
2023-11-02 03:00:00,22.83,25.85465,XGBoost,building_b
2023-11-02 04:00:00,23.19,25.469706,XGBoost,building_b
2023-11-02 05:00:00,24.81,29.56985,XGBoost,building_b
2023-11-02 06:00:00,30.97,32.211403,XGBoost,building_b
2023-11-02 07:00:00,50.33,39.062782,XGBoost,building_b
2023-11-02 08:00:00,62.55,65.921646,XGBoost,building_b
2023-11-02 09:00:00,77.18,76.14733,XGBoost,building_b
2023-11-02 10:00:00,78.72,80.00175,XGBoost,building_b
2023-11-02 11:00:00,82.54,85.08289,XGBoost,building_b
2023-11-02 12:00:00,86.44,90.88749,XGBoost,building_b
2023-11-02 13:00:00,83.51,91.68375,XGBoost,building_b
2023-11-02 14:00:00,89.92,96.17104,XGBoost,building_b
2023-11-02 15:00:00,85.43,88.380875,XGBoost,building_b
2023-11-02 16:00:00,86.81,82.29294,XGBoost,building_b
2023-11-02 17:00:00,65.18,71.41403,XGBoost,building_b
2023-11-02 18:00:00,49.91,51.098495,XGBoost,building_b
2023-11-02 19:00:00,32.05,36.71437,XGBoost,building_b
2023-11-02 20:00:00,27.18,26.595444,XGBoost,building_b
2023-11-02 21:00:00,23.06,24.129116,XGBoost,building_b
2023-11-02 22:00:00,22.78,23.202757,XGBoost,building_b
2023-11-02 23:00:00,23.34,23.297213,XGBoost,building_b
2023-11-03 00:00:00,20.77,23.007578,XGBoost,building_b
2023-11-03 01:00:00,0.0,21.886808,XGBoost,building_b
2023-11-03 02:00:00,23.21,22.85271,XGBoost,building_b
2023-11-03 03:00:00,23.99,23.83472,XGBoost,building_b
2023-11-03 04:00:00,25.6,24.782177,XGBoost,building_b
2023-11-03 05:00:00,29.94,28.651249,XGBoost,building_b
2023-11-03 06:00:00,32.93,40.41234,XGBoost,building_b
2023-11-03 07:00:00,53.67,49.016136,XGBoost,building_b
2023-11-03 08:00:00,67.2,70.055214,XGBoost,building_b
2023-11-03 09:00:00,74.06,76.8849,XGBoost,building_b
2023-11-03 10:00:00,89.28,81.95277,XGBoost,building_b
2023-11-03 11:00:00,93.21,89.973946,XGBoost,building_b
2023-11-03 12:00:00,82.66,92.469666,XGBoost,building_b
2023-11-03 13:00:00,88.69,89.955414,XGBoost,building_b
2023-11-03 14:00:00,84.04,90.96297,XGBoost,building_b
2023-11-03 15:00:00,83.25,88.132614,XGBoost,building_b
2023-11-03 16:00:00,73.8,82.36938,XGBoost,building_b
2023-11-03 17:00:00,66.8,69.69886,XGBoost,building_b
2023-11-03 18:00:00,51.01,52.791954,XGBoost,building_b
2023-11-03 19:00:00,36.18,37.69167,XGBoost,building_b
2023-11-03 20:00:00,26.32,27.98642,XGBoost,building_b
2023-11-03 21:00:00,24.69,24.18188,XGBoost,building_b
2023-11-03 22:00:00,22.14,22.265173,XGBoost,building_b
2023-11-03 23:00:00,19.7,23.293564,XGBoost,building_b
2023-11-04 00:00:00,26.49,23.541555,XGBoost,building_b
2023-11-04 01:00:00,25.55,24.821802,XGBoost,building_b
2023-11-04 02:00:00,27.98,25.674164,XGBoost,building_b
2023-11-04 03:00:00,27.99,26.371443,XGBoost,building_b
2023-11-04 04:00:00,24.59,26.846264,XGBoost,building_b
2023-11-04 05:00:00,27.08,27.058317,XGBoost,building_b
2023-11-04 06:00:00,26.6,28.434029,XGBoost,building_b
2023-11-04 07:00:00,25.47,27.745281,XGBoost,building_b
2023-11-04 08:00:00,26.43,26.367674,XGBoost,building_b
2023-11-04 09:00:00,26.28,26.479136,XGBoost,building_b
2023-11-04 10:00:00,25.03,26.913244,XGBoost,building_b
2023-11-04 11:00:00,25.82,25.706059,XGBoost,building_b
2023-11-04 12:00:00,27.11,25.801641,XGBoost,building_b
2023-11-04 13:00:00,25.99,26.397377,XGBoost,building_b
2023-11-04 14:00:00,27.28,26.345345,XGBoost,building_b
2023-11-04 15:00:00,27.58,27.252562,XGBoost,building_b
2023-11-04 16:00:00,24.95,26.538712,XGBoost,building_b
2023-11-04 17:00:00,25.75,25.781778,XGBoost,building_b
2023-11-04 18:00:00,27.68,26.068485,XGBoost,building_b
2023-11-04 19:00:00,27.24,27.183535,XGBoost,building_b
2023-11-04 20:00:00,27.04,27.829857,XGBoost,building_b
2023-11-04 21:00:00,28.03,27.160778,XGBoost,building_b
2023-11-04 22:00:00,24.6,26.104572,XGBoost,building_b
2023-11-04 23:00:00,27.14,25.942625,XGBoost,building_b
2023-11-05 00:00:00,25.27,30.600735,XGBoost,building_b
2023-11-05 01:00:00,25.4,26.110487,XGBoost,building_b
2023-11-05 02:00:00,24.54,25.95157,XGBoost,building_b
2023-11-05 03:00:00,25.55,26.24902,XGBoost,building_b
2023-11-05 04:00:00,28.92,25.244394,XGBoost,building_b
2023-11-05 05:00:00,30.12,28.461243,XGBoost,building_b
2023-11-05 06:00:00,28.37,28.396566,XGBoost,building_b
2023-11-05 07:00:00,24.22,28.905764,XGBoost,building_b
2023-11-05 08:00:00,23.91,27.64163,XGBoost,building_b
2023-11-05 09:00:00,27.4,35.166985,XGBoost,building_b
2023-11-05 10:00:00,26.08,27.9011,XGBoost,building_b
2023-11-05 11:00:00,23.9,27.24116,XGBoost,building_b
2023-11-05 12:00:00,24.1,27.515238,XGBoost,building_b
2023-11-05 13:00:00,25.06,27.016117,XGBoost,building_b
2023-11-05 14:00:00,25.45,27.157959,XGBoost,building_b
2023-11-05 15:00:00,26.426666666666666,26.768095,XGBoost,building_b
2023-11-05 16:00:00,27.403333333333332,26.347174,XGBoost,building_b
2023-11-05 17:00:00,28.38,27.465511,XGBoost,building_b
2023-11-05 18:00:00,27.43,27.717426,XGBoost,building_b
2023-11-05 19:00:00,26.48,27.774199,XGBoost,building_b
2023-11-05 20:00:00,26.02,27.344292,XGBoost,building_b
2023-11-05 21:00:00,26.82,26.623,XGBoost,building_b
2023-11-05 22:00:00,27.77,27.07323,XGBoost,building_b
2023-11-05 23:00:00,24.85,28.588783,XGBoost,building_b
2023-11-06 00:00:00,20.86,25.151747,XGBoost,building_b
2023-11-06 01:00:00,21.68,24.236763,XGBoost,building_b
2023-11-06 02:00:00,22.36,23.987328,XGBoost,building_b
2023-11-06 03:00:00,24.98,24.530685,XGBoost,building_b
2023-11-06 04:00:00,22.7,26.085161,XGBoost,building_b
2023-11-06 05:00:00,26.45,28.361141,XGBoost,building_b
2023-11-06 06:00:00,35.65,34.20429,XGBoost,building_b
2023-11-06 07:00:00,45.44,48.329605,XGBoost,building_b
2023-11-06 08:00:00,60.79,62.015827,XGBoost,building_b
2023-11-06 09:00:00,71.6,74.07973,XGBoost,building_b
2023-11-06 10:00:00,80.71,81.473465,XGBoost,building_b
2023-11-06 11:00:00,79.57,85.229324,XGBoost,building_b
2023-11-06 12:00:00,90.83,92.837944,XGBoost,building_b
2023-11-06 13:00:00,75.33,90.46726,XGBoost,building_b
2023-11-06 14:00:00,80.41,86.20933,XGBoost,building_b
2023-11-06 15:00:00,80.81,83.0384,XGBoost,building_b
2023-11-06 16:00:00,83.93,79.417076,XGBoost,building_b
2023-11-06 17:00:00,67.01,68.55041,XGBoost,building_b
2023-11-06 18:00:00,53.82,51.678226,XGBoost,building_b
2023-11-06 19:00:00,30.02,37.090664,XGBoost,building_b
2023-11-06 20:00:00,25.62,26.868528,XGBoost,building_b
2023-11-06 21:00:00,22.36,24.699558,XGBoost,building_b
2023-11-06 22:00:00,22.68,24.42689,XGBoost,building_b
2023-11-06 23:00:00,21.12,24.067999,XGBoost,building_b
2023-11-07 00:00:00,20.26,22.252903,XGBoost,building_b
2023-11-07 01:00:00,23.76,19.55431,XGBoost,building_b
2023-11-07 02:00:00,22.33,23.468952,XGBoost,building_b
2023-11-07 03:00:00,23.8,23.844442,XGBoost,building_b
2023-11-07 04:00:00,24.3,23.936184,XGBoost,building_b
2023-11-07 05:00:00,27.03,29.04853,XGBoost,building_b
2023-11-07 06:00:00,31.56,34.61152,XGBoost,building_b
2023-11-07 07:00:00,46.73,44.828808,XGBoost,building_b
2023-11-07 08:00:00,60.84,63.14477,XGBoost,building_b
2023-11-07 09:00:00,78.79,76.35907,XGBoost,building_b
2023-11-07 10:00:00,87.56,85.08733,XGBoost,building_b
2023-11-07 11:00:00,81.8,89.49231,XGBoost,building_b
2023-11-07 12:00:00,84.61,90.282585,XGBoost,building_b
2023-11-07 13:00:00,87.81,90.14695,XGBoost,building_b
2023-11-07 14:00:00,86.8,90.34617,XGBoost,building_b
2023-11-07 15:00:00,86.36,83.90331,XGBoost,building_b
2023-11-07 16:00:00,72.22,80.060005,XGBoost,building_b
2023-11-07 17:00:00,60.01,63.62075,XGBoost,building_b
2023-11-07 18:00:00,53.21,49.64941,XGBoost,building_b
2023-11-07 19:00:00,33.09,35.492867,XGBoost,building_b
2023-11-07 20:00:00,28.68,26.761805,XGBoost,building_b
2023-11-07 21:00:00,24.57,24.986408,XGBoost,building_b
2023-11-07 22:00:00,23.44,24.2962,XGBoost,building_b
2023-11-07 23:00:00,21.36,24.254087,XGBoost,building_b
2023-11-08 00:00:00,25.24,22.546593,XGBoost,building_b
2023-11-08 01:00:00,22.2,24.731184,XGBoost,building_b
2023-11-08 02:00:00,23.26,24.540623,XGBoost,building_b
2023-11-08 03:00:00,22.45,25.064377,XGBoost,building_b
2023-11-08 04:00:00,24.65,24.836258,XGBoost,building_b
2023-11-08 05:00:00,26.84,28.83898,XGBoost,building_b
2023-11-08 06:00:00,38.72,34.585266,XGBoost,building_b
2023-11-08 07:00:00,54.05,49.79377,XGBoost,building_b
2023-11-08 08:00:00,65.74,68.46142,XGBoost,building_b
2023-11-08 09:00:00,74.36,71.57114,XGBoost,building_b
2023-11-08 10:00:00,82.06,78.81847,XGBoost,building_b
2023-11-08 11:00:00,76.08,87.51895,XGBoost,building_b
2023-11-08 12:00:00,72.92,82.0354,XGBoost,building_b
2023-11-08 13:00:00,86.03,82.41594,XGBoost,building_b
2023-11-08 14:00:00,85.25,85.449974,XGBoost,building_b
2023-11-08 15:00:00,81.89,82.48998,XGBoost,building_b
2023-11-08 16:00:00,75.83,79.584595,XGBoost,building_b
2023-11-08 17:00:00,65.37,62.159096,XGBoost,building_b
2023-11-08 18:00:00,50.67,50.09356,XGBoost,building_b
2023-11-08 19:00:00,34.79,38.494865,XGBoost,building_b
2023-11-08 20:00:00,26.11,29.127916,XGBoost,building_b
2023-11-08 21:00:00,24.57,25.8976,XGBoost,building_b
2023-11-08 22:00:00,20.77,26.205084,XGBoost,building_b
2023-11-08 23:00:00,21.23,24.17286,XGBoost,building_b
2023-11-09 00:00:00,22.12,24.83574,XGBoost,building_b
2023-11-09 01:00:00,18.88,25.861032,XGBoost,building_b
2023-11-09 02:00:00,20.49,22.639933,XGBoost,building_b
2023-11-09 03:00:00,24.15,21.178558,XGBoost,building_b
2023-11-09 04:00:00,23.71,25.900394,XGBoost,building_b
2023-11-09 05:00:00,26.98,27.924835,XGBoost,building_b
2023-11-09 06:00:00,32.96,34.963314,XGBoost,building_b
2023-11-09 07:00:00,50.44,44.859497,XGBoost,building_b
2023-11-09 08:00:00,57.32,64.56337,XGBoost,building_b
2023-11-09 09:00:00,76.53,64.75416,XGBoost,building_b
2023-11-09 10:00:00,75.86500000000001,76.123116,XGBoost,building_b
2023-11-09 11:00:00,75.2,80.82341,XGBoost,building_b
2023-11-09 12:00:00,76.81,80.21078,XGBoost,building_b
2023-11-09 13:00:00,86.1,81.39973,XGBoost,building_b
2023-11-09 14:00:00,82.16,87.61498,XGBoost,building_b
2023-11-09 15:00:00,81.39,83.11971,XGBoost,building_b
2023-11-09 16:00:00,77.42,76.740395,XGBoost,building_b
2023-11-09 17:00:00,64.52,65.30985,XGBoost,building_b
2023-11-09 18:00:00,50.53,47.28279,XGBoost,building_b
2023-11-09 19:00:00,38.65,36.579796,XGBoost,building_b
2023-11-09 20:00:00,26.77,27.568457,XGBoost,building_b
2023-11-09 21:00:00,20.45,26.158588,XGBoost,building_b
2023-11-09 22:00:00,20.91,21.225534,XGBoost,building_b
2023-11-09 23:00:00,22.29,21.817745,XGBoost,building_b
2023-11-10 00:00:00,22.06,24.13888,XGBoost,building_b
2023-11-10 01:00:00,20.0,23.742044,XGBoost,building_b
2023-11-10 02:00:00,25.87,18.518963,XGBoost,building_b
2023-11-10 03:00:00,27.37,26.0394,XGBoost,building_b
2023-11-10 04:00:00,23.94,27.885183,XGBoost,building_b
2023-11-10 05:00:00,27.4,30.107847,XGBoost,building_b
2023-11-10 06:00:00,33.73,33.422913,XGBoost,building_b
2023-11-10 07:00:00,51.98,42.28663,XGBoost,building_b
2023-11-10 08:00:00,67.29,67.48968,XGBoost,building_b
2023-11-10 09:00:00,82.53,70.13689,XGBoost,building_b
2023-11-10 10:00:00,73.43,80.65209,XGBoost,building_b
2023-11-10 11:00:00,84.74,81.1341,XGBoost,building_b
2023-11-10 12:00:00,83.85,84.19778,XGBoost,building_b
2023-11-10 13:00:00,86.13,87.08396,XGBoost,building_b
2023-11-10 14:00:00,91.28,86.037025,XGBoost,building_b
2023-11-10 15:00:00,82.8,82.27933,XGBoost,building_b
2023-11-10 16:00:00,72.44,81.05741,XGBoost,building_b
2023-11-10 17:00:00,70.26,63.51322,XGBoost,building_b
2023-11-10 18:00:00,46.16,49.14344,XGBoost,building_b
2023-11-10 19:00:00,35.31,34.502537,XGBoost,building_b
2023-11-10 20:00:00,25.87,25.188974,XGBoost,building_b
2023-11-10 21:00:00,21.3,21.78811,XGBoost,building_b
2023-11-10 22:00:00,24.18,21.170721,XGBoost,building_b
2023-11-10 23:00:00,21.85,22.464724,XGBoost,building_b
2023-11-11 00:00:00,26.09,23.801962,XGBoost,building_b
2023-11-11 01:00:00,26.64,24.595173,XGBoost,building_b
2023-11-11 02:00:00,26.13,26.481415,XGBoost,building_b
2023-11-11 03:00:00,23.37,26.457394,XGBoost,building_b
2023-11-11 04:00:00,24.65,24.622599,XGBoost,building_b
2023-11-11 05:00:00,25.13,26.630342,XGBoost,building_b
2023-11-11 06:00:00,25.65,26.186356,XGBoost,building_b
2023-11-11 07:00:00,27.21,26.253769,XGBoost,building_b
2023-11-11 08:00:00,24.6,26.834738,XGBoost,building_b
2023-11-11 09:00:00,24.6,25.990868,XGBoost,building_b
2023-11-11 10:00:00,25.33,24.94954,XGBoost,building_b
2023-11-11 11:00:00,24.89,24.049456,XGBoost,building_b
2023-11-11 12:00:00,25.04,24.529205,XGBoost,building_b
2023-11-11 13:00:00,24.05,24.418707,XGBoost,building_b
2023-11-11 14:00:00,28.41,24.594501,XGBoost,building_b
2023-11-11 15:00:00,25.84,23.773678,XGBoost,building_b
2023-11-11 16:00:00,26.28,25.12263,XGBoost,building_b
2023-11-11 17:00:00,23.19,25.160273,XGBoost,building_b
2023-11-11 18:00:00,24.24,24.243427,XGBoost,building_b
2023-11-11 19:00:00,25.64,24.235807,XGBoost,building_b
2023-11-11 20:00:00,25.6,24.153269,XGBoost,building_b
2023-11-11 21:00:00,25.04,25.065132,XGBoost,building_b
2023-11-11 22:00:00,25.23,24.481873,XGBoost,building_b
2023-11-11 23:00:00,23.07,24.65968,XGBoost,building_b
2023-11-12 00:00:00,27.33,24.72513,XGBoost,building_b
2023-11-12 01:00:00,27.39,26.588696,XGBoost,building_b
2023-11-12 02:00:00,24.09,33.956894,XGBoost,building_b
2023-11-12 03:00:00,27.53,24.838974,XGBoost,building_b
2023-11-12 04:00:00,24.74,34.54252,XGBoost,building_b
2023-11-12 05:00:00,26.32,26.71651,XGBoost,building_b
2023-11-12 06:00:00,26.31,27.825752,XGBoost,building_b
2023-11-12 07:00:00,26.19,27.127567,XGBoost,building_b
2023-11-12 08:00:00,24.41,26.126179,XGBoost,building_b
2023-11-12 09:00:00,25.75,25.314718,XGBoost,building_b
2023-11-12 10:00:00,26.84,25.385038,XGBoost,building_b
2023-11-12 11:00:00,25.84,55.330402,XGBoost,building_b
2023-11-12 12:00:00,23.96,24.24054,XGBoost,building_b
2023-11-12 13:00:00,24.59,23.79549,XGBoost,building_b
2023-11-12 14:00:00,26.76,27.451439,XGBoost,building_b
2023-11-12 15:00:00,27.33,27.389626,XGBoost,building_b
2023-11-12 16:00:00,28.94,34.96885,XGBoost,building_b
2023-11-12 17:00:00,28.68,30.173002,XGBoost,building_b
2023-11-12 18:00:00,26.87,29.621344,XGBoost,building_b
2023-11-12 19:00:00,26.8,27.102556,XGBoost,building_b
2023-11-12 20:00:00,27.93,25.0943,XGBoost,building_b
2023-11-12 21:00:00,28.84,25.459034,XGBoost,building_b
2023-11-12 22:00:00,26.33,25.690847,XGBoost,building_b
2023-11-12 23:00:00,25.99,25.145653,XGBoost,building_b
2023-11-13 00:00:00,21.92,24.359549,XGBoost,building_b
2023-11-13 01:00:00,21.14,23.905428,XGBoost,building_b
2023-11-13 02:00:00,23.9,21.813513,XGBoost,building_b
2023-11-13 03:00:00,22.56,23.701204,XGBoost,building_b
2023-11-13 04:00:00,24.32,23.503475,XGBoost,building_b
2023-11-13 05:00:00,26.0,28.017128,XGBoost,building_b
2023-11-13 06:00:00,37.5,34.191868,XGBoost,building_b
2023-11-13 07:00:00,51.06,49.06895,XGBoost,building_b
2023-11-13 08:00:00,64.07,64.083084,XGBoost,building_b
2023-11-13 09:00:00,65.57,70.58836,XGBoost,building_b
2023-11-13 10:00:00,80.76,68.025154,XGBoost,building_b
2023-11-13 11:00:00,80.15,83.09101,XGBoost,building_b
2023-11-13 12:00:00,77.47,87.435455,XGBoost,building_b
2023-11-13 13:00:00,87.67,87.45091,XGBoost,building_b
2023-11-13 14:00:00,81.68,87.554726,XGBoost,building_b
2023-11-13 15:00:00,77.4,83.76774,XGBoost,building_b
2023-11-13 16:00:00,74.36,74.71871,XGBoost,building_b
2023-11-13 17:00:00,66.12,60.670036,XGBoost,building_b
2023-11-13 18:00:00,50.75,49.263718,XGBoost,building_b
2023-11-13 19:00:00,35.07,33.871273,XGBoost,building_b
2023-11-13 20:00:00,27.04,26.813313,XGBoost,building_b
2023-11-13 21:00:00,24.31,24.30566,XGBoost,building_b
2023-11-13 22:00:00,23.65,23.62476,XGBoost,building_b
2023-11-13 23:00:00,22.78,22.47786,XGBoost,building_b
2023-11-14 00:00:00,22.19,23.44735,XGBoost,building_b
2023-11-14 01:00:00,25.46,23.51446,XGBoost,building_b
2023-11-14 02:00:00,21.73,24.076437,XGBoost,building_b
2023-11-14 03:00:00,20.44,20.574623,XGBoost,building_b
2023-11-14 04:00:00,23.73,22.524231,XGBoost,building_b
2023-11-14 05:00:00,26.69,27.022812,XGBoost,building_b
2023-11-14 06:00:00,32.04,34.299408,XGBoost,building_b
2023-11-14 07:00:00,44.75,44.396233,XGBoost,building_b
2023-11-14 08:00:00,72.57,60.622356,XGBoost,building_b
2023-11-14 09:00:00,71.56,72.797264,XGBoost,building_b
2023-11-14 10:00:00,83.03,77.01886,XGBoost,building_b
2023-11-14 11:00:00,86.27,86.57081,XGBoost,building_b
2023-11-14 12:00:00,77.52,86.85652,XGBoost,building_b
2023-11-14 13:00:00,82.62,85.331314,XGBoost,building_b
2023-11-14 14:00:00,79.28,86.256714,XGBoost,building_b
2023-11-14 15:00:00,89.89,80.62708,XGBoost,building_b
2023-11-14 16:00:00,73.32,80.33365,XGBoost,building_b
2023-11-14 17:00:00,66.61,61.828407,XGBoost,building_b
2023-11-14 18:00:00,49.8,50.619514,XGBoost,building_b
2023-11-14 19:00:00,35.49,34.43628,XGBoost,building_b
2023-11-14 20:00:00,27.06,26.030249,XGBoost,building_b
2023-11-14 21:00:00,23.58,23.343206,XGBoost,building_b
2023-11-14 22:00:00,23.76,23.188791,XGBoost,building_b
2023-11-14 23:00:00,21.93,23.73972,XGBoost,building_b
2023-11-15 00:00:00,23.3,22.668478,XGBoost,building_b
2023-11-15 01:00:00,24.26,24.568851,XGBoost,building_b
2023-11-15 02:00:00,20.06,23.801193,XGBoost,building_b
2023-11-15 03:00:00,21.3,21.50896,XGBoost,building_b
2023-11-15 04:00:00,22.26,22.384172,XGBoost,building_b
2023-11-15 05:00:00,26.53,26.725426,XGBoost,building_b
2023-11-15 06:00:00,33.02,34.68676,XGBoost,building_b
2023-11-15 07:00:00,49.21,46.10836,XGBoost,building_b
2023-11-15 08:00:00,64.77,62.99722,XGBoost,building_b
2023-11-15 09:00:00,70.21,71.50794,XGBoost,building_b
2023-11-15 10:00:00,83.6,72.58886,XGBoost,building_b
2023-11-15 11:00:00,78.23,84.625854,XGBoost,building_b
2023-11-15 12:00:00,89.95,86.66871,XGBoost,building_b
2023-11-15 13:00:00,78.02,85.10173,XGBoost,building_b
2023-11-15 14:00:00,82.87,83.770454,XGBoost,building_b
2023-11-15 15:00:00,74.93,83.251114,XGBoost,building_b
2023-11-15 16:00:00,79.0,73.37404,XGBoost,building_b
2023-11-15 17:00:00,66.05,65.956024,XGBoost,building_b
2023-11-15 18:00:00,47.94,49.63455,XGBoost,building_b
2023-11-15 19:00:00,32.85,35.032894,XGBoost,building_b
2023-11-15 20:00:00,27.04,26.200075,XGBoost,building_b
2023-11-15 21:00:00,21.06,23.605011,XGBoost,building_b
2023-11-15 22:00:00,22.41,21.694298,XGBoost,building_b
2023-11-15 23:00:00,24.01,22.455359,XGBoost,building_b
2023-11-16 00:00:00,20.11,22.460577,XGBoost,building_b
2023-11-16 01:00:00,23.67,21.132992,XGBoost,building_b
2023-11-16 02:00:00,23.66,23.392603,XGBoost,building_b
2023-11-16 03:00:00,25.84,23.050085,XGBoost,building_b
2023-11-16 04:00:00,24.18,25.232882,XGBoost,building_b
2023-11-16 05:00:00,29.64,27.814205,XGBoost,building_b
2023-11-16 06:00:00,34.09,35.40575,XGBoost,building_b
2023-11-16 07:00:00,47.34,48.928658,XGBoost,building_b
2023-11-16 08:00:00,68.67,62.100975,XGBoost,building_b
2023-11-16 09:00:00,78.18,71.82479,XGBoost,building_b
2023-11-16 10:00:00,86.39,81.74274,XGBoost,building_b
2023-11-16 11:00:00,86.0,85.183365,XGBoost,building_b
2023-11-16 12:00:00,73.11,86.78576,XGBoost,building_b
2023-11-16 13:00:00,82.59,82.897545,XGBoost,building_b
2023-11-16 14:00:00,78.85,83.13061,XGBoost,building_b
2023-11-16 15:00:00,76.72,81.459335,XGBoost,building_b
2023-11-16 16:00:00,75.24,74.1012,XGBoost,building_b
2023-11-16 17:00:00,65.39,64.2594,XGBoost,building_b
2023-11-16 18:00:00,51.300000000000004,46.90238,XGBoost,building_b
2023-11-16 19:00:00,37.21,37.649757,XGBoost,building_b
2023-11-16 20:00:00,27.41,28.582737,XGBoost,building_b
2023-11-16 21:00:00,24.1,25.442884,XGBoost,building_b
2023-11-16 22:00:00,22.76,25.572683,XGBoost,building_b
2023-11-16 23:00:00,23.62,25.055025,XGBoost,building_b
2023-11-17 00:00:00,22.8,25.109055,XGBoost,building_b
2023-11-17 01:00:00,22.64,26.24667,XGBoost,building_b
2023-11-17 02:00:00,22.37,27.270142,XGBoost,building_b
2023-11-17 03:00:00,23.8,27.686287,XGBoost,building_b
2023-11-17 04:00:00,22.6,26.751574,XGBoost,building_b
2023-11-17 05:00:00,25.64,29.60902,XGBoost,building_b
2023-11-17 06:00:00,39.44,33.4361,XGBoost,building_b
2023-11-17 07:00:00,49.65,54.70018,XGBoost,building_b
2023-11-17 08:00:00,66.94,64.84037,XGBoost,building_b
2023-11-17 09:00:00,73.52,75.04623,XGBoost,building_b
2023-11-17 10:00:00,73.2,80.29376,XGBoost,building_b
2023-11-17 11:00:00,80.36,85.86054,XGBoost,building_b
2023-11-17 12:00:00,90.09,87.98165,XGBoost,building_b
2023-11-17 13:00:00,79.89,90.997246,XGBoost,building_b
2023-11-17 14:00:00,79.07,87.81462,XGBoost,building_b
2023-11-17 15:00:00,89.1,84.342094,XGBoost,building_b
2023-11-17 16:00:00,79.48,81.648926,XGBoost,building_b
2023-11-17 17:00:00,66.6,68.54717,XGBoost,building_b
2023-11-17 18:00:00,44.03,52.23323,XGBoost,building_b
2023-11-17 19:00:00,31.2,35.872627,XGBoost,building_b
2023-11-17 20:00:00,26.28,27.00275,XGBoost,building_b
2023-11-17 21:00:00,24.38,24.785904,XGBoost,building_b
2023-11-17 22:00:00,24.36,24.375,XGBoost,building_b
2023-11-17 23:00:00,25.355,24.65148,XGBoost,building_b
2023-11-18 00:00:00,26.35,26.710075,XGBoost,building_b
2023-11-18 01:00:00,28.44,26.660229,XGBoost,building_b
2023-11-18 02:00:00,28.0,27.655151,XGBoost,building_b
2023-11-18 03:00:00,27.44,27.657433,XGBoost,building_b
2023-11-18 04:00:00,28.81,27.460546,XGBoost,building_b
2023-11-18 05:00:00,28.49,28.259521,XGBoost,building_b
2023-11-18 06:00:00,31.01,27.248085,XGBoost,building_b
2023-11-18 07:00:00,26.28,28.10352,XGBoost,building_b
2023-11-18 08:00:00,26.44,27.265585,XGBoost,building_b
2023-11-18 09:00:00,25.85,26.872574,XGBoost,building_b
2023-11-18 10:00:00,26.8,26.69867,XGBoost,building_b
2023-11-18 11:00:00,25.84,26.783808,XGBoost,building_b
2023-11-18 12:00:00,27.05,26.488392,XGBoost,building_b
2023-11-18 13:00:00,25.8,26.605139,XGBoost,building_b
2023-11-18 14:00:00,25.17,26.485771,XGBoost,building_b
2023-11-18 15:00:00,25.64,25.56157,XGBoost,building_b
2023-11-18 16:00:00,26.43,26.3503,XGBoost,building_b
2023-11-18 17:00:00,26.37,25.753733,XGBoost,building_b
2023-11-18 18:00:00,27.34,26.121895,XGBoost,building_b
2023-11-18 19:00:00,25.86,26.549599,XGBoost,building_b
2023-11-18 20:00:00,25.07,26.0325,XGBoost,building_b
2023-11-18 21:00:00,27.65,25.502886,XGBoost,building_b
2023-11-18 22:00:00,26.23,25.256842,XGBoost,building_b
2023-11-18 23:00:00,26.44,26.821941,XGBoost,building_b
2023-11-19 00:00:00,26.81,27.373713,XGBoost,building_b
2023-11-19 01:00:00,27.15,27.584173,XGBoost,building_b
2023-11-19 02:00:00,28.61,27.204357,XGBoost,building_b
2023-11-19 03:00:00,28.01,28.505543,XGBoost,building_b
2023-11-19 04:00:00,28.99,28.469328,XGBoost,building_b
2023-11-19 05:00:00,29.284999999999997,28.880577,XGBoost,building_b
2023-11-19 06:00:00,29.58,27.34517,XGBoost,building_b
2023-11-19 07:00:00,26.93,28.325481,XGBoost,building_b
2023-11-19 08:00:00,25.13,27.073553,XGBoost,building_b
2023-11-19 09:00:00,28.61,26.38385,XGBoost,building_b
2023-11-19 10:00:00,27.11,26.899736,XGBoost,building_b
2023-11-19 11:00:00,28.36,26.05761,XGBoost,building_b
2023-11-19 12:00:00,25.73,27.40054,XGBoost,building_b
2023-11-19 13:00:00,25.945,25.749851,XGBoost,building_b
2023-11-19 14:00:00,26.16,26.956059,XGBoost,building_b
2023-11-19 15:00:00,24.82,27.199564,XGBoost,building_b
2023-11-19 16:00:00,25.52,24.94715,XGBoost,building_b
2023-11-19 17:00:00,26.0,26.125551,XGBoost,building_b
2023-11-19 18:00:00,25.55,26.66175,XGBoost,building_b
2023-11-19 19:00:00,23.58,26.41371,XGBoost,building_b
2023-11-19 20:00:00,26.67,25.177391,XGBoost,building_b
2023-11-19 21:00:00,25.59,26.370628,XGBoost,building_b
2023-11-19 22:00:00,26.09,25.8878,XGBoost,building_b
2023-11-19 23:00:00,26.53,26.25522,XGBoost,building_b
2023-11-20 00:00:00,21.53,26.133986,XGBoost,building_b
2023-11-20 01:00:00,25.29,23.829706,XGBoost,building_b
2023-11-20 02:00:00,22.77,24.896406,XGBoost,building_b
2023-11-20 03:00:00,21.12,24.120247,XGBoost,building_b
2023-11-20 04:00:00,24.85,23.282606,XGBoost,building_b
2023-11-20 05:00:00,27.12,28.008371,XGBoost,building_b
2023-11-20 06:00:00,37.47,35.998466,XGBoost,building_b
2023-11-20 07:00:00,48.08,54.410988,XGBoost,building_b
2023-11-20 08:00:00,61.96,63.709393,XGBoost,building_b
2023-11-20 09:00:00,81.34,70.97291,XGBoost,building_b
2023-11-20 10:00:00,77.53,81.56124,XGBoost,building_b
2023-11-20 11:00:00,83.71,86.28935,XGBoost,building_b
2023-11-20 12:00:00,83.48,87.232574,XGBoost,building_b
2023-11-20 13:00:00,78.86,88.17686,XGBoost,building_b
2023-11-20 14:00:00,82.8,84.94515,XGBoost,building_b
2023-11-20 15:00:00,87.04,83.793884,XGBoost,building_b
2023-11-20 16:00:00,81.86,79.47834,XGBoost,building_b
2023-11-20 17:00:00,59.86,67.37996,XGBoost,building_b
2023-11-20 18:00:00,45.77,49.021805,XGBoost,building_b
2023-11-20 19:00:00,31.68,35.87888,XGBoost,building_b
2023-11-20 20:00:00,26.54,28.0931,XGBoost,building_b
2023-11-20 21:00:00,25.61,24.828892,XGBoost,building_b
2023-11-20 22:00:00,24.49,26.075832,XGBoost,building_b
2023-11-20 23:00:00,23.58,25.897558,XGBoost,building_b
2023-11-21 00:00:00,23.42,25.801918,XGBoost,building_b
2023-11-21 01:00:00,24.27,27.125443,XGBoost,building_b
2023-11-21 02:00:00,23.29,26.324331,XGBoost,building_b
2023-11-21 03:00:00,23.98,26.348688,XGBoost,building_b
2023-11-21 04:00:00,25.11,26.77335,XGBoost,building_b
2023-11-21 05:00:00,29.18,30.251162,XGBoost,building_b
2023-11-21 06:00:00,35.25,35.268723,XGBoost,building_b
2023-11-21 07:00:00,49.0,47.21628,XGBoost,building_b
2023-11-21 08:00:00,65.69,65.98054,XGBoost,building_b
2023-11-21 09:00:00,75.57,72.47662,XGBoost,building_b
2023-11-21 10:00:00,83.18,80.234535,XGBoost,building_b
2023-11-21 11:00:00,76.35,89.008804,XGBoost,building_b
2023-11-21 12:00:00,86.1,85.31214,XGBoost,building_b
2023-11-21 13:00:00,82.08,89.69466,XGBoost,building_b
2023-11-21 14:00:00,73.13,87.773796,XGBoost,building_b
2023-11-21 15:00:00,89.32,79.95182,XGBoost,building_b
2023-11-21 16:00:00,69.74,82.038864,XGBoost,building_b
2023-11-21 17:00:00,71.94,64.75352,XGBoost,building_b
2023-11-21 18:00:00,52.47,50.108574,XGBoost,building_b
2023-11-21 19:00:00,38.85,34.7418,XGBoost,building_b
2023-11-21 20:00:00,24.07,28.38995,XGBoost,building_b
2023-11-21 21:00:00,25.94,24.292582,XGBoost,building_b
2023-11-21 22:00:00,21.46,24.507246,XGBoost,building_b
2023-11-21 23:00:00,24.65,23.093077,XGBoost,building_b
2023-11-22 00:00:00,20.52,23.943977,XGBoost,building_b
2023-11-22 01:00:00,22.75,30.299143,XGBoost,building_b
2023-11-22 02:00:00,23.41,31.036484,XGBoost,building_b
2023-11-22 03:00:00,23.42,31.658451,XGBoost,building_b
2023-11-22 04:00:00,25.13,32.620373,XGBoost,building_b
2023-11-22 05:00:00,28.38,35.431267,XGBoost,building_b
2023-11-22 06:00:00,37.11,42.453457,XGBoost,building_b
2023-11-22 07:00:00,52.89,57.5302,XGBoost,building_b
2023-11-22 08:00:00,65.14,67.56652,XGBoost,building_b
2023-11-22 09:00:00,75.19,71.46036,XGBoost,building_b
2023-11-22 10:00:00,75.36,79.90128,XGBoost,building_b
2023-11-22 11:00:00,80.44,79.80089,XGBoost,building_b
2023-11-22 12:00:00,78.53,85.088066,XGBoost,building_b
2023-11-22 13:00:00,86.6,89.399796,XGBoost,building_b
2023-11-22 14:00:00,84.54,86.76954,XGBoost,building_b
2023-11-22 15:00:00,86.47,84.290596,XGBoost,building_b
2023-11-22 16:00:00,77.16,79.97906,XGBoost,building_b
2023-11-22 17:00:00,62.595,66.0679,XGBoost,building_b
2023-11-22 18:00:00,48.03,49.234,XGBoost,building_b
2023-11-22 19:00:00,37.2,36.955097,XGBoost,building_b
2023-11-22 20:00:00,30.1,29.257587,XGBoost,building_b
2023-11-22 21:00:00,28.28,27.825119,XGBoost,building_b
2023-11-22 22:00:00,21.89,27.394165,XGBoost,building_b
2023-11-22 23:00:00,23.49,25.456657,XGBoost,building_b
2023-11-23 00:00:00,28.17,24.696375,XGBoost,building_b
2023-11-23 01:00:00,22.75,27.231113,XGBoost,building_b
2023-11-23 02:00:00,23.85,26.567434,XGBoost,building_b
2023-11-23 03:00:00,20.08,26.698372,XGBoost,building_b
2023-11-23 04:00:00,27.38,27.455795,XGBoost,building_b
2023-11-23 05:00:00,28.33,30.999088,XGBoost,building_b
2023-11-23 06:00:00,37.18,35.783558,XGBoost,building_b
2023-11-23 07:00:00,51.07,51.34898,XGBoost,building_b
2023-11-23 08:00:00,71.57,66.03455,XGBoost,building_b
2023-11-23 09:00:00,69.93,66.52541,XGBoost,building_b
2023-11-23 10:00:00,73.74,76.840965,XGBoost,building_b
2023-11-23 11:00:00,81.13,80.517494,XGBoost,building_b
2023-11-23 12:00:00,82.87,83.720024,XGBoost,building_b
2023-11-23 13:00:00,77.78,87.41814,XGBoost,building_b
2023-11-23 14:00:00,92.74,84.56782,XGBoost,building_b
2023-11-23 15:00:00,83.08,84.78456,XGBoost,building_b
2023-11-23 16:00:00,81.47,80.54134,XGBoost,building_b
2023-11-23 17:00:00,69.63,67.14991,XGBoost,building_b
2023-11-23 18:00:00,47.09,51.745754,XGBoost,building_b
2023-11-23 19:00:00,34.23,35.16344,XGBoost,building_b
2023-11-23 20:00:00,24.31,27.093178,XGBoost,building_b
2023-11-23 21:00:00,24.56,24.308826,XGBoost,building_b
2023-11-23 22:00:00,23.38,23.970184,XGBoost,building_b
2023-11-23 23:00:00,24.45,24.076178,XGBoost,building_b
2023-11-24 00:00:00,26.19,30.399061,XGBoost,building_b
2023-11-24 01:00:00,24.73,25.27124,XGBoost,building_b
2023-11-24 02:00:00,24.34,24.99238,XGBoost,building_b
2023-11-24 03:00:00,24.94,24.215542,XGBoost,building_b
2023-11-24 04:00:00,26.55,26.704477,XGBoost,building_b
2023-11-24 05:00:00,29.22,28.904417,XGBoost,building_b
2023-11-24 06:00:00,35.65,36.86852,XGBoost,building_b
2023-11-24 07:00:00,44.48,55.09183,XGBoost,building_b
2023-11-24 08:00:00,72.84,61.300438,XGBoost,building_b
2023-11-24 09:00:00,71.6,75.716064,XGBoost,building_b
2023-11-24 10:00:00,83.32,78.69105,XGBoost,building_b
2023-11-24 11:00:00,76.68,87.664,XGBoost,building_b
2023-11-24 12:00:00,80.42,82.94512,XGBoost,building_b
2023-11-24 13:00:00,84.47,87.988014,XGBoost,building_b
2023-11-24 14:00:00,88.2,88.821556,XGBoost,building_b
2023-11-24 15:00:00,81.32,85.777985,XGBoost,building_b
2023-11-24 16:00:00,80.17,79.092125,XGBoost,building_b
2023-11-24 17:00:00,63.01,68.433754,XGBoost,building_b
2023-11-24 18:00:00,47.38,48.870247,XGBoost,building_b
2023-11-24 19:00:00,34.25,34.36345,XGBoost,building_b
2023-11-24 20:00:00,28.685000000000002,27.18312,XGBoost,building_b
2023-11-24 21:00:00,23.12,25.875835,XGBoost,building_b
2023-11-24 22:00:00,24.01,24.568596,XGBoost,building_b
2023-11-24 23:00:00,25.1,24.999006,XGBoost,building_b
2023-11-25 00:00:00,24.22,29.898083,XGBoost,building_b
2023-11-25 01:00:00,26.28,26.94656,XGBoost,building_b
2023-11-25 02:00:00,28.15,27.265594,XGBoost,building_b
2023-11-25 03:00:00,29.67,28.858185,XGBoost,building_b
2023-11-25 04:00:00,26.21,28.668758,XGBoost,building_b
2023-11-25 05:00:00,24.22,28.539133,XGBoost,building_b
2023-11-25 06:00:00,28.84,28.452244,XGBoost,building_b
2023-11-25 07:00:00,28.06,28.079939,XGBoost,building_b
2023-11-25 08:00:00,28.88,26.771097,XGBoost,building_b
2023-11-25 09:00:00,27.44,28.107151,XGBoost,building_b
2023-11-25 10:00:00,22.69,27.153084,XGBoost,building_b
2023-11-25 11:00:00,25.84,25.549793,XGBoost,building_b
2023-11-25 12:00:00,29.07,26.959406,XGBoost,building_b
2023-11-25 13:00:00,25.04,25.536108,XGBoost,building_b
2023-11-25 14:00:00,26.09,26.12243,XGBoost,building_b
2023-11-25 15:00:00,26.26,26.137383,XGBoost,building_b
2023-11-25 16:00:00,26.75,26.135689,XGBoost,building_b
2023-11-25 17:00:00,23.35,27.25181,XGBoost,building_b
2023-11-25 18:00:00,27.37,25.797478,XGBoost,building_b
2023-11-25 19:00:00,26.04,26.354158,XGBoost,building_b
2023-11-25 20:00:00,23.63,26.427042,XGBoost,building_b
2023-11-25 21:00:00,26.55,25.876892,XGBoost,building_b
2023-11-25 22:00:00,30.26,27.175566,XGBoost,building_b
2023-11-25 23:00:00,29.59,28.465607,XGBoost,building_b
2023-11-26 00:00:00,29.04,27.530012,XGBoost,building_b
2023-11-26 01:00:00,25.27,28.10071,XGBoost,building_b
2023-11-26 02:00:00,29.59,27.443201,XGBoost,building_b
2023-11-26 03:00:00,25.72,28.030054,XGBoost,building_b
2023-11-26 04:00:00,29.32,27.45585,XGBoost,building_b
2023-11-26 05:00:00,26.75,28.451595,XGBoost,building_b
2023-11-26 06:00:00,28.38,28.271185,XGBoost,building_b
2023-11-26 07:00:00,28.15,27.679396,XGBoost,building_b
2023-11-26 08:00:00,27.31,27.843224,XGBoost,building_b
2023-11-26 09:00:00,25.43,27.39192,XGBoost,building_b
2023-11-26 10:00:00,28.26,33.42674,XGBoost,building_b
2023-11-26 11:00:00,28.78,27.425709,XGBoost,building_b
2023-11-26 12:00:00,28.12,31.749949,XGBoost,building_b
2023-11-26 13:00:00,26.47,26.91857,XGBoost,building_b
2023-11-26 14:00:00,28.89,25.948275,XGBoost,building_b
2023-11-26 15:00:00,24.67,27.361137,XGBoost,building_b
2023-11-26 16:00:00,27.54,25.483007,XGBoost,building_b
2023-11-26 17:00:00,27.78,25.753584,XGBoost,building_b
2023-11-26 18:00:00,26.28,27.0546,XGBoost,building_b
2023-11-26 19:00:00,26.94,27.210077,XGBoost,building_b
2023-11-26 20:00:00,26.48,26.87433,XGBoost,building_b
2023-11-26 21:00:00,25.47,27.181902,XGBoost,building_b
2023-11-26 22:00:00,29.75,26.857994,XGBoost,building_b
2023-11-26 23:00:00,29.6,28.226292,XGBoost,building_b
2023-11-27 00:00:00,25.51,27.33463,XGBoost,building_b
2023-11-27 01:00:00,25.53,25.91465,XGBoost,building_b
2023-11-27 02:00:00,24.24,26.10171,XGBoost,building_b
2023-11-27 03:00:00,26.5,28.454353,XGBoost,building_b
2023-11-27 04:00:00,27.29,28.356115,XGBoost,building_b
2023-11-27 05:00:00,28.5,29.595806,XGBoost,building_b
2023-11-27 06:00:00,38.07,37.321682,XGBoost,building_b
2023-11-27 07:00:00,51.84,52.81787,XGBoost,building_b
2023-11-27 08:00:00,66.62,68.47032,XGBoost,building_b
2023-11-27 09:00:00,71.08,71.143654,XGBoost,building_b
2023-11-27 10:00:00,84.35,78.70724,XGBoost,building_b
2023-11-27 11:00:00,76.78,87.1818,XGBoost,building_b
2023-11-27 12:00:00,73.65,85.26476,XGBoost,building_b
2023-11-27 13:00:00,91.91,83.722565,XGBoost,building_b
2023-11-27 14:00:00,85.31,89.03334,XGBoost,building_b
2023-11-27 15:00:00,76.85,86.49761,XGBoost,building_b
2023-11-27 16:00:00,74.54,78.10732,XGBoost,building_b
2023-11-27 17:00:00,67.21,66.381226,XGBoost,building_b
2023-11-27 18:00:00,51.47,51.39603,XGBoost,building_b
2023-11-27 19:00:00,31.83,35.505905,XGBoost,building_b
2023-11-27 20:00:00,30.35,27.000069,XGBoost,building_b
2023-11-27 21:00:00,24.3,26.339716,XGBoost,building_b
2023-11-27 22:00:00,23.49,24.966177,XGBoost,building_b
2023-11-27 23:00:00,24.94,24.812162,XGBoost,building_b
2023-11-28 00:00:00,26.16,24.999176,XGBoost,building_b
2023-11-28 01:00:00,22.03,26.505436,XGBoost,building_b
2023-11-28 02:00:00,21.955,24.985651,XGBoost,building_b
2023-11-28 03:00:00,21.88,25.534283,XGBoost,building_b
2023-11-28 04:00:00,25.89,25.9377,XGBoost,building_b
2023-11-28 05:00:00,25.75,28.974247,XGBoost,building_b
2023-11-28 06:00:00,37.58,34.38426,XGBoost,building_b
2023-11-28 07:00:00,48.25,55.94385,XGBoost,building_b
2023-11-28 08:00:00,66.52,64.839806,XGBoost,building_b
2023-11-28 09:00:00,75.7,71.38625,XGBoost,building_b
2023-11-28 10:00:00,70.68,79.93346,XGBoost,building_b
2023-11-28 11:00:00,80.42,81.94887,XGBoost,building_b
2023-11-28 12:00:00,76.01,85.3845,XGBoost,building_b
2023-11-28 13:00:00,86.24,85.82532,XGBoost,building_b
2023-11-28 14:00:00,76.06,88.46121,XGBoost,building_b
2023-11-28 15:00:00,76.09,80.13863,XGBoost,building_b
2023-11-28 16:00:00,79.43,75.45045,XGBoost,building_b
2023-11-28 17:00:00,77.25,66.394394,XGBoost,building_b
2023-11-28 18:00:00,48.68,49.416824,XGBoost,building_b
2023-11-28 19:00:00,35.92,37.953007,XGBoost,building_b
2023-11-28 20:00:00,25.6,29.586372,XGBoost,building_b
2023-11-28 21:00:00,23.605,25.762814,XGBoost,building_b
2023-11-28 22:00:00,21.61,26.44185,XGBoost,building_b
2023-11-28 23:00:00,24.13,26.104252,XGBoost,building_b
2023-11-29 00:00:00,22.45,27.005474,XGBoost,building_b
2023-11-29 01:00:00,23.93,26.634306,XGBoost,building_b
2023-11-29 02:00:00,23.37,26.493397,XGBoost,building_b
2023-11-29 03:00:00,25.65,26.587717,XGBoost,building_b
2023-11-29 04:00:00,24.74,28.899694,XGBoost,building_b
2023-11-29 05:00:00,30.86,31.089624,XGBoost,building_b
2023-11-29 06:00:00,37.95,37.34431,XGBoost,building_b
2023-11-29 07:00:00,53.49,53.714657,XGBoost,building_b
2023-11-29 08:00:00,71.12,68.30547,XGBoost,building_b
2023-11-29 09:00:00,79.01,72.39736,XGBoost,building_b
2023-11-29 10:00:00,77.215,82.52801,XGBoost,building_b
2023-11-29 11:00:00,75.42,80.373276,XGBoost,building_b
2023-11-29 12:00:00,73.52,80.1621,XGBoost,building_b
2023-11-29 13:00:00,81.52,80.583015,XGBoost,building_b
2023-11-29 14:00:00,78.05,84.24181,XGBoost,building_b
2023-11-29 15:00:00,81.42,80.37931,XGBoost,building_b
2023-11-29 16:00:00,77.52,76.65021,XGBoost,building_b
2023-11-29 17:00:00,62.78,64.923195,XGBoost,building_b
2023-11-29 18:00:00,49.09,49.098614,XGBoost,building_b
2023-11-29 19:00:00,35.76,38.50246,XGBoost,building_b
2023-11-29 20:00:00,27.88,29.593441,XGBoost,building_b
2023-11-29 21:00:00,23.09,26.924314,XGBoost,building_b
2023-11-29 22:00:00,23.96,25.657658,XGBoost,building_b
2023-11-29 23:00:00,25.63,26.534172,XGBoost,building_b
2023-11-30 00:00:00,23.83,27.28275,XGBoost,building_b
2023-11-30 01:00:00,24.11,26.891975,XGBoost,building_b
2023-11-30 02:00:00,24.39,27.294792,XGBoost,building_b
2023-11-30 03:00:00,23.48,28.155018,XGBoost,building_b
2023-11-30 04:00:00,25.33,28.322863,XGBoost,building_b
2023-11-30 05:00:00,28.64,28.902855,XGBoost,building_b
2023-11-30 06:00:00,37.22,35.822456,XGBoost,building_b
2023-11-30 07:00:00,47.57,55.986526,XGBoost,building_b
2023-11-30 08:00:00,66.62,69.77335,XGBoost,building_b
2023-11-30 09:00:00,71.17,74.823975,XGBoost,building_b
2023-11-30 10:00:00,81.52,75.06185,XGBoost,building_b
2023-11-30 11:00:00,79.47,84.78101,XGBoost,building_b
2023-11-30 12:00:00,87.71,87.767876,XGBoost,building_b
2023-11-30 13:00:00,81.73,89.14787,XGBoost,building_b
2023-11-30 14:00:00,85.14,86.83485,XGBoost,building_b
2023-11-30 15:00:00,78.67,83.96148,XGBoost,building_b
2023-11-30 16:00:00,74.39,76.305435,XGBoost,building_b
2023-11-30 17:00:00,65.02,62.54797,XGBoost,building_b
2023-11-30 18:00:00,51.92,49.12179,XGBoost,building_b
2023-11-30 19:00:00,33.78,37.0481,XGBoost,building_b
2023-11-30 20:00:00,26.43,27.065813,XGBoost,building_b
2023-11-30 21:00:00,23.84,25.05532,XGBoost,building_b
2023-11-30 22:00:00,22.64,21.896885,XGBoost,building_b
2023-11-30 23:00:00,23.08,24.920237,XGBoost,building_b
2023-12-01 00:00:00,24.83,24.889542,XGBoost,building_b
2023-12-01 01:00:00,24.8,24.869305,XGBoost,building_b
2023-12-01 02:00:00,24.04,25.242323,XGBoost,building_b
2023-12-01 03:00:00,23.38,25.665098,XGBoost,building_b
2023-12-01 04:00:00,25.69,26.953344,XGBoost,building_b
2023-12-01 05:00:00,26.68,28.822613,XGBoost,building_b
2023-12-01 06:00:00,36.99,33.940018,XGBoost,building_b
2023-12-01 07:00:00,52.56,48.657192,XGBoost,building_b
2023-12-01 08:00:00,69.78,67.19782,XGBoost,building_b
2023-12-01 09:00:00,73.14,74.466286,XGBoost,building_b
2023-12-01 10:00:00,83.8,82.23762,XGBoost,building_b
2023-12-01 11:00:00,86.62,88.703415,XGBoost,building_b
2023-12-01 12:00:00,87.28,89.198555,XGBoost,building_b
2023-12-01 13:00:00,79.53,89.78628,XGBoost,building_b
2023-12-01 14:00:00,79.24,88.03796,XGBoost,building_b
2023-12-01 15:00:00,81.46,80.83161,XGBoost,building_b
2023-12-01 16:00:00,80.8,79.92171,XGBoost,building_b
2023-12-01 17:00:00,64.32,67.30767,XGBoost,building_b
2023-12-01 18:00:00,45.38,52.072586,XGBoost,building_b
2023-12-01 19:00:00,34.45,36.195732,XGBoost,building_b
2023-12-01 20:00:00,25.78,28.35695,XGBoost,building_b
2023-12-01 21:00:00,26.32,25.528156,XGBoost,building_b
2023-12-01 22:00:00,22.83,25.652925,XGBoost,building_b
2023-12-01 23:00:00,24.7,24.997326,XGBoost,building_b
2023-12-02 00:00:00,26.57,26.599848,XGBoost,building_b
2023-12-02 01:00:00,27.67,27.96222,XGBoost,building_b
2023-12-02 02:00:00,27.7,28.19258,XGBoost,building_b
2023-12-02 03:00:00,26.57,28.305672,XGBoost,building_b
2023-12-02 04:00:00,30.19,27.865938,XGBoost,building_b
2023-12-02 05:00:00,28.85,29.006104,XGBoost,building_b
2023-12-02 06:00:00,24.9,28.942291,XGBoost,building_b
2023-12-02 07:00:00,27.57,27.785559,XGBoost,building_b
2023-12-02 08:00:00,25.42,27.851309,XGBoost,building_b
2023-12-02 09:00:00,25.96,26.66966,XGBoost,building_b
2023-12-02 10:00:00,28.71,26.031586,XGBoost,building_b
2023-12-02 11:00:00,27.19,25.810722,XGBoost,building_b
2023-12-02 12:00:00,27.17,27.068676,XGBoost,building_b
2023-12-02 13:00:00,22.97,26.000769,XGBoost,building_b
2023-12-02 14:00:00,26.19,26.135006,XGBoost,building_b
2023-12-02 15:00:00,25.09,26.706491,XGBoost,building_b
2023-12-02 16:00:00,23.27,26.146599,XGBoost,building_b
2023-12-02 17:00:00,26.01,25.487219,XGBoost,building_b
2023-12-02 18:00:00,29.64,26.233694,XGBoost,building_b
2023-12-02 19:00:00,22.15,27.11826,XGBoost,building_b
2023-12-02 20:00:00,27.14,25.504965,XGBoost,building_b
2023-12-02 21:00:00,25.45,26.5581,XGBoost,building_b
2023-12-02 22:00:00,26.82,26.200317,XGBoost,building_b
2023-12-02 23:00:00,24.35,27.028275,XGBoost,building_b
2023-12-03 00:00:00,28.25,26.574812,XGBoost,building_b
2023-12-03 01:00:00,26.93,26.67772,XGBoost,building_b
2023-12-03 02:00:00,28.84,27.05966,XGBoost,building_b
2023-12-03 03:00:00,27.87,27.268969,XGBoost,building_b
2023-12-03 04:00:00,26.73,27.473276,XGBoost,building_b
2023-12-03 05:00:00,24.82,27.58643,XGBoost,building_b
2023-12-03 06:00:00,25.07,26.704868,XGBoost,building_b
2023-12-03 07:00:00,25.37,26.601645,XGBoost,building_b
2023-12-03 08:00:00,25.65,26.73659,XGBoost,building_b
2023-12-03 09:00:00,27.54,25.634354,XGBoost,building_b
2023-12-03 10:00:00,26.39,27.033297,XGBoost,building_b
2023-12-03 11:00:00,26.46,26.977533,XGBoost,building_b
2023-12-03 12:00:00,25.83,27.013466,XGBoost,building_b
2023-12-03 13:00:00,25.26,25.580158,XGBoost,building_b
2023-12-03 14:00:00,25.14,26.006056,XGBoost,building_b
2023-12-03 15:00:00,24.48,22.693502,XGBoost,building_b
2023-12-03 16:00:00,26.49,24.30531,XGBoost,building_b
2023-12-03 17:00:00,24.15,26.463335,XGBoost,building_b
2023-12-03 18:00:00,25.76,25.971573,XGBoost,building_b
2023-12-03 19:00:00,24.79,25.09834,XGBoost,building_b
2023-12-03 20:00:00,24.7,25.888939,XGBoost,building_b
2023-12-03 21:00:00,26.67,25.06541,XGBoost,building_b
2023-12-03 22:00:00,25.32,27.74326,XGBoost,building_b
2023-12-03 23:00:00,27.21,25.856277,XGBoost,building_b
2023-12-04 00:00:00,22.15,24.717295,XGBoost,building_b
2023-12-04 01:00:00,23.71,24.809393,XGBoost,building_b
2023-12-04 02:00:00,24.84,25.055824,XGBoost,building_b
2023-12-04 03:00:00,23.86,25.481546,XGBoost,building_b
2023-12-04 04:00:00,27.84,25.94531,XGBoost,building_b
2023-12-04 05:00:00,29.43,29.919996,XGBoost,building_b
2023-12-04 06:00:00,34.64,38.216602,XGBoost,building_b
2023-12-04 07:00:00,58.32,70.86626,XGBoost,building_b
2023-12-04 08:00:00,65.08,71.82287,XGBoost,building_b
2023-12-04 09:00:00,80.95,73.81758,XGBoost,building_b
2023-12-04 10:00:00,85.76,84.03419,XGBoost,building_b
2023-12-04 11:00:00,82.79,88.345345,XGBoost,building_b
2023-12-04 12:00:00,79.03,89.14691,XGBoost,building_b
2023-12-04 13:00:00,90.39,87.83556,XGBoost,building_b
2023-12-04 14:00:00,74.35,89.80287,XGBoost,building_b
2023-12-04 15:00:00,83.17,80.00926,XGBoost,building_b
2023-12-04 16:00:00,74.15,81.3124,XGBoost,building_b
2023-12-04 17:00:00,54.98,62.57259,XGBoost,building_b
2023-12-04 18:00:00,54.71,45.808872,XGBoost,building_b
2023-12-04 19:00:00,35.19,33.792995,XGBoost,building_b
2023-12-04 20:00:00,25.62,27.275806,XGBoost,building_b
2023-12-04 21:00:00,24.33,24.708523,XGBoost,building_b
2023-12-04 22:00:00,23.97,25.098978,XGBoost,building_b
2023-12-04 23:00:00,22.59,25.045885,XGBoost,building_b
2023-12-05 00:00:00,23.99,24.882322,XGBoost,building_b
2023-12-05 01:00:00,24.78,24.994184,XGBoost,building_b
2023-12-05 02:00:00,24.88,25.650593,XGBoost,building_b
2023-12-05 03:00:00,25.27,25.361748,XGBoost,building_b
2023-12-05 04:00:00,24.09,26.56454,XGBoost,building_b
2023-12-05 05:00:00,26.81,27.577713,XGBoost,building_b
2023-12-05 06:00:00,38.81,35.24267,XGBoost,building_b
2023-12-05 07:00:00,40.56,55.988056,XGBoost,building_b
2023-12-05 08:00:00,67.71,58.075043,XGBoost,building_b
2023-12-05 09:00:00,76.11,74.860016,XGBoost,building_b
2023-12-05 10:00:00,79.76,80.87645,XGBoost,building_b
2023-12-05 11:00:00,79.47,88.63777,XGBoost,building_b
2023-12-05 12:00:00,85.24,91.58344,XGBoost,building_b
2023-12-05 13:00:00,80.05,89.782616,XGBoost,building_b
2023-12-05 14:00:00,88.51,85.33754,XGBoost,building_b
2023-12-05 15:00:00,80.33,83.7648,XGBoost,building_b
2023-12-05 16:00:00,79.91,78.036255,XGBoost,building_b
2023-12-05 17:00:00,60.63,64.8916,XGBoost,building_b
2023-12-05 18:00:00,51.46,50.58007,XGBoost,building_b
2023-12-05 19:00:00,37.93,35.541637,XGBoost,building_b
2023-12-05 20:00:00,23.96,27.0123,XGBoost,building_b
2023-12-05 21:00:00,23.12,23.455196,XGBoost,building_b
2023-12-05 22:00:00,22.03,23.463774,XGBoost,building_b
2023-12-05 23:00:00,20.86,23.183615,XGBoost,building_b
2023-12-06 00:00:00,23.26,21.78139,XGBoost,building_b
2023-12-06 01:00:00,20.91,22.982393,XGBoost,building_b
2023-12-06 02:00:00,23.87,22.214556,XGBoost,building_b
2023-12-06 03:00:00,24.45,23.559505,XGBoost,building_b
2023-12-06 04:00:00,22.66,23.88877,XGBoost,building_b
2023-12-06 05:00:00,28.59,28.160242,XGBoost,building_b
2023-12-06 06:00:00,34.54,35.725365,XGBoost,building_b
2023-12-06 07:00:00,51.68,46.348255,XGBoost,building_b
2023-12-06 08:00:00,57.5,66.135704,XGBoost,building_b
2023-12-06 09:00:00,75.33,68.37769,XGBoost,building_b
2023-12-06 10:00:00,76.59,76.394424,XGBoost,building_b
2023-12-06 11:00:00,89.17,80.11501,XGBoost,building_b
2023-12-06 12:00:00,86.73,86.49786,XGBoost,building_b
2023-12-06 13:00:00,89.38,88.17725,XGBoost,building_b
2023-12-06 14:00:00,82.46,87.29065,XGBoost,building_b
2023-12-06 15:00:00,87.15,83.81041,XGBoost,building_b
2023-12-06 16:00:00,78.06,80.2269,XGBoost,building_b
2023-12-06 17:00:00,60.35,65.753204,XGBoost,building_b
2023-12-06 18:00:00,48.37,47.148067,XGBoost,building_b
2023-12-06 19:00:00,33.15,35.927376,XGBoost,building_b
2023-12-06 20:00:00,26.47,25.767477,XGBoost,building_b
2023-12-06 21:00:00,22.83,23.82598,XGBoost,building_b
2023-12-06 22:00:00,23.49,23.18873,XGBoost,building_b
2023-12-06 23:00:00,22.81,22.943153,XGBoost,building_b
2023-12-07 00:00:00,24.69,24.262299,XGBoost,building_b
2023-12-07 01:00:00,21.17,24.677011,XGBoost,building_b
2023-12-07 02:00:00,24.26,23.817377,XGBoost,building_b
2023-12-07 03:00:00,26.2,24.30003,XGBoost,building_b
2023-12-07 04:00:00,24.84,25.912945,XGBoost,building_b
2023-12-07 05:00:00,31.01,28.813635,XGBoost,building_b
2023-12-07 06:00:00,38.37,36.500725,XGBoost,building_b
2023-12-07 07:00:00,49.36,50.772923,XGBoost,building_b
2023-12-07 08:00:00,63.18,67.46429,XGBoost,building_b
2023-12-07 09:00:00,78.67,71.568504,XGBoost,building_b
2023-12-07 10:00:00,77.93,81.1366,XGBoost,building_b
2023-12-07 11:00:00,83.89,83.89914,XGBoost,building_b
2023-12-07 12:00:00,83.6,87.30981,XGBoost,building_b
2023-12-07 13:00:00,85.83,87.073395,XGBoost,building_b
2023-12-07 14:00:00,86.43,86.79188,XGBoost,building_b
2023-12-07 15:00:00,76.55,82.54605,XGBoost,building_b
2023-12-07 16:00:00,78.3,73.41551,XGBoost,building_b
2023-12-07 17:00:00,69.73,66.309555,XGBoost,building_b
2023-12-07 18:00:00,44.51,50.6257,XGBoost,building_b
2023-12-07 19:00:00,37.3,35.897587,XGBoost,building_b
2023-12-07 20:00:00,29.75,29.66929,XGBoost,building_b
2023-12-07 21:00:00,25.38,27.110243,XGBoost,building_b
2023-12-07 22:00:00,24.13,25.577732,XGBoost,building_b
2023-12-07 23:00:00,26.37,24.961641,XGBoost,building_b
2023-12-08 00:00:00,23.0,25.80733,XGBoost,building_b
2023-12-08 01:00:00,24.17,25.286034,XGBoost,building_b
2023-12-08 02:00:00,25.37,27.272049,XGBoost,building_b
2023-12-08 03:00:00,25.55,28.058067,XGBoost,building_b
2023-12-08 04:00:00,28.58,28.415583,XGBoost,building_b
2023-12-08 05:00:00,29.1,31.70873,XGBoost,building_b
2023-12-08 06:00:00,39.25,37.85844,XGBoost,building_b
2023-12-08 07:00:00,52.03,55.195213,XGBoost,building_b
2023-12-08 08:00:00,69.13,69.57951,XGBoost,building_b
2023-12-08 09:00:00,71.73,77.82755,XGBoost,building_b
2023-12-08 10:00:00,78.84,80.18427,XGBoost,building_b
2023-12-08 11:00:00,92.55,91.55733,XGBoost,building_b
2023-12-08 12:00:00,86.41,92.16241,XGBoost,building_b
2023-12-08 13:00:00,82.47,91.155525,XGBoost,building_b
2023-12-08 14:00:00,84.56,88.21574,XGBoost,building_b
2023-12-08 15:00:00,75.14,85.49994,XGBoost,building_b
2023-12-08 16:00:00,72.08,76.4151,XGBoost,building_b
2023-12-08 17:00:00,68.7,66.922905,XGBoost,building_b
2023-12-08 18:00:00,55.83,52.032715,XGBoost,building_b
2023-12-08 19:00:00,33.92,38.07855,XGBoost,building_b
2023-12-08 20:00:00,27.31,28.245085,XGBoost,building_b
2023-12-08 21:00:00,25.96,26.704445,XGBoost,building_b
2023-12-08 22:00:00,26.25,25.865208,XGBoost,building_b
2023-12-08 23:00:00,22.88,26.198961,XGBoost,building_b
2023-12-09 00:00:00,25.48,27.490833,XGBoost,building_b
2023-12-09 01:00:00,30.96,26.888836,XGBoost,building_b
2023-12-09 02:00:00,28.0,28.540302,XGBoost,building_b
2023-12-09 03:00:00,28.94,28.919376,XGBoost,building_b
2023-12-09 04:00:00,30.57,28.588093,XGBoost,building_b
2023-12-09 05:00:00,26.83,28.867151,XGBoost,building_b
2023-12-09 06:00:00,29.98,31.827524,XGBoost,building_b
2023-12-09 07:00:00,27.91,28.757685,XGBoost,building_b
2023-12-09 08:00:00,27.91,27.487215,XGBoost,building_b
2023-12-09 09:00:00,28.22,27.45335,XGBoost,building_b
2023-12-09 10:00:00,27.05,27.762886,XGBoost,building_b
2023-12-09 11:00:00,23.72,27.166674,XGBoost,building_b
2023-12-09 12:00:00,27.93,26.198713,XGBoost,building_b
2023-12-09 13:00:00,25.66,28.79691,XGBoost,building_b
2023-12-09 14:00:00,28.41,26.174198,XGBoost,building_b
2023-12-09 15:00:00,27.01,27.110912,XGBoost,building_b
2023-12-09 16:00:00,26.35,26.92248,XGBoost,building_b
2023-12-09 17:00:00,28.56,26.913944,XGBoost,building_b
2023-12-09 18:00:00,29.53,27.497799,XGBoost,building_b
2023-12-09 19:00:00,28.09,27.934849,XGBoost,building_b
2023-12-09 20:00:00,27.19,28.414574,XGBoost,building_b
2023-12-09 21:00:00,29.67,27.914957,XGBoost,building_b
2023-12-09 22:00:00,29.47,28.594646,XGBoost,building_b
2023-12-09 23:00:00,29.98,28.739697,XGBoost,building_b
2023-12-10 00:00:00,31.27,29.188147,XGBoost,building_b
2023-12-10 01:00:00,31.43,29.544615,XGBoost,building_b
2023-12-10 02:00:00,31.12,29.80576,XGBoost,building_b
2023-12-10 03:00:00,29.26,29.490376,XGBoost,building_b
2023-12-10 04:00:00,30.41,29.029325,XGBoost,building_b
2023-12-10 05:00:00,31.29,29.245369,XGBoost,building_b
2023-12-10 06:00:00,27.93,30.208035,XGBoost,building_b
2023-12-10 07:00:00,28.85,28.687414,XGBoost,building_b
2023-12-10 08:00:00,24.57,28.320524,XGBoost,building_b
2023-12-10 09:00:00,28.69,27.23414,XGBoost,building_b
2023-12-10 10:00:00,28.59,28.279018,XGBoost,building_b
2023-12-10 11:00:00,26.21,27.673393,XGBoost,building_b
2023-12-10 12:00:00,29.59,27.899763,XGBoost,building_b
2023-12-10 13:00:00,28.71,28.023994,XGBoost,building_b
2023-12-10 14:00:00,27.12,27.449791,XGBoost,building_b
2023-12-10 15:00:00,24.17,27.137123,XGBoost,building_b
2023-12-10 16:00:00,27.8,27.606758,XGBoost,building_b
2023-12-10 17:00:00,25.97,27.141567,XGBoost,building_b
2023-12-10 18:00:00,28.29,26.856325,XGBoost,building_b
2023-12-10 19:00:00,26.09,27.867123,XGBoost,building_b
2023-12-10 20:00:00,26.13,27.026806,XGBoost,building_b
2023-12-10 21:00:00,25.94,29.96457,XGBoost,building_b
2023-12-10 22:00:00,27.81,27.701141,XGBoost,building_b
2023-12-10 23:00:00,32.36,28.824913,XGBoost,building_b
2023-12-11 00:00:00,23.54,27.986017,XGBoost,building_b
2023-12-11 01:00:00,27.94,26.357077,XGBoost,building_b
2023-12-11 02:00:00,26.055000000000003,27.34863,XGBoost,building_b
2023-12-11 03:00:00,24.17,27.158295,XGBoost,building_b
2023-12-11 04:00:00,28.03,27.098665,XGBoost,building_b
2023-12-11 05:00:00,29.32,30.179665,XGBoost,building_b
2023-12-11 06:00:00,36.87,37.261307,XGBoost,building_b
2023-12-11 07:00:00,58.81,58.19004,XGBoost,building_b
2023-12-11 08:00:00,73.99,72.64026,XGBoost,building_b
2023-12-11 09:00:00,80.24,80.63969,XGBoost,building_b
2023-12-11 10:00:00,85.41,89.9009,XGBoost,building_b
2023-12-11 11:00:00,81.34,92.078186,XGBoost,building_b
2023-12-11 12:00:00,83.65,89.841354,XGBoost,building_b
2023-12-11 13:00:00,94.2,90.90315,XGBoost,building_b
2023-12-11 14:00:00,85.81,90.83829,XGBoost,building_b
2023-12-11 15:00:00,79.71,87.80786,XGBoost,building_b
2023-12-11 16:00:00,74.01,82.53624,XGBoost,building_b
2023-12-11 17:00:00,72.69,67.48825,XGBoost,building_b
2023-12-11 18:00:00,49.8,54.018436,XGBoost,building_b
2023-12-11 19:00:00,39.2,36.555798,XGBoost,building_b
2023-12-11 20:00:00,28.6,29.073908,XGBoost,building_b
2023-12-11 21:00:00,20.99,25.64935,XGBoost,building_b
2023-12-11 22:00:00,24.27,24.344059,XGBoost,building_b
2023-12-11 23:00:00,23.58,24.944443,XGBoost,building_b
2023-12-12 00:00:00,24.89,24.607874,XGBoost,building_b
2023-12-12 01:00:00,22.77,25.162878,XGBoost,building_b
2023-12-12 02:00:00,23.08,25.544567,XGBoost,building_b
2023-12-12 03:00:00,21.71,24.873535,XGBoost,building_b
2023-12-12 04:00:00,25.77,26.14776,XGBoost,building_b
2023-12-12 05:00:00,27.46,28.339191,XGBoost,building_b
2023-12-12 06:00:00,41.92,39.097965,XGBoost,building_b
2023-12-12 07:00:00,62.28,56.16896,XGBoost,building_b
2023-12-12 08:00:00,70.94,70.08673,XGBoost,building_b
2023-12-12 09:00:00,74.44,75.76775,XGBoost,building_b
2023-12-12 10:00:00,84.94,82.86799,XGBoost,building_b
2023-12-12 11:00:00,79.65,87.65918,XGBoost,building_b
2023-12-12 12:00:00,78.41,87.50973,XGBoost,building_b
2023-12-12 13:00:00,88.96,86.985214,XGBoost,building_b
2023-12-12 14:00:00,88.06,86.138214,XGBoost,building_b
2023-12-12 15:00:00,79.9,84.5003,XGBoost,building_b
2023-12-12 16:00:00,70.81,77.84019,XGBoost,building_b
2023-12-12 17:00:00,64.78,67.65768,XGBoost,building_b
2023-12-12 18:00:00,54.1,51.394142,XGBoost,building_b
2023-12-12 19:00:00,35.61,37.34517,XGBoost,building_b
2023-12-12 20:00:00,28.0,28.338112,XGBoost,building_b
2023-12-12 21:00:00,27.41,25.566164,XGBoost,building_b
2023-12-12 22:00:00,26.25,25.572126,XGBoost,building_b
2023-12-12 23:00:00,24.51,25.420107,XGBoost,building_b
2023-12-13 00:00:00,24.47,24.897915,XGBoost,building_b
2023-12-13 01:00:00,25.51,24.274937,XGBoost,building_b
2023-12-13 02:00:00,25.8,24.93733,XGBoost,building_b
2023-12-13 03:00:00,24.23,25.354328,XGBoost,building_b
2023-12-13 04:00:00,27.38,25.706682,XGBoost,building_b
2023-12-13 05:00:00,31.12,28.46818,XGBoost,building_b
2023-12-13 06:00:00,35.79,38.47187,XGBoost,building_b
2023-12-13 07:00:00,50.39,53.774754,XGBoost,building_b
2023-12-13 08:00:00,63.71,68.55146,XGBoost,building_b
2023-12-13 09:00:00,79.26,72.46107,XGBoost,building_b
2023-12-13 10:00:00,75.73,84.77618,XGBoost,building_b
2023-12-13 11:00:00,86.76,82.305984,XGBoost,building_b
2023-12-13 12:00:00,84.94,89.178955,XGBoost,building_b
2023-12-13 13:00:00,86.36,91.51146,XGBoost,building_b
2023-12-13 14:00:00,73.73,88.401,XGBoost,building_b
2023-12-13 15:00:00,83.5,79.606155,XGBoost,building_b
2023-12-13 16:00:00,78.49,79.17945,XGBoost,building_b
2023-12-13 17:00:00,58.99,66.21698,XGBoost,building_b
2023-12-13 18:00:00,49.3,48.63631,XGBoost,building_b
2023-12-13 19:00:00,34.27,35.760464,XGBoost,building_b
2023-12-13 20:00:00,28.38,29.620256,XGBoost,building_b
2023-12-13 21:00:00,22.76,27.530306,XGBoost,building_b
2023-12-13 22:00:00,25.38,26.969296,XGBoost,building_b
2023-12-13 23:00:00,22.48,26.63529,XGBoost,building_b
2023-12-14 00:00:00,22.43,26.259758,XGBoost,building_b
2023-12-14 01:00:00,22.72,27.351084,XGBoost,building_b
2023-12-14 02:00:00,22.51,27.295933,XGBoost,building_b
2023-12-14 03:00:00,26.0,27.393274,XGBoost,building_b
2023-12-14 04:00:00,26.2,29.179918,XGBoost,building_b
2023-12-14 05:00:00,28.45,32.30124,XGBoost,building_b
2023-12-14 06:00:00,32.69,36.273136,XGBoost,building_b
2023-12-14 07:00:00,54.2,44.938374,XGBoost,building_b
2023-12-14 08:00:00,66.35,67.86878,XGBoost,building_b
2023-12-14 09:00:00,83.95,74.876015,XGBoost,building_b
2023-12-14 10:00:00,73.44,86.10386,XGBoost,building_b
2023-12-14 11:00:00,90.64,83.82043,XGBoost,building_b
2023-12-14 12:00:00,86.98,89.0189,XGBoost,building_b
2023-12-14 13:00:00,80.21,89.69379,XGBoost,building_b
2023-12-14 14:00:00,82.84,87.42664,XGBoost,building_b
2023-12-14 15:00:00,84.07,84.61036,XGBoost,building_b
2023-12-14 16:00:00,80.99,80.4634,XGBoost,building_b
2023-12-14 17:00:00,65.82499999999999,63.377872,XGBoost,building_b
2023-12-14 18:00:00,50.66,50.63458,XGBoost,building_b
2023-12-14 19:00:00,38.57,38.07323,XGBoost,building_b
2023-12-14 20:00:00,28.41,29.263544,XGBoost,building_b
2023-12-14 21:00:00,25.4,25.321709,XGBoost,building_b
2023-12-14 22:00:00,23.82,25.56132,XGBoost,building_b
2023-12-14 23:00:00,24.52,24.83172,XGBoost,building_b
2023-12-15 00:00:00,25.18,25.435312,XGBoost,building_b
2023-12-15 01:00:00,25.35,25.538004,XGBoost,building_b
2023-12-15 02:00:00,26.42,25.992245,XGBoost,building_b
2023-12-15 03:00:00,23.31,27.82989,XGBoost,building_b
2023-12-15 04:00:00,27.07,28.032743,XGBoost,building_b
2023-12-15 05:00:00,29.39,29.621964,XGBoost,building_b
2023-12-15 06:00:00,41.17,38.2964,XGBoost,building_b
2023-12-15 07:00:00,53.75,56.925785,XGBoost,building_b
2023-12-15 08:00:00,68.38,71.07774,XGBoost,building_b
2023-12-15 09:00:00,71.53,76.38293,XGBoost,building_b
2023-12-15 10:00:00,79.84,80.08857,XGBoost,building_b
2023-12-15 11:00:00,90.37,87.7371,XGBoost,building_b
2023-12-15 12:00:00,90.3,91.32319,XGBoost,building_b
2023-12-15 13:00:00,88.42,90.11683,XGBoost,building_b
2023-12-15 14:00:00,83.6,89.153275,XGBoost,building_b
2023-12-15 15:00:00,79.17,85.34024,XGBoost,building_b
2023-12-15 16:00:00,81.72,81.245476,XGBoost,building_b
2023-12-15 17:00:00,69.99,65.80152,XGBoost,building_b
2023-12-15 18:00:00,46.46,52.18663,XGBoost,building_b
2023-12-15 19:00:00,30.75,34.986717,XGBoost,building_b
2023-12-15 20:00:00,26.5,27.0172,XGBoost,building_b
2023-12-15 21:00:00,24.2,26.238419,XGBoost,building_b
2023-12-15 22:00:00,24.66,24.864239,XGBoost,building_b
2023-12-15 23:00:00,25.1,25.174582,XGBoost,building_b
2023-12-16 00:00:00,28.38,26.672018,XGBoost,building_b
2023-12-16 01:00:00,28.72,29.632671,XGBoost,building_b
2023-12-16 02:00:00,25.77,28.632042,XGBoost,building_b
2023-12-16 03:00:00,30.66,27.505587,XGBoost,building_b
2023-12-16 04:00:00,30.37,33.175087,XGBoost,building_b
2023-12-16 05:00:00,27.09,29.312748,XGBoost,building_b
2023-12-16 06:00:00,26.89,28.947296,XGBoost,building_b
2023-12-16 07:00:00,27.07,28.596033,XGBoost,building_b
2023-12-16 08:00:00,27.62,28.813068,XGBoost,building_b
2023-12-16 09:00:00,29.92,27.919365,XGBoost,building_b
2023-12-16 10:00:00,27.56,28.103773,XGBoost,building_b
2023-12-16 11:00:00,27.65,27.30904,XGBoost,building_b
2023-12-16 12:00:00,24.24,27.729815,XGBoost,building_b
2023-12-16 13:00:00,29.64,25.887018,XGBoost,building_b
2023-12-16 14:00:00,28.49,28.128675,XGBoost,building_b
2023-12-16 15:00:00,25.95,27.685087,XGBoost,building_b
2023-12-16 16:00:00,25.58,25.899551,XGBoost,building_b
2023-12-16 17:00:00,26.1,26.709745,XGBoost,building_b
2023-12-16 18:00:00,27.18,27.075901,XGBoost,building_b
2023-12-16 19:00:00,28.69,26.65792,XGBoost,building_b
2023-12-16 20:00:00,23.59,27.408253,XGBoost,building_b
2023-12-16 21:00:00,29.02,26.443295,XGBoost,building_b
2023-12-16 22:00:00,28.0,27.687567,XGBoost,building_b
2023-12-16 23:00:00,27.01,28.324903,XGBoost,building_b
2023-12-17 00:00:00,29.73,28.623146,XGBoost,building_b
2023-12-17 01:00:00,28.77,29.859354,XGBoost,building_b
2023-12-17 02:00:00,29.1,29.287325,XGBoost,building_b
2023-12-17 03:00:00,28.23,28.955164,XGBoost,building_b
2023-12-17 04:00:00,27.36,28.812693,XGBoost,building_b
2023-12-17 05:00:00,28.31,29.06065,XGBoost,building_b
2023-12-17 06:00:00,25.15,27.858429,XGBoost,building_b
2023-12-17 07:00:00,28.82,27.70251,XGBoost,building_b
2023-12-17 08:00:00,28.26,28.243889,XGBoost,building_b
2023-12-17 09:00:00,27.33,27.909252,XGBoost,building_b
2023-12-17 10:00:00,27.06,27.027151,XGBoost,building_b
2023-12-17 11:00:00,26.87,27.687986,XGBoost,building_b
2023-12-17 12:00:00,25.24,27.138914,XGBoost,building_b
2023-12-17 13:00:00,28.32,26.666689,XGBoost,building_b
2023-12-17 14:00:00,25.24,27.402563,XGBoost,building_b
2023-12-17 15:00:00,26.1,25.727173,XGBoost,building_b
2023-12-17 16:00:00,25.64,27.43175,XGBoost,building_b
2023-12-17 17:00:00,26.75,27.05322,XGBoost,building_b
2023-12-17 18:00:00,25.89,27.476582,XGBoost,building_b
2023-12-17 19:00:00,30.51,27.394348,XGBoost,building_b
2023-12-17 20:00:00,26.78,27.839455,XGBoost,building_b
2023-12-17 21:00:00,31.5,28.216724,XGBoost,building_b
2023-12-17 22:00:00,30.37,30.164738,XGBoost,building_b
2023-12-17 23:00:00,30.63,30.173481,XGBoost,building_b
2023-12-18 00:00:00,23.03,28.395088,XGBoost,building_b
2023-12-18 01:00:00,26.42,27.416162,XGBoost,building_b
2023-12-18 02:00:00,25.89,28.212593,XGBoost,building_b
2023-12-18 03:00:00,26.31,27.979826,XGBoost,building_b
2023-12-18 04:00:00,30.08,29.3624,XGBoost,building_b
2023-12-18 05:00:00,30.87,31.202572,XGBoost,building_b
2023-12-18 06:00:00,38.3,39.548985,XGBoost,building_b
2023-12-18 07:00:00,58.73,56.75643,XGBoost,building_b
2023-12-18 08:00:00,76.3,72.21052,XGBoost,building_b
2023-12-18 09:00:00,73.28,80.34727,XGBoost,building_b
2023-12-18 10:00:00,95.06,82.947876,XGBoost,building_b
2023-12-18 11:00:00,91.065,88.58284,XGBoost,building_b
2023-12-18 12:00:00,87.07,91.850266,XGBoost,building_b
2023-12-18 13:00:00,85.21,92.07148,XGBoost,building_b
2023-12-18 14:00:00,79.99,88.22387,XGBoost,building_b
2023-12-18 15:00:00,80.64,84.39431,XGBoost,building_b
2023-12-18 16:00:00,75.16,79.067314,XGBoost,building_b
2023-12-18 17:00:00,71.82,61.977665,XGBoost,building_b
2023-12-18 18:00:00,49.52,51.02577,XGBoost,building_b
2023-12-18 19:00:00,39.665,37.688084,XGBoost,building_b
2023-12-18 20:00:00,29.81,28.576923,XGBoost,building_b
2023-12-18 21:00:00,25.72,25.810677,XGBoost,building_b
2023-12-18 22:00:00,24.0,24.477165,XGBoost,building_b
2023-12-18 23:00:00,25.03,25.459496,XGBoost,building_b
2023-12-19 00:00:00,25.17,24.743757,XGBoost,building_b
2023-12-19 01:00:00,18.86,26.072088,XGBoost,building_b
2023-12-19 02:00:00,23.61,21.710974,XGBoost,building_b
2023-12-19 03:00:00,26.29,24.7133,XGBoost,building_b
2023-12-19 04:00:00,24.5,26.608856,XGBoost,building_b
2023-12-19 05:00:00,29.63,27.37336,XGBoost,building_b
2023-12-19 06:00:00,38.19,39.937363,XGBoost,building_b
2023-12-19 07:00:00,52.22,51.751923,XGBoost,building_b
2023-12-19 08:00:00,68.64,68.42128,XGBoost,building_b
2023-12-19 09:00:00,65.94,73.85089,XGBoost,building_b
2023-12-19 10:00:00,86.27,74.508736,XGBoost,building_b
2023-12-19 11:00:00,80.06,85.44695,XGBoost,building_b
2023-12-19 12:00:00,77.74,88.609825,XGBoost,building_b
2023-12-19 13:00:00,78.9,86.566444,XGBoost,building_b
2023-12-19 14:00:00,80.34,83.959946,XGBoost,building_b
2023-12-19 15:00:00,89.97,80.452805,XGBoost,building_b
2023-12-19 16:00:00,71.46,81.70641,XGBoost,building_b
2023-12-19 17:00:00,68.55,59.183144,XGBoost,building_b
2023-12-19 18:00:00,51.19,47.60558,XGBoost,building_b
2023-12-19 19:00:00,35.36,38.79604,XGBoost,building_b
2023-12-19 20:00:00,27.65,26.355951,XGBoost,building_b
2023-12-19 21:00:00,24.73,24.466288,XGBoost,building_b
2023-12-19 22:00:00,24.1,23.375673,XGBoost,building_b
2023-12-19 23:00:00,24.1,23.425703,XGBoost,building_b
2023-12-20 00:00:00,23.55,23.624006,XGBoost,building_b
2023-12-20 01:00:00,25.11,22.677782,XGBoost,building_b
2023-12-20 02:00:00,25.65,25.223755,XGBoost,building_b
2023-12-20 03:00:00,27.24,26.15121,XGBoost,building_b
2023-12-20 04:00:00,24.52,27.378468,XGBoost,building_b
2023-12-20 05:00:00,25.07,29.678839,XGBoost,building_b
2023-12-20 06:00:00,38.33,32.926647,XGBoost,building_b
2023-12-20 07:00:00,46.48,54.598804,XGBoost,building_b
2023-12-20 08:00:00,70.07,64.020485,XGBoost,building_b
2023-12-20 09:00:00,72.66,73.22489,XGBoost,building_b
2023-12-20 10:00:00,75.73,80.92624,XGBoost,building_b
2023-12-20 11:00:00,332.69,82.194855,XGBoost,building_b
2023-12-20 12:00:00,86.81,69.35188,XGBoost,building_b
2023-12-20 13:00:00,80.47,87.395706,XGBoost,building_b
2023-12-20 14:00:00,86.57,83.15642,XGBoost,building_b
2023-12-20 15:00:00,84.75,85.74318,XGBoost,building_b
2023-12-20 16:00:00,78.12,82.820755,XGBoost,building_b
2023-12-20 17:00:00,67.08,70.15394,XGBoost,building_b
2023-12-20 18:00:00,45.31,51.282196,XGBoost,building_b
2023-12-20 19:00:00,33.54,35.77586,XGBoost,building_b
2023-12-20 20:00:00,28.634999999999998,27.407099,XGBoost,building_b
2023-12-20 21:00:00,23.73,25.47375,XGBoost,building_b
2023-12-20 22:00:00,22.32,24.093187,XGBoost,building_b
2023-12-20 23:00:00,25.26,23.976395,XGBoost,building_b
2023-12-21 00:00:00,22.51,24.196276,XGBoost,building_b
2023-12-21 01:00:00,23.38,25.198372,XGBoost,building_b
2023-12-21 02:00:00,24.78,25.209251,XGBoost,building_b
2023-12-21 03:00:00,21.39,25.672338,XGBoost,building_b
2023-12-21 04:00:00,23.87,24.618032,XGBoost,building_b
2023-12-21 05:00:00,27.45,28.674559,XGBoost,building_b
2023-12-21 06:00:00,40.54,43.50669,XGBoost,building_b
2023-12-21 07:00:00,52.56,54.211555,XGBoost,building_b
2023-12-21 08:00:00,70.66,69.755356,XGBoost,building_b
2023-12-21 09:00:00,71.44,81.30848,XGBoost,building_b
2023-12-21 10:00:00,90.7,82.33438,XGBoost,building_b
2023-12-21 11:00:00,85.45,93.04863,XGBoost,building_b
2023-12-21 12:00:00,86.14,89.51801,XGBoost,building_b
2023-12-21 13:00:00,83.28,88.43941,XGBoost,building_b
2023-12-21 14:00:00,88.81,87.97182,XGBoost,building_b
2023-12-21 15:00:00,83.9,86.10889,XGBoost,building_b
2023-12-21 16:00:00,75.07,80.44793,XGBoost,building_b
2023-12-21 17:00:00,64.8,64.83232,XGBoost,building_b
2023-12-21 18:00:00,51.04,47.400723,XGBoost,building_b
2023-12-21 19:00:00,35.46,34.114307,XGBoost,building_b
2023-12-21 20:00:00,26.08,25.178967,XGBoost,building_b
2023-12-21 21:00:00,25.29,24.446146,XGBoost,building_b
2023-12-21 22:00:00,24.01,24.177742,XGBoost,building_b
2023-12-21 23:00:00,24.06,24.913372,XGBoost,building_b
2023-12-22 00:00:00,22.87,24.469294,XGBoost,building_b
2023-12-22 01:00:00,23.52,24.621368,XGBoost,building_b
2023-12-22 02:00:00,26.44,25.228268,XGBoost,building_b
2023-12-22 03:00:00,25.33,25.871498,XGBoost,building_b
2023-12-22 04:00:00,25.85,26.543875,XGBoost,building_b
2023-12-22 05:00:00,28.94,28.784239,XGBoost,building_b
2023-12-22 06:00:00,42.0,39.820858,XGBoost,building_b
2023-12-22 07:00:00,55.06,55.707897,XGBoost,building_b
2023-12-22 08:00:00,68.18,72.51377,XGBoost,building_b
2023-12-22 09:00:00,82.15,83.78037,XGBoost,building_b
2023-12-22 10:00:00,85.14,88.180984,XGBoost,building_b
2023-12-22 11:00:00,81.43,104.48795,XGBoost,building_b
2023-12-22 12:00:00,85.39,90.29631,XGBoost,building_b
2023-12-22 13:00:00,89.66,90.93958,XGBoost,building_b
2023-12-22 14:00:00,91.2,90.02486,XGBoost,building_b
2023-12-22 15:00:00,79.99,86.83312,XGBoost,building_b
2023-12-22 16:00:00,77.76,81.08651,XGBoost,building_b
2023-12-22 17:00:00,67.05,59.372616,XGBoost,building_b
2023-12-22 18:00:00,52.1,50.344463,XGBoost,building_b
2023-12-22 19:00:00,34.42,36.757065,XGBoost,building_b
2023-12-22 20:00:00,23.84,28.623495,XGBoost,building_b
2023-12-22 21:00:00,23.76,25.077728,XGBoost,building_b
2023-12-22 22:00:00,24.28,24.536228,XGBoost,building_b
2023-12-22 23:00:00,25.485,24.909641,XGBoost,building_b
2023-12-23 00:00:00,26.69,27.52634,XGBoost,building_b
2023-12-23 01:00:00,29.65,27.932175,XGBoost,building_b
2023-12-23 02:00:00,27.3,28.780626,XGBoost,building_b
2023-12-23 03:00:00,27.72,28.798054,XGBoost,building_b
2023-12-23 04:00:00,31.39,28.963694,XGBoost,building_b
2023-12-23 05:00:00,28.86,30.097094,XGBoost,building_b
2023-12-23 06:00:00,24.82,30.23367,XGBoost,building_b
2023-12-23 07:00:00,27.44,27.180536,XGBoost,building_b
2023-12-23 08:00:00,30.38,27.69111,XGBoost,building_b
2023-12-23 09:00:00,27.85,28.556234,XGBoost,building_b
2023-12-23 10:00:00,27.47,27.65531,XGBoost,building_b
2023-12-23 11:00:00,25.52,27.42149,XGBoost,building_b
2023-12-23 12:00:00,27.49,26.438862,XGBoost,building_b
2023-12-23 13:00:00,24.95,27.082066,XGBoost,building_b
2023-12-23 14:00:00,28.47,25.851252,XGBoost,building_b
2023-12-23 15:00:00,25.95,27.28024,XGBoost,building_b
2023-12-23 16:00:00,24.68,26.949242,XGBoost,building_b
2023-12-23 17:00:00,24.9,26.659748,XGBoost,building_b
2023-12-23 18:00:00,23.57,26.510136,XGBoost,building_b
2023-12-23 19:00:00,23.57,26.29279,XGBoost,building_b
2023-12-23 20:00:00,28.41,24.977713,XGBoost,building_b
2023-12-23 21:00:00,27.77,26.671892,XGBoost,building_b
2023-12-23 22:00:00,28.54,26.964766,XGBoost,building_b
2023-12-23 23:00:00,27.9,27.71522,XGBoost,building_b
2023-12-24 00:00:00,22.445,28.122377,XGBoost,building_b
2023-12-24 01:00:00,16.99,27.1455,XGBoost,building_b
2023-12-24 02:00:00,15.52,20.1088,XGBoost,building_b
2023-12-24 03:00:00,18.51,18.663288,XGBoost,building_b
2023-12-24 04:00:00,16.99,19.085274,XGBoost,building_b
2023-12-24 05:00:00,16.91,19.989964,XGBoost,building_b
2023-12-24 06:00:00,16.185000000000002,17.96578,XGBoost,building_b
2023-12-24 07:00:00,15.46,18.313456,XGBoost,building_b
2023-12-24 08:00:00,14.44,17.821299,XGBoost,building_b
2023-12-24 09:00:00,15.42,17.665947,XGBoost,building_b
2023-12-24 10:00:00,15.35,18.064116,XGBoost,building_b
2023-12-24 11:00:00,15.22,17.304857,XGBoost,building_b
2023-12-24 12:00:00,14.865,17.883121,XGBoost,building_b
2023-12-24 13:00:00,14.51,17.339165,XGBoost,building_b
2023-12-24 14:00:00,16.04,17.690956,XGBoost,building_b
2023-12-24 15:00:00,14.09,17.196943,XGBoost,building_b
2023-12-24 16:00:00,13.87,16.261719,XGBoost,building_b
2023-12-24 17:00:00,15.34,16.974867,XGBoost,building_b
2023-12-24 18:00:00,16.61,16.444994,XGBoost,building_b
2023-12-24 19:00:00,16.41,16.487436,XGBoost,building_b
2023-12-24 20:00:00,14.65,17.731722,XGBoost,building_b
2023-12-24 21:00:00,17.15,18.731478,XGBoost,building_b
2023-12-24 22:00:00,18.74,18.10506,XGBoost,building_b
2023-12-24 23:00:00,15.7,18.966812,XGBoost,building_b
2023-12-25 00:00:00,17.42,16.51288,XGBoost,building_b
2023-12-25 01:00:00,15.72,16.16933,XGBoost,building_b
2023-12-25 02:00:00,17.99,15.769423,XGBoost,building_b
2023-12-25 03:00:00,15.47,14.762302,XGBoost,building_b
2023-12-25 04:00:00,16.47,17.083164,XGBoost,building_b
2023-12-25 05:00:00,15.75,18.00186,XGBoost,building_b
2023-12-25 06:00:00,16.3,22.686285,XGBoost,building_b
2023-12-25 07:00:00,15.97,26.35323,XGBoost,building_b
2023-12-25 08:00:00,16.79,23.447,XGBoost,building_b
2023-12-25 09:00:00,17.45,21.565153,XGBoost,building_b
2023-12-25 10:00:00,16.81,21.141949,XGBoost,building_b
2023-12-25 11:00:00,15.684999999999999,21.185535,XGBoost,building_b
2023-12-25 12:00:00,14.56,20.821846,XGBoost,building_b
2023-12-25 13:00:00,15.43,20.798363,XGBoost,building_b
2023-12-25 14:00:00,15.53,20.458506,XGBoost,building_b
2023-12-25 15:00:00,15.52,20.599138,XGBoost,building_b
2023-12-25 16:00:00,15.605,19.972591,XGBoost,building_b
2023-12-25 17:00:00,15.69,20.05682,XGBoost,building_b
2023-12-25 18:00:00,14.1,21.65745,XGBoost,building_b
2023-12-25 19:00:00,15.32,16.037664,XGBoost,building_b
2023-12-25 20:00:00,14.0,15.662471,XGBoost,building_b
2023-12-25 21:00:00,14.26,15.481779,XGBoost,building_b
2023-12-25 22:00:00,14.52,12.431195,XGBoost,building_b
2023-12-25 23:00:00,15.58,15.90337,XGBoost,building_b
2023-12-26 00:00:00,14.89,15.434738,XGBoost,building_b
2023-12-26 01:00:00,15.35,15.164454,XGBoost,building_b
2023-12-26 02:00:00,14.58,15.23826,XGBoost,building_b
2023-12-26 03:00:00,17.44,15.563127,XGBoost,building_b
2023-12-26 04:00:00,15.99,15.881563,XGBoost,building_b
2023-12-26 05:00:00,15.38,16.818048,XGBoost,building_b
2023-12-26 06:00:00,21.44,29.99958,XGBoost,building_b
2023-12-26 07:00:00,30.23,44.011284,XGBoost,building_b
2023-12-26 08:00:00,42.85,34.42207,XGBoost,building_b
2023-12-26 09:00:00,49.67,50.202435,XGBoost,building_b
2023-12-26 10:00:00,47.21,53.30501,XGBoost,building_b
2023-12-26 11:00:00,51.43,50.842735,XGBoost,building_b
2023-12-26 12:00:00,51.0,55.131523,XGBoost,building_b
2023-12-26 13:00:00,47.11,52.65543,XGBoost,building_b
2023-12-26 14:00:00,46.07,45.52076,XGBoost,building_b
2023-12-26 15:00:00,51.34,44.817276,XGBoost,building_b
2023-12-26 16:00:00,44.58,46.907356,XGBoost,building_b
2023-12-26 17:00:00,38.1,36.201344,XGBoost,building_b
2023-12-26 18:00:00,31.49,31.935097,XGBoost,building_b
2023-12-26 19:00:00,21.73,28.054804,XGBoost,building_b
2023-12-26 20:00:00,15.44,19.60026,XGBoost,building_b
2023-12-26 21:00:00,15.22,15.38292,XGBoost,building_b
2023-12-26 22:00:00,13.83,14.696025,XGBoost,building_b
2023-12-26 23:00:00,14.13,14.567129,XGBoost,building_b
2023-12-27 00:00:00,15.01,15.535047,XGBoost,building_b
2023-12-27 01:00:00,15.31,11.424875,XGBoost,building_b
2023-12-27 02:00:00,15.48,15.810249,XGBoost,building_b
2023-12-27 03:00:00,15.985,16.132872,XGBoost,building_b
2023-12-27 04:00:00,16.49,16.885948,XGBoost,building_b
2023-12-27 05:00:00,17.89,17.758156,XGBoost,building_b
2023-12-27 06:00:00,23.64,22.82573,XGBoost,building_b
2023-12-27 07:00:00,30.23,30.497541,XGBoost,building_b
2023-12-27 08:00:00,46.71,39.309486,XGBoost,building_b
2023-12-27 09:00:00,46.35,51.795204,XGBoost,building_b
2023-12-27 10:00:00,46.385000000000005,51.571136,XGBoost,building_b
2023-12-27 11:00:00,46.42,49.749847,XGBoost,building_b
2023-12-27 12:00:00,49.75,50.2638,XGBoost,building_b
2023-12-27 13:00:00,48.22,51.653328,XGBoost,building_b
2023-12-27 14:00:00,46.15,48.57041,XGBoost,building_b
2023-12-27 15:00:00,51.78,43.091137,XGBoost,building_b
2023-12-27 16:00:00,45.9,49.175724,XGBoost,building_b
2023-12-27 17:00:00,39.38,39.39963,XGBoost,building_b
2023-12-27 18:00:00,29.3,33.892082,XGBoost,building_b
2023-12-27 19:00:00,20.64,27.071083,XGBoost,building_b
2023-12-27 20:00:00,16.68,17.355589,XGBoost,building_b
2023-12-27 21:00:00,16.23,16.329987,XGBoost,building_b
2023-12-27 22:00:00,16.58,16.09323,XGBoost,building_b
2023-12-27 23:00:00,15.72,16.806713,XGBoost,building_b
2023-12-28 00:00:00,14.33,16.28402,XGBoost,building_b
2023-12-28 01:00:00,16.73,16.553635,XGBoost,building_b
2023-12-28 02:00:00,13.51,17.068289,XGBoost,building_b
2023-12-28 03:00:00,15.74,16.093119,XGBoost,building_b
2023-12-28 04:00:00,17.03,16.988897,XGBoost,building_b
2023-12-28 05:00:00,18.72,18.410673,XGBoost,building_b
2023-12-28 06:00:00,24.64,25.63758,XGBoost,building_b
2023-12-28 07:00:00,33.39,39.503517,XGBoost,building_b
2023-12-28 08:00:00,44.34,41.24331,XGBoost,building_b
2023-12-28 09:00:00,54.93,52.206768,XGBoost,building_b
2023-12-28 10:00:00,51.08,53.972157,XGBoost,building_b
2023-12-28 11:00:00,47.49,55.06532,XGBoost,building_b
2023-12-28 12:00:00,53.45,52.49443,XGBoost,building_b
2023-12-28 13:00:00,62.54,54.531334,XGBoost,building_b
2023-12-28 14:00:00,49.93,58.80099,XGBoost,building_b
2023-12-28 15:00:00,46.88,49.28021,XGBoost,building_b
2023-12-28 16:00:00,47.47,45.13833,XGBoost,building_b
2023-12-28 17:00:00,42.8,41.684223,XGBoost,building_b
2023-12-28 18:00:00,29.25,36.60574,XGBoost,building_b
2023-12-28 19:00:00,19.78,23.850296,XGBoost,building_b
2023-12-28 20:00:00,16.43,21.513653,XGBoost,building_b
2023-12-28 21:00:00,14.21,15.651713,XGBoost,building_b
2023-12-28 22:00:00,14.72,14.285286,XGBoost,building_b
2023-12-28 23:00:00,16.17,14.921952,XGBoost,building_b
2023-12-29 00:00:00,12.61,15.416038,XGBoost,building_b
2023-12-29 01:00:00,14.46,15.668276,XGBoost,building_b
2023-12-29 02:00:00,13.64,16.277077,XGBoost,building_b
2023-12-29 03:00:00,14.530000000000001,15.854982,XGBoost,building_b
2023-12-29 04:00:00,15.42,17.281822,XGBoost,building_b
2023-12-29 05:00:00,16.76,16.995089,XGBoost,building_b
2023-12-29 06:00:00,22.98,24.945398,XGBoost,building_b
2023-12-29 07:00:00,33.695,33.744617,XGBoost,building_b
2023-12-29 08:00:00,44.41,40.271145,XGBoost,building_b
2023-12-29 09:00:00,42.38,51.86841,XGBoost,building_b
2023-12-29 10:00:00,52.51,52.61394,XGBoost,building_b
2023-12-29 11:00:00,46.28,53.469654,XGBoost,building_b
2023-12-29 12:00:00,48.84,51.59765,XGBoost,building_b
2023-12-29 13:00:00,45.29,50.494324,XGBoost,building_b
2023-12-29 14:00:00,48.58,47.203495,XGBoost,building_b
2023-12-29 15:00:00,43.44,48.39897,XGBoost,building_b
2023-12-29 16:00:00,47.71,43.818943,XGBoost,building_b
2023-12-29 17:00:00,41.44,38.6666,XGBoost,building_b
2023-12-29 18:00:00,27.56,35.76149,XGBoost,building_b
2023-12-29 19:00:00,18.98,22.850218,XGBoost,building_b
2023-12-29 20:00:00,16.63,15.887259,XGBoost,building_b
2023-12-29 21:00:00,15.06,15.884599,XGBoost,building_b
2023-12-29 22:00:00,14.61,15.761881,XGBoost,building_b
2023-12-29 23:00:00,14.26,15.375761,XGBoost,building_b
2023-12-30 00:00:00,14.65,15.113657,XGBoost,building_b
2023-12-30 01:00:00,16.88,16.381884,XGBoost,building_b
2023-12-30 02:00:00,16.14,16.639212,XGBoost,building_b
2023-12-30 03:00:00,16.03,16.23006,XGBoost,building_b
2023-12-30 04:00:00,17.76,16.581598,XGBoost,building_b
2023-12-30 05:00:00,16.69,16.375784,XGBoost,building_b
2023-12-30 06:00:00,17.5,18.477571,XGBoost,building_b
2023-12-30 07:00:00,17.49,18.344364,XGBoost,building_b
2023-12-30 08:00:00,14.38,17.631819,XGBoost,building_b
2023-12-30 09:00:00,15.11,17.470585,XGBoost,building_b
2023-12-30 10:00:00,16.6,17.11384,XGBoost,building_b
2023-12-30 11:00:00,15.28,17.69803,XGBoost,building_b
2023-12-30 12:00:00,14.65,16.827808,XGBoost,building_b
2023-12-30 13:00:00,15.38,16.130733,XGBoost,building_b
2023-12-30 14:00:00,13.86,16.93077,XGBoost,building_b
2023-12-30 15:00:00,14.38,16.366976,XGBoost,building_b
2023-12-30 16:00:00,14.77,16.863892,XGBoost,building_b
2023-12-30 17:00:00,14.26,16.71334,XGBoost,building_b
2023-12-30 18:00:00,18.13,16.900452,XGBoost,building_b
2023-12-30 19:00:00,14.42,16.233421,XGBoost,building_b
2023-12-30 20:00:00,15.13,15.40744,XGBoost,building_b
2023-12-30 21:00:00,14.72,15.276683,XGBoost,building_b
2023-12-30 22:00:00,15.41,15.703742,XGBoost,building_b
2023-12-30 23:00:00,16.26,15.687246,XGBoost,building_b
2023-12-31 00:00:00,14.79,16.232084,XGBoost,building_b
2023-12-31 01:00:00,17.31,16.153187,XGBoost,building_b
2023-12-31 02:00:00,18.41,19.610323,XGBoost,building_b
2023-12-31 03:00:00,16.5,16.67802,XGBoost,building_b
2023-12-31 04:00:00,16.2,16.582626,XGBoost,building_b
2023-12-31 05:00:00,14.69,16.287544,XGBoost,building_b
2023-12-31 06:00:00,16.07,16.692387,XGBoost,building_b
2023-12-31 07:00:00,17.92,17.452633,XGBoost,building_b
2023-12-31 08:00:00,15.83,16.162176,XGBoost,building_b
2023-12-31 09:00:00,16.73,16.010475,XGBoost,building_b
2023-12-31 10:00:00,14.1,16.404953,XGBoost,building_b
2023-12-31 11:00:00,17.0,15.069401,XGBoost,building_b
2023-12-31 12:00:00,16.26,16.529245,XGBoost,building_b
2023-12-31 13:00:00,15.7,20.097206,XGBoost,building_b
2023-12-31 14:00:00,16.02,18.176292,XGBoost,building_b
2023-12-31 15:00:00,14.71,16.107021,XGBoost,building_b
2023-12-31 16:00:00,15.09,15.935953,XGBoost,building_b
2023-12-31 17:00:00,15.53,15.770896,XGBoost,building_b
2023-12-31 18:00:00,15.52,15.536093,XGBoost,building_b
2023-12-31 19:00:00,17.16,15.331995,XGBoost,building_b
2023-12-31 20:00:00,14.69,15.765867,XGBoost,building_b
2023-12-31 21:00:00,17.21,15.788366,XGBoost,building_b
2023-12-31 22:00:00,17.73,16.543863,XGBoost,building_b
2023-12-31 23:00:00,16.96,16.88742,XGBoost,building_b
