Timestamp,actual,predicted,model,dataset
2023-09-14 13:00:00,0.44,0.59452236,XGBoost,home_c
2023-09-14 14:00:00,0.37,0.5580975,XGBoost,home_c
2023-09-14 15:00:00,0.61,0.56754875,XGBoost,home_c
2023-09-14 16:00:00,0.4,0.60228735,XGBoost,home_c
2023-09-14 17:00:00,0.44,0.7038864,XGBoost,home_c
2023-09-14 18:00:00,1.21,1.137069,XGBoost,home_c
2023-09-14 19:00:00,1.29,1.5717379,XGBoost,home_c
2023-09-14 20:00:00,1.35,1.590555,XGBoost,home_c
2023-09-14 21:00:00,1.27,1.6315624,XGBoost,home_c
2023-09-14 22:00:00,1.03,1.2078471,XGBoost,home_c
2023-09-14 23:00:00,0.75,0.88552135,XGBoost,home_c
2023-09-15 00:00:00,0.47,0.5859409,XGBoost,home_c
2023-09-15 01:00:00,0.48,0.50999165,XGBoost,home_c
2023-09-15 02:00:00,0.46,0.6876395,XGBoost,home_c
2023-09-15 03:00:00,0.48,0.6490149,XGBoost,home_c
2023-09-15 04:00:00,0.5,0.73274094,XGBoost,home_c
2023-09-15 05:00:00,1.03,0.729809,XGBoost,home_c
2023-09-15 06:00:00,0.81,1.1455238,XGBoost,home_c
2023-09-15 07:00:00,0.92,1.2233665,XGBoost,home_c
2023-09-15 08:00:00,0.7,1.0464189,XGBoost,home_c
2023-09-15 09:00:00,0.95,0.814212,XGBoost,home_c
2023-09-15 10:00:00,0.83,0.59905213,XGBoost,home_c
2023-09-15 11:00:00,0.34,0.6518255,XGBoost,home_c
2023-09-15 12:00:00,0.33,0.522997,XGBoost,home_c
2023-09-15 13:00:00,0.3,0.5733742,XGBoost,home_c
2023-09-15 14:00:00,0.34,0.731539,XGBoost,home_c
2023-09-15 15:00:00,0.61,0.7771589,XGBoost,home_c
2023-09-15 16:00:00,2.72,0.5827192,XGBoost,home_c
2023-09-15 17:00:00,0.63,1.0027472,XGBoost,home_c
2023-09-15 18:00:00,0.94,1.1836052,XGBoost,home_c
2023-09-15 19:00:00,1.85,1.5189605,XGBoost,home_c
2023-09-15 20:00:00,1.665,1.78843,XGBoost,home_c
2023-09-15 21:00:00,1.48,1.6519024,XGBoost,home_c
2023-09-15 22:00:00,0.73,1.220461,XGBoost,home_c
2023-09-15 23:00:00,0.53,0.8722435,XGBoost,home_c
2023-09-16 00:00:00,0.61,0.72918826,XGBoost,home_c
2023-09-16 01:00:00,0.38,0.7379736,XGBoost,home_c
2023-09-16 02:00:00,0.61,0.67663026,XGBoost,home_c
2023-09-16 03:00:00,0.41,0.6582017,XGBoost,home_c
2023-09-16 04:00:00,0.68,0.774306,XGBoost,home_c
2023-09-16 05:00:00,1.0,0.99725187,XGBoost,home_c
2023-09-16 06:00:00,1.0,0.98600864,XGBoost,home_c
2023-09-16 07:00:00,0.84,1.1063925,XGBoost,home_c
2023-09-16 08:00:00,1.12,1.0113236,XGBoost,home_c
2023-09-16 09:00:00,0.64,1.1436858,XGBoost,home_c
2023-09-16 10:00:00,0.52,0.94193256,XGBoost,home_c
2023-09-16 11:00:00,0.8,1.006948,XGBoost,home_c
2023-09-16 12:00:00,0.42,0.8162209,XGBoost,home_c
2023-09-16 13:00:00,0.46499999999999997,0.9303999,XGBoost,home_c
2023-09-16 14:00:00,0.51,0.8369488,XGBoost,home_c
2023-09-16 15:00:00,0.69,0.80744374,XGBoost,home_c
2023-09-16 16:00:00,0.43,1.24644,XGBoost,home_c
2023-09-16 17:00:00,0.6,0.80479366,XGBoost,home_c
2023-09-16 18:00:00,1.12,1.3367052,XGBoost,home_c
2023-09-16 19:00:00,2.07,1.5379916,XGBoost,home_c
2023-09-16 20:00:00,1.94,1.9025495,XGBoost,home_c
2023-09-16 21:00:00,2.42,1.569636,XGBoost,home_c
2023-09-16 22:00:00,1.49,1.1389043,XGBoost,home_c
2023-09-16 23:00:00,0.71,0.85799915,XGBoost,home_c
2023-09-17 00:00:00,0.56,0.62077564,XGBoost,home_c
2023-09-17 01:00:00,0.38,0.61831343,XGBoost,home_c
2023-09-17 02:00:00,0.76,0.57805187,XGBoost,home_c
2023-09-17 03:00:00,0.67,0.55262184,XGBoost,home_c
2023-09-17 04:00:00,0.75,0.7869598,XGBoost,home_c
2023-09-17 05:00:00,0.52,0.8827982,XGBoost,home_c
2023-09-17 06:00:00,0.82,0.867039,XGBoost,home_c
2023-09-17 07:00:00,3.78,1.0511211,XGBoost,home_c
2023-09-17 08:00:00,1.1,0.9616909,XGBoost,home_c
2023-09-17 09:00:00,0.65,0.95278454,XGBoost,home_c
2023-09-17 10:00:00,0.86,0.7051391,XGBoost,home_c
2023-09-17 11:00:00,3.75,0.8343793,XGBoost,home_c
2023-09-17 12:00:00,0.91,0.76892865,XGBoost,home_c
2023-09-17 13:00:00,0.65,0.82220054,XGBoost,home_c
2023-09-17 14:00:00,0.62,0.6642421,XGBoost,home_c
2023-09-17 15:00:00,0.88,0.7241993,XGBoost,home_c
2023-09-17 16:00:00,0.72,0.9189556,XGBoost,home_c
2023-09-17 17:00:00,0.92,0.95374227,XGBoost,home_c
2023-09-17 18:00:00,3.45,1.2441946,XGBoost,home_c
2023-09-17 19:00:00,2.17,1.749327,XGBoost,home_c
2023-09-17 20:00:00,1.42,1.7141713,XGBoost,home_c
2023-09-17 21:00:00,1.43,1.6127079,XGBoost,home_c
2023-09-17 22:00:00,0.87,1.1503015,XGBoost,home_c
2023-09-17 23:00:00,0.92,0.79814863,XGBoost,home_c
2023-09-18 00:00:00,0.56,0.53265953,XGBoost,home_c
2023-09-18 01:00:00,0.48,0.6773084,XGBoost,home_c
2023-09-18 02:00:00,0.53,0.6183717,XGBoost,home_c
2023-09-18 03:00:00,0.42,0.684899,XGBoost,home_c
2023-09-18 04:00:00,0.61,0.79452664,XGBoost,home_c
2023-09-18 05:00:00,0.62,0.99856776,XGBoost,home_c
2023-09-18 06:00:00,0.85,1.0443509,XGBoost,home_c
2023-09-18 07:00:00,0.81,1.0668992,XGBoost,home_c
2023-09-18 08:00:00,0.61,1.0726047,XGBoost,home_c
2023-09-18 09:00:00,0.56,0.68121433,XGBoost,home_c
2023-09-18 10:00:00,0.51,0.5632999,XGBoost,home_c
2023-09-18 11:00:00,0.42,0.61244696,XGBoost,home_c
2023-09-18 12:00:00,0.38,0.68677133,XGBoost,home_c
2023-09-18 13:00:00,0.5,0.60069823,XGBoost,home_c
2023-09-18 14:00:00,0.48,0.6984626,XGBoost,home_c
2023-09-18 15:00:00,0.51,0.70350283,XGBoost,home_c
2023-09-18 16:00:00,0.5,0.75409395,XGBoost,home_c
2023-09-18 17:00:00,0.95,1.0047348,XGBoost,home_c
2023-09-18 18:00:00,1.03,1.0840377,XGBoost,home_c
2023-09-18 19:00:00,1.5,1.715802,XGBoost,home_c
2023-09-18 20:00:00,2.5,1.9575232,XGBoost,home_c
2023-09-18 21:00:00,1.23,1.6914458,XGBoost,home_c
2023-09-18 22:00:00,3.8,1.0732793,XGBoost,home_c
2023-09-18 23:00:00,0.99,0.9401674,XGBoost,home_c
2023-09-19 00:00:00,0.43,0.5527505,XGBoost,home_c
2023-09-19 01:00:00,0.36,0.6931465,XGBoost,home_c
2023-09-19 02:00:00,0.23,0.6908138,XGBoost,home_c
2023-09-19 03:00:00,0.52,0.691058,XGBoost,home_c
2023-09-19 04:00:00,0.61,0.7565257,XGBoost,home_c
2023-09-19 05:00:00,0.78,0.69208133,XGBoost,home_c
2023-09-19 06:00:00,0.84,1.0471399,XGBoost,home_c
2023-09-19 07:00:00,0.74,1.2344434,XGBoost,home_c
2023-09-19 08:00:00,0.95,1.0638058,XGBoost,home_c
2023-09-19 09:00:00,0.6,0.75357956,XGBoost,home_c
2023-09-19 10:00:00,0.44,0.63304967,XGBoost,home_c
2023-09-19 11:00:00,0.41,0.5537861,XGBoost,home_c
2023-09-19 12:00:00,0.55,0.6285308,XGBoost,home_c
2023-09-19 13:00:00,1.8,0.56993747,XGBoost,home_c
2023-09-19 14:00:00,0.4,0.929296,XGBoost,home_c
2023-09-19 15:00:00,0.39,0.6037453,XGBoost,home_c
2023-09-19 16:00:00,0.53,0.7274506,XGBoost,home_c
2023-09-19 17:00:00,1.13,0.8012261,XGBoost,home_c
2023-09-19 18:00:00,0.85,1.3110946,XGBoost,home_c
2023-09-19 19:00:00,1.42,1.5479571,XGBoost,home_c
2023-09-19 20:00:00,1.63,1.8063974,XGBoost,home_c
2023-09-19 21:00:00,1.64,1.6072316,XGBoost,home_c
2023-09-19 22:00:00,0.93,1.1239923,XGBoost,home_c
2023-09-19 23:00:00,0.54,0.78310746,XGBoost,home_c
2023-09-20 00:00:00,0.52,0.51895577,XGBoost,home_c
2023-09-20 01:00:00,0.34,0.5966251,XGBoost,home_c
2023-09-20 02:00:00,0.52,0.5640279,XGBoost,home_c
2023-09-20 03:00:00,0.5,0.70327884,XGBoost,home_c
2023-09-20 04:00:00,0.76,0.7332917,XGBoost,home_c
2023-09-20 05:00:00,0.75,0.7959777,XGBoost,home_c
2023-09-20 06:00:00,1.0,1.078457,XGBoost,home_c
2023-09-20 07:00:00,1.26,0.993674,XGBoost,home_c
2023-09-20 08:00:00,1.21,0.9868963,XGBoost,home_c
2023-09-20 09:00:00,0.8,0.7454384,XGBoost,home_c
2023-09-20 10:00:00,0.53,0.71136945,XGBoost,home_c
2023-09-20 11:00:00,0.37,0.67499506,XGBoost,home_c
2023-09-20 12:00:00,0.48,0.6033844,XGBoost,home_c
2023-09-20 13:00:00,0.31,0.700904,XGBoost,home_c
2023-09-20 14:00:00,0.6,0.58141744,XGBoost,home_c
2023-09-20 15:00:00,0.39,0.5701739,XGBoost,home_c
2023-09-20 16:00:00,0.34,0.56075364,XGBoost,home_c
2023-09-20 17:00:00,0.83,0.9415922,XGBoost,home_c
2023-09-20 18:00:00,0.82,1.2252176,XGBoost,home_c
2023-09-20 19:00:00,2.82,1.5433048,XGBoost,home_c
2023-09-20 20:00:00,1.11,1.8196772,XGBoost,home_c
2023-09-20 21:00:00,1.36,1.6391586,XGBoost,home_c
2023-09-20 22:00:00,0.86,1.1614951,XGBoost,home_c
2023-09-20 23:00:00,0.83,0.80498856,XGBoost,home_c
2023-09-21 00:00:00,0.39,0.5647785,XGBoost,home_c
2023-09-21 01:00:00,0.57,0.6439998,XGBoost,home_c
2023-09-21 02:00:00,0.6,0.5404259,XGBoost,home_c
2023-09-21 03:00:00,0.29,0.6309794,XGBoost,home_c
2023-09-21 04:00:00,2.4,0.6832194,XGBoost,home_c
2023-09-21 05:00:00,0.79,0.77890253,XGBoost,home_c
2023-09-21 06:00:00,1.14,0.99576765,XGBoost,home_c
2023-09-21 07:00:00,0.9,1.0836983,XGBoost,home_c
2023-09-21 08:00:00,1.02,0.8629558,XGBoost,home_c
2023-09-21 09:00:00,0.59,0.6718518,XGBoost,home_c
2023-09-21 10:00:00,0.51,0.48777908,XGBoost,home_c
2023-09-21 11:00:00,0.44,0.60839134,XGBoost,home_c
2023-09-21 12:00:00,0.29,0.6040646,XGBoost,home_c
2023-09-21 13:00:00,0.44,0.5896348,XGBoost,home_c
2023-09-21 14:00:00,0.44,0.54159415,XGBoost,home_c
2023-09-21 15:00:00,0.33,0.5620348,XGBoost,home_c
2023-09-21 16:00:00,0.86,0.68893635,XGBoost,home_c
2023-09-21 17:00:00,0.71,0.97562003,XGBoost,home_c
2023-09-21 18:00:00,0.79,1.1388755,XGBoost,home_c
2023-09-21 19:00:00,1.25,1.34311,XGBoost,home_c
2023-09-21 20:00:00,1.7,1.5732487,XGBoost,home_c
2023-09-21 21:00:00,1.15,1.5772171,XGBoost,home_c
2023-09-21 22:00:00,1.46,1.0434326,XGBoost,home_c
2023-09-21 23:00:00,0.94,0.84613925,XGBoost,home_c
2023-09-22 00:00:00,0.42,0.590806,XGBoost,home_c
2023-09-22 01:00:00,0.47,0.56346184,XGBoost,home_c
2023-09-22 02:00:00,0.53,0.6486153,XGBoost,home_c
2023-09-22 03:00:00,0.7,0.6842596,XGBoost,home_c
2023-09-22 04:00:00,0.61,0.84256077,XGBoost,home_c
2023-09-22 05:00:00,0.37,0.77232546,XGBoost,home_c
2023-09-22 06:00:00,1.06,1.1868558,XGBoost,home_c
2023-09-22 07:00:00,1.1,1.1294631,XGBoost,home_c
2023-09-22 08:00:00,0.78,0.93948454,XGBoost,home_c
2023-09-22 09:00:00,0.57,0.82122976,XGBoost,home_c
2023-09-22 10:00:00,0.54,0.6209958,XGBoost,home_c
2023-09-22 11:00:00,0.58,0.60604227,XGBoost,home_c
2023-09-22 12:00:00,0.47,0.67785305,XGBoost,home_c
2023-09-22 13:00:00,0.74,0.5308121,XGBoost,home_c
2023-09-22 14:00:00,0.51,0.7454665,XGBoost,home_c
2023-09-22 15:00:00,0.44,0.59168416,XGBoost,home_c
2023-09-22 16:00:00,0.71,0.76827514,XGBoost,home_c
2023-09-22 17:00:00,0.71,0.8645215,XGBoost,home_c
2023-09-22 18:00:00,0.89,1.1892611,XGBoost,home_c
2023-09-22 19:00:00,1.57,1.6385651,XGBoost,home_c
2023-09-22 20:00:00,1.13,2.0198326,XGBoost,home_c
2023-09-22 21:00:00,1.96,1.631841,XGBoost,home_c
2023-09-22 22:00:00,1.48,1.2923163,XGBoost,home_c
2023-09-22 23:00:00,0.54,1.0662837,XGBoost,home_c
2023-09-23 00:00:00,0.58,0.5817846,XGBoost,home_c
2023-09-23 01:00:00,0.97,0.6165622,XGBoost,home_c
2023-09-23 02:00:00,2.58,0.65658253,XGBoost,home_c
2023-09-23 03:00:00,0.36,0.6420702,XGBoost,home_c
2023-09-23 04:00:00,0.89,0.7196822,XGBoost,home_c
2023-09-23 05:00:00,1.0,0.856022,XGBoost,home_c
2023-09-23 06:00:00,0.71,1.1526201,XGBoost,home_c
2023-09-23 07:00:00,1.42,1.264325,XGBoost,home_c
2023-09-23 08:00:00,1.24,1.0685302,XGBoost,home_c
2023-09-23 09:00:00,0.91,0.8877381,XGBoost,home_c
2023-09-23 10:00:00,0.68,0.79438424,XGBoost,home_c
2023-09-23 11:00:00,0.81,0.8847412,XGBoost,home_c
2023-09-23 12:00:00,0.95,0.76470584,XGBoost,home_c
2023-09-23 13:00:00,0.71,0.8025175,XGBoost,home_c
2023-09-23 14:00:00,0.68,0.7938828,XGBoost,home_c
2023-09-23 15:00:00,0.69,0.8574702,XGBoost,home_c
2023-09-23 16:00:00,0.79,0.91526556,XGBoost,home_c
2023-09-23 17:00:00,0.75,1.1456122,XGBoost,home_c
2023-09-23 18:00:00,0.79,1.3570894,XGBoost,home_c
2023-09-23 19:00:00,1.49,1.6216549,XGBoost,home_c
2023-09-23 20:00:00,1.71,1.8941513,XGBoost,home_c
2023-09-23 21:00:00,0.83,1.6520165,XGBoost,home_c
2023-09-23 22:00:00,0.6633333333333333,1.1089667,XGBoost,home_c
2023-09-23 23:00:00,0.4966666666666667,1.2108307,XGBoost,home_c
2023-09-24 00:00:00,0.33,0.5569954,XGBoost,home_c
2023-09-24 01:00:00,0.49,0.70553577,XGBoost,home_c
2023-09-24 02:00:00,0.55,0.67031795,XGBoost,home_c
2023-09-24 03:00:00,0.3,0.637885,XGBoost,home_c
2023-09-24 04:00:00,0.52,0.7149941,XGBoost,home_c
2023-09-24 05:00:00,0.55,0.78303736,XGBoost,home_c
2023-09-24 06:00:00,1.07,1.1034946,XGBoost,home_c
2023-09-24 07:00:00,1.005,1.1362473,XGBoost,home_c
2023-09-24 08:00:00,0.94,1.1151017,XGBoost,home_c
2023-09-24 09:00:00,0.49,0.8559056,XGBoost,home_c
2023-09-24 10:00:00,0.65,0.7313839,XGBoost,home_c
2023-09-24 11:00:00,0.53,0.7738978,XGBoost,home_c
2023-09-24 12:00:00,0.66,0.8223834,XGBoost,home_c
2023-09-24 13:00:00,0.84,0.90556556,XGBoost,home_c
2023-09-24 14:00:00,0.81,0.7632723,XGBoost,home_c
2023-09-24 15:00:00,0.52,1.0217998,XGBoost,home_c
2023-09-24 16:00:00,0.47,0.8799642,XGBoost,home_c
2023-09-24 17:00:00,0.85,0.981515,XGBoost,home_c
2023-09-24 18:00:00,0.91,1.2724748,XGBoost,home_c
2023-09-24 19:00:00,1.69,1.5245562,XGBoost,home_c
2023-09-24 20:00:00,1.25,2.0066335,XGBoost,home_c
2023-09-24 21:00:00,1.03,1.5264124,XGBoost,home_c
2023-09-24 22:00:00,3.12,1.1916678,XGBoost,home_c
2023-09-24 23:00:00,0.56,0.9215021,XGBoost,home_c
2023-09-25 00:00:00,0.72,0.497624,XGBoost,home_c
2023-09-25 01:00:00,0.33,0.5872342,XGBoost,home_c
2023-09-25 02:00:00,0.49,0.556125,XGBoost,home_c
2023-09-25 03:00:00,3.4,0.52753824,XGBoost,home_c
2023-09-25 04:00:00,0.63,0.73966557,XGBoost,home_c
2023-09-25 05:00:00,0.47,1.0247701,XGBoost,home_c
2023-09-25 06:00:00,1.3,1.0426847,XGBoost,home_c
2023-09-25 07:00:00,0.8,1.0289205,XGBoost,home_c
2023-09-25 08:00:00,0.84,0.97258264,XGBoost,home_c
2023-09-25 09:00:00,0.6,0.8019055,XGBoost,home_c
2023-09-25 10:00:00,0.46,0.7396159,XGBoost,home_c
2023-09-25 11:00:00,0.48,0.5825842,XGBoost,home_c
2023-09-25 12:00:00,0.46,0.654569,XGBoost,home_c
2023-09-25 13:00:00,0.4,0.5702227,XGBoost,home_c
2023-09-25 14:00:00,0.39,0.59468436,XGBoost,home_c
2023-09-25 15:00:00,0.46,0.62733644,XGBoost,home_c
2023-09-25 16:00:00,0.74,1.2416284,XGBoost,home_c
2023-09-25 17:00:00,0.88,1.0072625,XGBoost,home_c
2023-09-25 18:00:00,0.99,1.1467239,XGBoost,home_c
2023-09-25 19:00:00,0.87,1.5404791,XGBoost,home_c
2023-09-25 20:00:00,1.84,1.4878438,XGBoost,home_c
2023-09-25 21:00:00,1.66,1.5766175,XGBoost,home_c
2023-09-25 22:00:00,0.77,1.1496787,XGBoost,home_c
2023-09-25 23:00:00,0.52,0.7723904,XGBoost,home_c
2023-09-26 00:00:00,0.51,0.61692387,XGBoost,home_c
2023-09-26 01:00:00,0.69,0.7377381,XGBoost,home_c
2023-09-26 02:00:00,0.57,0.816146,XGBoost,home_c
2023-09-26 03:00:00,0.32,0.6414991,XGBoost,home_c
2023-09-26 04:00:00,0.48,0.6805155,XGBoost,home_c
2023-09-26 05:00:00,0.99,0.64237165,XGBoost,home_c
2023-09-26 06:00:00,1.05,1.0351393,XGBoost,home_c
2023-09-26 07:00:00,1.23,1.0659947,XGBoost,home_c
2023-09-26 08:00:00,3.3,1.1643684,XGBoost,home_c
2023-09-26 09:00:00,0.86,0.63988215,XGBoost,home_c
2023-09-26 10:00:00,0.38,0.61603945,XGBoost,home_c
2023-09-26 11:00:00,0.42,0.60141337,XGBoost,home_c
2023-09-26 12:00:00,0.52,0.55677146,XGBoost,home_c
2023-09-26 13:00:00,0.36,0.6134262,XGBoost,home_c
2023-09-26 14:00:00,0.56,0.6517987,XGBoost,home_c
2023-09-26 15:00:00,0.75,0.6155419,XGBoost,home_c
2023-09-26 16:00:00,0.94,0.71578807,XGBoost,home_c
2023-09-26 17:00:00,0.88,1.0995413,XGBoost,home_c
2023-09-26 18:00:00,3.64,1.113146,XGBoost,home_c
2023-09-26 19:00:00,2.19,1.624131,XGBoost,home_c
2023-09-26 20:00:00,1.7,1.7287056,XGBoost,home_c
2023-09-26 21:00:00,2.63,1.7181656,XGBoost,home_c
2023-09-26 22:00:00,0.97,1.0661929,XGBoost,home_c
2023-09-26 23:00:00,0.54,0.7543769,XGBoost,home_c
2023-09-27 00:00:00,0.42,0.79849845,XGBoost,home_c
2023-09-27 01:00:00,0.435,0.61054975,XGBoost,home_c
2023-09-27 02:00:00,0.45,0.68363374,XGBoost,home_c
2023-09-27 03:00:00,0.23,0.72744256,XGBoost,home_c
2023-09-27 04:00:00,0.71,0.69471663,XGBoost,home_c
2023-09-27 05:00:00,0.69,0.9984085,XGBoost,home_c
2023-09-27 06:00:00,0.75,1.1555692,XGBoost,home_c
2023-09-27 07:00:00,1.09,1.1779484,XGBoost,home_c
2023-09-27 08:00:00,1.47,1.0524741,XGBoost,home_c
2023-09-27 09:00:00,0.88,0.86345524,XGBoost,home_c
2023-09-27 10:00:00,0.4,0.6288394,XGBoost,home_c
2023-09-27 11:00:00,0.28,0.53194255,XGBoost,home_c
2023-09-27 12:00:00,0.41,0.52372855,XGBoost,home_c
2023-09-27 13:00:00,0.45,0.67309767,XGBoost,home_c
2023-09-27 14:00:00,0.31,0.6259725,XGBoost,home_c
2023-09-27 15:00:00,0.33,0.6664067,XGBoost,home_c
2023-09-27 16:00:00,0.44,0.6297975,XGBoost,home_c
2023-09-27 17:00:00,0.87,0.8157956,XGBoost,home_c
2023-09-27 18:00:00,3.12,1.086769,XGBoost,home_c
2023-09-27 19:00:00,1.3,1.6890604,XGBoost,home_c
2023-09-27 20:00:00,2.1,1.6463206,XGBoost,home_c
2023-09-27 21:00:00,2.21,1.6228231,XGBoost,home_c
2023-09-27 22:00:00,1.08,1.1683482,XGBoost,home_c
2023-09-27 23:00:00,1.0,0.7584532,XGBoost,home_c
2023-09-28 00:00:00,0.53,0.5457417,XGBoost,home_c
2023-09-28 01:00:00,0.33,0.61392325,XGBoost,home_c
2023-09-28 02:00:00,1.2,0.5285815,XGBoost,home_c
2023-09-28 03:00:00,0.32,0.8035208,XGBoost,home_c
2023-09-28 04:00:00,0.71,0.67988354,XGBoost,home_c
2023-09-28 05:00:00,0.79,0.88586587,XGBoost,home_c
2023-09-28 06:00:00,0.94,1.0982704,XGBoost,home_c
2023-09-28 07:00:00,0.77,1.1235216,XGBoost,home_c
2023-09-28 08:00:00,0.655,1.0206891,XGBoost,home_c
2023-09-28 09:00:00,0.54,0.7645866,XGBoost,home_c
2023-09-28 10:00:00,0.63,0.58356744,XGBoost,home_c
2023-09-28 11:00:00,0.69,0.6683649,XGBoost,home_c
2023-09-28 12:00:00,0.4,0.68482196,XGBoost,home_c
2023-09-28 13:00:00,0.335,0.6737922,XGBoost,home_c
2023-09-28 14:00:00,0.27,0.62380934,XGBoost,home_c
2023-09-28 15:00:00,0.455,0.63192445,XGBoost,home_c
2023-09-28 16:00:00,0.64,0.61243165,XGBoost,home_c
2023-09-28 17:00:00,0.87,0.8236258,XGBoost,home_c
2023-09-28 18:00:00,1.05,1.2884089,XGBoost,home_c
2023-09-28 19:00:00,1.33,1.5956427,XGBoost,home_c
2023-09-28 20:00:00,0.99,1.622613,XGBoost,home_c
2023-09-28 21:00:00,1.53,1.4755391,XGBoost,home_c
2023-09-28 22:00:00,1.22,1.3133802,XGBoost,home_c
2023-09-28 23:00:00,0.57,0.9424111,XGBoost,home_c
2023-09-29 00:00:00,0.47,0.61167073,XGBoost,home_c
2023-09-29 01:00:00,0.65,0.53223264,XGBoost,home_c
2023-09-29 02:00:00,0.47,0.689951,XGBoost,home_c
2023-09-29 03:00:00,0.55,0.6100222,XGBoost,home_c
2023-09-29 04:00:00,0.66,0.658188,XGBoost,home_c
2023-09-29 05:00:00,0.83,0.9167376,XGBoost,home_c
2023-09-29 06:00:00,1.29,1.0058774,XGBoost,home_c
2023-09-29 07:00:00,1.28,1.0374967,XGBoost,home_c
2023-09-29 08:00:00,0.64,1.0847193,XGBoost,home_c
2023-09-29 09:00:00,0.58,0.70186913,XGBoost,home_c
2023-09-29 10:00:00,0.63,0.58022726,XGBoost,home_c
2023-09-29 11:00:00,0.27,0.6452045,XGBoost,home_c
2023-09-29 12:00:00,0.36,0.60283077,XGBoost,home_c
2023-09-29 13:00:00,0.35,0.5333901,XGBoost,home_c
2023-09-29 14:00:00,0.37,0.5351338,XGBoost,home_c
2023-09-29 15:00:00,0.4,0.51876265,XGBoost,home_c
2023-09-29 16:00:00,0.47,0.5512692,XGBoost,home_c
2023-09-29 17:00:00,0.49,0.66802996,XGBoost,home_c
2023-09-29 18:00:00,1.16,1.4597206,XGBoost,home_c
2023-09-29 19:00:00,1.85,1.5374587,XGBoost,home_c
2023-09-29 20:00:00,1.46,2.0303469,XGBoost,home_c
2023-09-29 21:00:00,1.58,1.6755114,XGBoost,home_c
2023-09-29 22:00:00,0.9,1.3002853,XGBoost,home_c
2023-09-29 23:00:00,0.58,0.7910016,XGBoost,home_c
2023-09-30 00:00:00,0.96,1.0277342,XGBoost,home_c
2023-09-30 01:00:00,0.45,0.76712376,XGBoost,home_c
2023-09-30 02:00:00,0.57,0.68652934,XGBoost,home_c
2023-09-30 03:00:00,0.53,0.72963077,XGBoost,home_c
2023-09-30 04:00:00,0.39,0.749967,XGBoost,home_c
2023-09-30 05:00:00,0.44,0.81283164,XGBoost,home_c
2023-09-30 06:00:00,0.79,1.3037215,XGBoost,home_c
2023-09-30 07:00:00,0.59,1.3033062,XGBoost,home_c
2023-09-30 08:00:00,3.2,0.8335782,XGBoost,home_c
2023-09-30 09:00:00,0.8,0.85397565,XGBoost,home_c
2023-09-30 10:00:00,0.67,0.7079148,XGBoost,home_c
2023-09-30 11:00:00,0.55,0.895196,XGBoost,home_c
2023-09-30 12:00:00,0.56,0.83437616,XGBoost,home_c
2023-09-30 13:00:00,0.76,0.9111344,XGBoost,home_c
2023-09-30 14:00:00,0.51,0.7958731,XGBoost,home_c
2023-09-30 15:00:00,0.52,0.84146625,XGBoost,home_c
2023-09-30 16:00:00,0.72,0.99506706,XGBoost,home_c
2023-09-30 17:00:00,0.49,1.1767619,XGBoost,home_c
2023-09-30 18:00:00,1.19,1.305856,XGBoost,home_c
2023-09-30 19:00:00,1.86,1.6902372,XGBoost,home_c
2023-09-30 20:00:00,1.89,1.8501503,XGBoost,home_c
2023-09-30 21:00:00,1.1,1.663643,XGBoost,home_c
2023-09-30 22:00:00,2.49,1.1353452,XGBoost,home_c
2023-09-30 23:00:00,1.22,1.024917,XGBoost,home_c
2023-10-01 00:00:00,0.35,0.7899767,XGBoost,home_c
2023-10-01 01:00:00,0.4,0.64524615,XGBoost,home_c
2023-10-01 02:00:00,0.46,0.6339338,XGBoost,home_c
2023-10-01 03:00:00,0.39,0.68867904,XGBoost,home_c
2023-10-01 04:00:00,0.49,0.7036806,XGBoost,home_c
2023-10-01 05:00:00,1.1,0.7733688,XGBoost,home_c
2023-10-01 06:00:00,1.14,1.1270658,XGBoost,home_c
2023-10-01 07:00:00,1.32,1.0937413,XGBoost,home_c
2023-10-01 08:00:00,0.73,0.9938366,XGBoost,home_c
2023-10-01 09:00:00,0.72,0.908308,XGBoost,home_c
2023-10-01 10:00:00,0.51,0.77401465,XGBoost,home_c
2023-10-01 11:00:00,0.65,0.8004722,XGBoost,home_c
2023-10-01 12:00:00,0.91,0.8536092,XGBoost,home_c
2023-10-01 13:00:00,0.48,0.89246386,XGBoost,home_c
2023-10-01 14:00:00,0.89,0.7553103,XGBoost,home_c
2023-10-01 15:00:00,0.82,0.81089324,XGBoost,home_c
2023-10-01 16:00:00,0.65,0.87030417,XGBoost,home_c
2023-10-01 17:00:00,0.95,0.9678341,XGBoost,home_c
2023-10-01 18:00:00,4.07,1.3114108,XGBoost,home_c
2023-10-01 19:00:00,1.17,1.718985,XGBoost,home_c
2023-10-01 20:00:00,1.62,1.7118541,XGBoost,home_c
2023-10-01 21:00:00,1.5,1.6157218,XGBoost,home_c
2023-10-01 22:00:00,1.1,1.1766438,XGBoost,home_c
2023-10-01 23:00:00,0.61,1.1509758,XGBoost,home_c
2023-10-02 00:00:00,0.4,0.575635,XGBoost,home_c
2023-10-02 01:00:00,0.62,0.5974141,XGBoost,home_c
2023-10-02 02:00:00,0.47,0.6307722,XGBoost,home_c
2023-10-02 03:00:00,0.51,0.5720629,XGBoost,home_c
2023-10-02 04:00:00,0.71,0.66402614,XGBoost,home_c
2023-10-02 05:00:00,0.82,1.1725905,XGBoost,home_c
2023-10-02 06:00:00,1.21,1.1722907,XGBoost,home_c
2023-10-02 07:00:00,1.05,1.1006416,XGBoost,home_c
2023-10-02 08:00:00,0.77,0.9229567,XGBoost,home_c
2023-10-02 09:00:00,0.66,0.8142041,XGBoost,home_c
2023-10-02 10:00:00,0.36,0.59372336,XGBoost,home_c
2023-10-02 11:00:00,0.34,0.5852716,XGBoost,home_c
2023-10-02 12:00:00,0.53,0.5866927,XGBoost,home_c
2023-10-02 13:00:00,0.44,0.6936615,XGBoost,home_c
2023-10-02 14:00:00,0.49,0.54016274,XGBoost,home_c
2023-10-02 15:00:00,0.45,0.6282144,XGBoost,home_c
2023-10-02 16:00:00,0.46,0.6444198,XGBoost,home_c
2023-10-02 17:00:00,0.54,0.8672482,XGBoost,home_c
2023-10-02 18:00:00,1.07,1.0188415,XGBoost,home_c
2023-10-02 19:00:00,1.8,1.5211986,XGBoost,home_c
2023-10-02 20:00:00,2.01,1.9329386,XGBoost,home_c
2023-10-02 21:00:00,1.21,1.6458005,XGBoost,home_c
2023-10-02 22:00:00,0.96,1.1381564,XGBoost,home_c
2023-10-02 23:00:00,0.54,0.84064716,XGBoost,home_c
2023-10-03 00:00:00,0.73,0.5155227,XGBoost,home_c
2023-10-03 01:00:00,0.41,0.6015004,XGBoost,home_c
2023-10-03 02:00:00,0.47,0.67990166,XGBoost,home_c
2023-10-03 03:00:00,0.52,0.64412344,XGBoost,home_c
2023-10-03 04:00:00,0.72,0.70289516,XGBoost,home_c
2023-10-03 05:00:00,0.58,0.98894846,XGBoost,home_c
2023-10-03 06:00:00,1.14,1.0026485,XGBoost,home_c
2023-10-03 07:00:00,0.96,1.18807,XGBoost,home_c
2023-10-03 08:00:00,0.7,1.0199612,XGBoost,home_c
2023-10-03 09:00:00,0.4,0.81231904,XGBoost,home_c
2023-10-03 10:00:00,0.43,0.5524541,XGBoost,home_c
2023-10-03 11:00:00,0.35,0.50415033,XGBoost,home_c
2023-10-03 12:00:00,0.52,0.48249468,XGBoost,home_c
2023-10-03 13:00:00,0.56,0.63812757,XGBoost,home_c
2023-10-03 14:00:00,0.34,0.60453385,XGBoost,home_c
2023-10-03 15:00:00,0.45000000000000007,0.62288857,XGBoost,home_c
2023-10-03 16:00:00,0.56,0.68083775,XGBoost,home_c
2023-10-03 17:00:00,0.885,0.865338,XGBoost,home_c
2023-10-03 18:00:00,1.21,1.267672,XGBoost,home_c
2023-10-03 19:00:00,2.01,1.557653,XGBoost,home_c
2023-10-03 20:00:00,1.4,1.77136,XGBoost,home_c
2023-10-03 21:00:00,1.28,1.6277803,XGBoost,home_c
2023-10-03 22:00:00,0.96,1.1963469,XGBoost,home_c
2023-10-03 23:00:00,0.98,0.6844155,XGBoost,home_c
2023-10-04 00:00:00,0.32,0.5950604,XGBoost,home_c
2023-10-04 01:00:00,0.59,0.5745074,XGBoost,home_c
2023-10-04 02:00:00,0.42,0.51966846,XGBoost,home_c
2023-10-04 03:00:00,0.71,0.7288782,XGBoost,home_c
2023-10-04 04:00:00,0.6,0.75189286,XGBoost,home_c
2023-10-04 05:00:00,0.48,0.86724985,XGBoost,home_c
2023-10-04 06:00:00,1.06,0.9195803,XGBoost,home_c
2023-10-04 07:00:00,0.98,1.0678449,XGBoost,home_c
2023-10-04 08:00:00,0.76,1.013531,XGBoost,home_c
2023-10-04 09:00:00,0.57,0.6993687,XGBoost,home_c
2023-10-04 10:00:00,0.42,0.536434,XGBoost,home_c
2023-10-04 11:00:00,0.44,0.6030483,XGBoost,home_c
2023-10-04 12:00:00,0.49,0.5870497,XGBoost,home_c
2023-10-04 13:00:00,0.36,0.5382463,XGBoost,home_c
2023-10-04 14:00:00,0.55,0.5270343,XGBoost,home_c
2023-10-04 15:00:00,0.48,0.7090521,XGBoost,home_c
2023-10-04 16:00:00,0.37,0.6539894,XGBoost,home_c
2023-10-04 17:00:00,0.48,1.0022395,XGBoost,home_c
2023-10-04 18:00:00,1.28,1.5326011,XGBoost,home_c
2023-10-04 19:00:00,1.59,1.5694265,XGBoost,home_c
2023-10-04 20:00:00,1.62,1.9318409,XGBoost,home_c
2023-10-04 21:00:00,1.33,1.6014172,XGBoost,home_c
2023-10-04 22:00:00,1.72,1.1689544,XGBoost,home_c
2023-10-04 23:00:00,0.92,0.9700489,XGBoost,home_c
2023-10-05 00:00:00,0.665,0.6040564,XGBoost,home_c
2023-10-05 01:00:00,0.41,0.73103034,XGBoost,home_c
2023-10-05 02:00:00,0.32,0.6199903,XGBoost,home_c
2023-10-05 03:00:00,0.49,0.6942755,XGBoost,home_c
2023-10-05 04:00:00,3.45,0.6403274,XGBoost,home_c
2023-10-05 05:00:00,0.67,0.7436662,XGBoost,home_c
2023-10-05 06:00:00,1.1,0.97301567,XGBoost,home_c
2023-10-05 07:00:00,1.08,1.1185557,XGBoost,home_c
2023-10-05 08:00:00,1.06,0.93607914,XGBoost,home_c
2023-10-05 09:00:00,0.73,0.6853179,XGBoost,home_c
2023-10-05 10:00:00,0.55,0.6090462,XGBoost,home_c
2023-10-05 11:00:00,2.62,0.5694673,XGBoost,home_c
2023-10-05 12:00:00,2.83,0.6445042,XGBoost,home_c
2023-10-05 13:00:00,0.33,0.76180124,XGBoost,home_c
2023-10-05 14:00:00,0.5,0.5656319,XGBoost,home_c
2023-10-05 15:00:00,0.45,0.58968353,XGBoost,home_c
2023-10-05 16:00:00,0.31,0.60204047,XGBoost,home_c
2023-10-05 17:00:00,0.65,0.93485093,XGBoost,home_c
2023-10-05 18:00:00,0.91,1.1029315,XGBoost,home_c
2023-10-05 19:00:00,1.58,1.5618869,XGBoost,home_c
2023-10-05 20:00:00,2.36,1.579716,XGBoost,home_c
2023-10-05 21:00:00,1.46,1.6005412,XGBoost,home_c
2023-10-05 22:00:00,1.03,1.25476,XGBoost,home_c
2023-10-05 23:00:00,0.68,0.9610192,XGBoost,home_c
2023-10-06 00:00:00,0.47,0.6135859,XGBoost,home_c
2023-10-06 01:00:00,0.54,0.67874527,XGBoost,home_c
2023-10-06 02:00:00,0.68,0.704656,XGBoost,home_c
2023-10-06 03:00:00,0.53,0.6519626,XGBoost,home_c
2023-10-06 04:00:00,0.39,0.6226016,XGBoost,home_c
2023-10-06 05:00:00,0.45,0.8647678,XGBoost,home_c
2023-10-06 06:00:00,0.87,1.2000561,XGBoost,home_c
2023-10-06 07:00:00,1.11,1.1008424,XGBoost,home_c
2023-10-06 08:00:00,1.02,0.9809665,XGBoost,home_c
2023-10-06 09:00:00,0.47,0.8245951,XGBoost,home_c
2023-10-06 10:00:00,0.47,0.61500674,XGBoost,home_c
2023-10-06 11:00:00,0.88,0.60271865,XGBoost,home_c
2023-10-06 12:00:00,0.44,0.5377656,XGBoost,home_c
2023-10-06 13:00:00,0.31,0.5579242,XGBoost,home_c
2023-10-06 14:00:00,0.43,0.57000464,XGBoost,home_c
2023-10-06 15:00:00,0.52,0.61701566,XGBoost,home_c
2023-10-06 16:00:00,0.43,0.7012452,XGBoost,home_c
2023-10-06 17:00:00,0.47,0.73965174,XGBoost,home_c
2023-10-06 18:00:00,0.87,1.2294981,XGBoost,home_c
2023-10-06 19:00:00,1.21,1.3386288,XGBoost,home_c
2023-10-06 20:00:00,1.52,1.5564964,XGBoost,home_c
2023-10-06 21:00:00,2.08,1.6974819,XGBoost,home_c
2023-10-06 22:00:00,0.91,1.1911507,XGBoost,home_c
2023-10-06 23:00:00,0.77,0.82156986,XGBoost,home_c
2023-10-07 00:00:00,0.54,0.681814,XGBoost,home_c
2023-10-07 01:00:00,0.5,0.64112264,XGBoost,home_c
2023-10-07 02:00:00,0.35,0.6236328,XGBoost,home_c
2023-10-07 03:00:00,0.59,0.6432157,XGBoost,home_c
2023-10-07 04:00:00,3.02,0.71183616,XGBoost,home_c
2023-10-07 05:00:00,0.69,0.6799677,XGBoost,home_c
2023-10-07 06:00:00,0.74,1.1271003,XGBoost,home_c
2023-10-07 07:00:00,1.35,1.2059094,XGBoost,home_c
2023-10-07 08:00:00,0.75,1.1509564,XGBoost,home_c
2023-10-07 09:00:00,0.76,0.93255687,XGBoost,home_c
2023-10-07 10:00:00,0.72,0.75241405,XGBoost,home_c
2023-10-07 11:00:00,0.7,0.8130904,XGBoost,home_c
2023-10-07 12:00:00,0.44,0.75488085,XGBoost,home_c
2023-10-07 13:00:00,0.77,0.83074135,XGBoost,home_c
2023-10-07 14:00:00,0.625,0.7945837,XGBoost,home_c
2023-10-07 15:00:00,0.48,0.8428424,XGBoost,home_c
2023-10-07 16:00:00,0.55,0.727245,XGBoost,home_c
2023-10-07 17:00:00,1.02,0.9363272,XGBoost,home_c
2023-10-07 18:00:00,0.74,1.2094123,XGBoost,home_c
2023-10-07 19:00:00,1.6150000000000002,1.4948932,XGBoost,home_c
2023-10-07 20:00:00,2.49,1.7368728,XGBoost,home_c
2023-10-07 21:00:00,1.43,1.5547826,XGBoost,home_c
2023-10-07 22:00:00,1.1,1.2006755,XGBoost,home_c
2023-10-07 23:00:00,1.16,0.9139142,XGBoost,home_c
2023-10-08 00:00:00,0.46,0.5921079,XGBoost,home_c
2023-10-08 01:00:00,0.39,0.75615865,XGBoost,home_c
2023-10-08 02:00:00,0.38,0.63688004,XGBoost,home_c
2023-10-08 03:00:00,0.43,0.5823431,XGBoost,home_c
2023-10-08 04:00:00,0.52,0.5993799,XGBoost,home_c
2023-10-08 05:00:00,0.87,0.83421165,XGBoost,home_c
2023-10-08 06:00:00,1.33,1.1533259,XGBoost,home_c
2023-10-08 07:00:00,0.97,1.2736607,XGBoost,home_c
2023-10-08 08:00:00,0.72,0.9889473,XGBoost,home_c
2023-10-08 09:00:00,0.77,0.83355016,XGBoost,home_c
2023-10-08 10:00:00,0.65,0.75851977,XGBoost,home_c
2023-10-08 11:00:00,0.53,0.80800676,XGBoost,home_c
2023-10-08 12:00:00,0.66,0.7804614,XGBoost,home_c
2023-10-08 13:00:00,0.65,0.78812486,XGBoost,home_c
2023-10-08 14:00:00,0.65,0.863523,XGBoost,home_c
2023-10-08 15:00:00,0.65,0.8786304,XGBoost,home_c
2023-10-08 16:00:00,0.61,0.8484755,XGBoost,home_c
2023-10-08 17:00:00,0.9,1.0450299,XGBoost,home_c
2023-10-08 18:00:00,1.07,1.4696171,XGBoost,home_c
2023-10-08 19:00:00,1.57,1.639509,XGBoost,home_c
2023-10-08 20:00:00,2.42,1.7263494,XGBoost,home_c
2023-10-08 21:00:00,1.82,1.659555,XGBoost,home_c
2023-10-08 22:00:00,1.17,1.1973641,XGBoost,home_c
2023-10-08 23:00:00,0.56,0.8853157,XGBoost,home_c
2023-10-09 00:00:00,0.43,0.6954015,XGBoost,home_c
2023-10-09 01:00:00,0.42,0.5427752,XGBoost,home_c
2023-10-09 02:00:00,0.28,0.57077247,XGBoost,home_c
2023-10-09 03:00:00,0.31,0.5488928,XGBoost,home_c
2023-10-09 04:00:00,0.85,0.50540197,XGBoost,home_c
2023-10-09 05:00:00,3.4,0.8493799,XGBoost,home_c
2023-10-09 06:00:00,0.99,1.0523412,XGBoost,home_c
2023-10-09 07:00:00,1.205,1.2159318,XGBoost,home_c
2023-10-09 08:00:00,1.42,0.9901579,XGBoost,home_c
2023-10-09 09:00:00,0.61,0.8174421,XGBoost,home_c
2023-10-09 10:00:00,0.54,0.62225163,XGBoost,home_c
2023-10-09 11:00:00,0.31,0.55154985,XGBoost,home_c
2023-10-09 12:00:00,0.48,0.5988391,XGBoost,home_c
2023-10-09 13:00:00,0.45,0.68162096,XGBoost,home_c
2023-10-09 14:00:00,0.37,0.60762364,XGBoost,home_c
2023-10-09 15:00:00,0.54,0.73031825,XGBoost,home_c
2023-10-09 16:00:00,0.76,0.6956695,XGBoost,home_c
2023-10-09 17:00:00,0.58,0.861284,XGBoost,home_c
2023-10-09 18:00:00,0.91,1.1110069,XGBoost,home_c
2023-10-09 19:00:00,1.03,1.4221064,XGBoost,home_c
2023-10-09 20:00:00,1.74,1.6689106,XGBoost,home_c
2023-10-09 21:00:00,1.24,1.5579525,XGBoost,home_c
2023-10-09 22:00:00,1.0,1.4195021,XGBoost,home_c
2023-10-09 23:00:00,0.6950000000000001,0.9000239,XGBoost,home_c
2023-10-10 00:00:00,0.39,0.57564896,XGBoost,home_c
2023-10-10 01:00:00,0.54,0.5332758,XGBoost,home_c
2023-10-10 02:00:00,0.64,0.6380876,XGBoost,home_c
2023-10-10 03:00:00,0.53,0.673075,XGBoost,home_c
2023-10-10 04:00:00,0.43,0.71837527,XGBoost,home_c
2023-10-10 05:00:00,0.83,0.7090983,XGBoost,home_c
2023-10-10 06:00:00,0.84,1.1189326,XGBoost,home_c
2023-10-10 07:00:00,1.04,1.0423129,XGBoost,home_c
2023-10-10 08:00:00,0.57,1.288954,XGBoost,home_c
2023-10-10 09:00:00,0.46,0.6763937,XGBoost,home_c
2023-10-10 10:00:00,0.5,0.55135894,XGBoost,home_c
2023-10-10 11:00:00,0.68,0.5854056,XGBoost,home_c
2023-10-10 12:00:00,0.3,0.60276407,XGBoost,home_c
2023-10-10 13:00:00,0.51,0.5712418,XGBoost,home_c
2023-10-10 14:00:00,0.39,0.5606965,XGBoost,home_c
2023-10-10 15:00:00,0.43,0.6201924,XGBoost,home_c
2023-10-10 16:00:00,0.44,0.62402534,XGBoost,home_c
2023-10-10 17:00:00,0.78,0.8079265,XGBoost,home_c
2023-10-10 18:00:00,0.98,1.5847186,XGBoost,home_c
2023-10-10 19:00:00,1.65,1.6585913,XGBoost,home_c
2023-10-10 20:00:00,1.33,1.99522,XGBoost,home_c
2023-10-10 21:00:00,1.09,1.7094362,XGBoost,home_c
2023-10-10 22:00:00,0.85,1.1975044,XGBoost,home_c
2023-10-10 23:00:00,0.56,0.85544986,XGBoost,home_c
2023-10-11 00:00:00,0.46,0.5869092,XGBoost,home_c
2023-10-11 01:00:00,0.35,0.59297174,XGBoost,home_c
2023-10-11 02:00:00,0.5,0.5978327,XGBoost,home_c
2023-10-11 03:00:00,0.38,0.49192277,XGBoost,home_c
2023-10-11 04:00:00,0.34,0.5878273,XGBoost,home_c
2023-10-11 05:00:00,0.53,0.6901042,XGBoost,home_c
2023-10-11 06:00:00,1.06,0.79725164,XGBoost,home_c
2023-10-11 07:00:00,0.93,1.3344724,XGBoost,home_c
2023-10-11 08:00:00,1.05,0.85196286,XGBoost,home_c
2023-10-11 09:00:00,0.71,0.72050434,XGBoost,home_c
2023-10-11 10:00:00,0.57,0.65145665,XGBoost,home_c
2023-10-11 11:00:00,0.56,0.6645274,XGBoost,home_c
2023-10-11 12:00:00,0.485,0.6408566,XGBoost,home_c
2023-10-11 13:00:00,0.41,0.6159066,XGBoost,home_c
2023-10-11 14:00:00,0.42,0.5347052,XGBoost,home_c
2023-10-11 15:00:00,0.52,0.67358804,XGBoost,home_c
2023-10-11 16:00:00,0.37,0.7620548,XGBoost,home_c
2023-10-11 17:00:00,0.58,0.74427426,XGBoost,home_c
2023-10-11 18:00:00,1.71,1.4942636,XGBoost,home_c
2023-10-11 19:00:00,1.11,1.905897,XGBoost,home_c
2023-10-11 20:00:00,1.69,1.9630927,XGBoost,home_c
2023-10-11 21:00:00,1.305,1.606957,XGBoost,home_c
2023-10-11 22:00:00,0.92,1.4454745,XGBoost,home_c
2023-10-11 23:00:00,0.63,0.74134946,XGBoost,home_c
2023-10-12 00:00:00,0.34,0.56236786,XGBoost,home_c
2023-10-12 01:00:00,0.48,0.67095464,XGBoost,home_c
2023-10-12 02:00:00,0.79,0.6176421,XGBoost,home_c
2023-10-12 03:00:00,0.67,0.67146015,XGBoost,home_c
2023-10-12 04:00:00,0.72,0.68175346,XGBoost,home_c
2023-10-12 05:00:00,0.76,0.733195,XGBoost,home_c
2023-10-12 06:00:00,0.8,0.9808017,XGBoost,home_c
2023-10-12 07:00:00,1.0050000000000001,0.9662577,XGBoost,home_c
2023-10-12 08:00:00,1.21,0.86340946,XGBoost,home_c
2023-10-12 09:00:00,0.62,0.79795986,XGBoost,home_c
2023-10-12 10:00:00,0.52,0.47581875,XGBoost,home_c
2023-10-12 11:00:00,0.41,0.61890984,XGBoost,home_c
2023-10-12 12:00:00,0.33,0.5533635,XGBoost,home_c
2023-10-12 13:00:00,0.45,0.52140707,XGBoost,home_c
2023-10-12 14:00:00,0.63,0.55282754,XGBoost,home_c
2023-10-12 15:00:00,0.51,0.6922577,XGBoost,home_c
2023-10-12 16:00:00,0.6,1.037882,XGBoost,home_c
2023-10-12 17:00:00,0.5,0.9529346,XGBoost,home_c
2023-10-12 18:00:00,1.13,1.0369232,XGBoost,home_c
2023-10-12 19:00:00,1.28,1.7966249,XGBoost,home_c
2023-10-12 20:00:00,1.81,1.9176115,XGBoost,home_c
2023-10-12 21:00:00,1.19,1.6476855,XGBoost,home_c
2023-10-12 22:00:00,1.13,1.1462784,XGBoost,home_c
2023-10-12 23:00:00,0.48,0.78478795,XGBoost,home_c
2023-10-13 00:00:00,0.38,0.56490433,XGBoost,home_c
2023-10-13 01:00:00,0.41000000000000003,0.5574096,XGBoost,home_c
2023-10-13 02:00:00,0.44,0.5680407,XGBoost,home_c
2023-10-13 03:00:00,0.77,0.69234693,XGBoost,home_c
2023-10-13 04:00:00,0.55,0.6091235,XGBoost,home_c
2023-10-13 05:00:00,0.69,0.68138427,XGBoost,home_c
2023-10-13 06:00:00,0.74,0.954213,XGBoost,home_c
2023-10-13 07:00:00,0.79,1.04886,XGBoost,home_c
2023-10-13 08:00:00,0.95,0.9655452,XGBoost,home_c
2023-10-13 09:00:00,0.91,0.7076556,XGBoost,home_c
2023-10-13 10:00:00,0.39,0.6092804,XGBoost,home_c
2023-10-13 11:00:00,0.54,0.6010991,XGBoost,home_c
2023-10-13 12:00:00,0.47,0.53280026,XGBoost,home_c
2023-10-13 13:00:00,0.51,0.5690949,XGBoost,home_c
2023-10-13 14:00:00,0.475,0.5936858,XGBoost,home_c
2023-10-13 15:00:00,0.55,0.63364464,XGBoost,home_c
2023-10-13 16:00:00,0.51,0.656832,XGBoost,home_c
2023-10-13 17:00:00,0.76,0.88878053,XGBoost,home_c
2023-10-13 18:00:00,0.99,1.4903958,XGBoost,home_c
2023-10-13 19:00:00,0.92,1.5931524,XGBoost,home_c
2023-10-13 20:00:00,1.62,1.7125392,XGBoost,home_c
2023-10-13 21:00:00,1.65,1.6944308,XGBoost,home_c
2023-10-13 22:00:00,0.97,1.334758,XGBoost,home_c
2023-10-13 23:00:00,0.78,1.2672534,XGBoost,home_c
2023-10-14 00:00:00,0.41,0.92086613,XGBoost,home_c
2023-10-14 01:00:00,2.86,0.7077412,XGBoost,home_c
2023-10-14 02:00:00,0.74,0.7132734,XGBoost,home_c
2023-10-14 03:00:00,0.32,0.8616271,XGBoost,home_c
2023-10-14 04:00:00,0.58,0.820757,XGBoost,home_c
2023-10-14 05:00:00,1.04,0.8143834,XGBoost,home_c
2023-10-14 06:00:00,1.03,1.0059985,XGBoost,home_c
2023-10-14 07:00:00,0.9,1.1010989,XGBoost,home_c
2023-10-14 08:00:00,0.7,1.0776879,XGBoost,home_c
2023-10-14 09:00:00,1.08,1.0246352,XGBoost,home_c
2023-10-14 10:00:00,0.82,1.068378,XGBoost,home_c
2023-10-14 11:00:00,0.65,0.9226218,XGBoost,home_c
2023-10-14 12:00:00,0.62,0.83716816,XGBoost,home_c
2023-10-14 13:00:00,0.7,0.86935294,XGBoost,home_c
2023-10-14 14:00:00,0.9,0.7671536,XGBoost,home_c
2023-10-14 15:00:00,0.76,0.8307969,XGBoost,home_c
2023-10-14 16:00:00,0.72,0.75758916,XGBoost,home_c
2023-10-14 17:00:00,1.03,0.9573716,XGBoost,home_c
2023-10-14 18:00:00,1.17,1.1668786,XGBoost,home_c
2023-10-14 19:00:00,1.57,1.5201089,XGBoost,home_c
2023-10-14 20:00:00,2.21,1.7690414,XGBoost,home_c
2023-10-14 21:00:00,1.8,1.6236004,XGBoost,home_c
2023-10-14 22:00:00,0.81,1.2380538,XGBoost,home_c
2023-10-14 23:00:00,0.59,0.6723036,XGBoost,home_c
2023-10-15 00:00:00,0.58,0.5458234,XGBoost,home_c
2023-10-15 01:00:00,0.58,0.75001556,XGBoost,home_c
2023-10-15 02:00:00,0.51,0.6154852,XGBoost,home_c
2023-10-15 03:00:00,2.03,0.8524849,XGBoost,home_c
2023-10-15 04:00:00,0.46,1.0117184,XGBoost,home_c
2023-10-15 05:00:00,0.45,0.8247908,XGBoost,home_c
2023-10-15 06:00:00,0.79,1.0194949,XGBoost,home_c
2023-10-15 07:00:00,0.915,1.0362126,XGBoost,home_c
2023-10-15 08:00:00,1.04,0.95824945,XGBoost,home_c
2023-10-15 09:00:00,0.64,0.87651277,XGBoost,home_c
2023-10-15 10:00:00,0.86,0.6647819,XGBoost,home_c
2023-10-15 11:00:00,0.57,0.72551423,XGBoost,home_c
2023-10-15 12:00:00,0.71,0.773772,XGBoost,home_c
2023-10-15 13:00:00,0.61,0.75368613,XGBoost,home_c
2023-10-15 14:00:00,0.71,0.6841891,XGBoost,home_c
2023-10-15 15:00:00,0.54,0.7723043,XGBoost,home_c
2023-10-15 16:00:00,1.02,0.75110424,XGBoost,home_c
2023-10-15 17:00:00,0.93,1.0861179,XGBoost,home_c
2023-10-15 18:00:00,1.15,1.2548844,XGBoost,home_c
2023-10-15 19:00:00,1.09,1.572295,XGBoost,home_c
2023-10-15 20:00:00,2.0,1.7054769,XGBoost,home_c
2023-10-15 21:00:00,1.11,1.7093292,XGBoost,home_c
2023-10-15 22:00:00,0.57,1.0925213,XGBoost,home_c
2023-10-15 23:00:00,0.62,0.82033706,XGBoost,home_c
2023-10-16 00:00:00,2.87,0.60562426,XGBoost,home_c
2023-10-16 01:00:00,0.42,0.90846324,XGBoost,home_c
2023-10-16 02:00:00,0.38,0.8135209,XGBoost,home_c
2023-10-16 03:00:00,0.46,0.8740355,XGBoost,home_c
2023-10-16 04:00:00,0.64,0.6479437,XGBoost,home_c
2023-10-16 05:00:00,0.51,0.8940079,XGBoost,home_c
2023-10-16 06:00:00,1.03,0.90638125,XGBoost,home_c
2023-10-16 07:00:00,0.87,1.2943604,XGBoost,home_c
2023-10-16 08:00:00,0.93,1.3125334,XGBoost,home_c
2023-10-16 09:00:00,0.66,1.0276976,XGBoost,home_c
2023-10-16 10:00:00,0.54,0.5846161,XGBoost,home_c
2023-10-16 11:00:00,0.48,0.60900044,XGBoost,home_c
2023-10-16 12:00:00,0.58,0.9558075,XGBoost,home_c
2023-10-16 13:00:00,0.46,0.9518103,XGBoost,home_c
2023-10-16 14:00:00,0.41500000000000004,0.9201817,XGBoost,home_c
2023-10-16 15:00:00,0.37,1.0438545,XGBoost,home_c
2023-10-16 16:00:00,0.71,0.94484836,XGBoost,home_c
2023-10-16 17:00:00,0.51,1.2762716,XGBoost,home_c
2023-10-16 18:00:00,0.96,1.4370977,XGBoost,home_c
2023-10-16 19:00:00,1.28,1.7005415,XGBoost,home_c
2023-10-16 20:00:00,1.13,1.9250077,XGBoost,home_c
2023-10-16 21:00:00,1.71,1.6102022,XGBoost,home_c
2023-10-16 22:00:00,1.34,1.306762,XGBoost,home_c
2023-10-16 23:00:00,0.77,0.7898672,XGBoost,home_c
2023-10-17 00:00:00,0.36,0.82264566,XGBoost,home_c
2023-10-17 01:00:00,0.57,0.70808387,XGBoost,home_c
2023-10-17 02:00:00,0.27,0.62007606,XGBoost,home_c
2023-10-17 03:00:00,0.55,0.8153693,XGBoost,home_c
2023-10-17 04:00:00,0.48,1.0660334,XGBoost,home_c
2023-10-17 05:00:00,0.4,0.96421665,XGBoost,home_c
2023-10-17 06:00:00,0.82,1.287222,XGBoost,home_c
2023-10-17 07:00:00,0.75,1.7937601,XGBoost,home_c
2023-10-17 08:00:00,1.08,1.2097472,XGBoost,home_c
2023-10-17 09:00:00,0.45,0.8804152,XGBoost,home_c
2023-10-17 10:00:00,2.3,0.64110553,XGBoost,home_c
2023-10-17 11:00:00,0.35,0.72147185,XGBoost,home_c
2023-10-17 12:00:00,0.52,0.63189125,XGBoost,home_c
2023-10-17 13:00:00,0.35,0.6697412,XGBoost,home_c
2023-10-17 14:00:00,0.34,0.7018584,XGBoost,home_c
2023-10-17 15:00:00,0.3,0.70981807,XGBoost,home_c
2023-10-17 16:00:00,3.65,0.7916852,XGBoost,home_c
2023-10-17 17:00:00,0.54,0.73252887,XGBoost,home_c
2023-10-17 18:00:00,1.26,1.2683939,XGBoost,home_c
2023-10-17 19:00:00,0.86,1.5254163,XGBoost,home_c
2023-10-17 20:00:00,1.5,1.5432009,XGBoost,home_c
2023-10-17 21:00:00,1.35,1.4383187,XGBoost,home_c
2023-10-17 22:00:00,1.63,1.1508205,XGBoost,home_c
2023-10-17 23:00:00,0.55,0.79824144,XGBoost,home_c
2023-10-18 00:00:00,0.7,0.49867064,XGBoost,home_c
2023-10-18 01:00:00,0.45,0.6785027,XGBoost,home_c
2023-10-18 02:00:00,0.44,0.5775034,XGBoost,home_c
2023-10-18 03:00:00,0.54,0.62644553,XGBoost,home_c
2023-10-18 04:00:00,0.56,0.846026,XGBoost,home_c
2023-10-18 05:00:00,0.36,0.98468935,XGBoost,home_c
2023-10-18 06:00:00,0.76,1.1618439,XGBoost,home_c
2023-10-18 07:00:00,1.26,1.2713733,XGBoost,home_c
2023-10-18 08:00:00,0.72,1.2923377,XGBoost,home_c
2023-10-18 09:00:00,0.94,1.0514787,XGBoost,home_c
2023-10-18 10:00:00,0.54,0.8455821,XGBoost,home_c
2023-10-18 11:00:00,0.38,0.7380475,XGBoost,home_c
2023-10-18 12:00:00,2.16,0.7687984,XGBoost,home_c
2023-10-18 13:00:00,0.51,0.718645,XGBoost,home_c
2023-10-18 14:00:00,0.82,0.96000814,XGBoost,home_c
2023-10-18 15:00:00,0.3,0.96932447,XGBoost,home_c
2023-10-18 16:00:00,0.5,0.9137045,XGBoost,home_c
2023-10-18 17:00:00,0.64,0.89192224,XGBoost,home_c
2023-10-18 18:00:00,0.82,1.1761138,XGBoost,home_c
2023-10-18 19:00:00,2.53,1.6566836,XGBoost,home_c
2023-10-18 20:00:00,1.49,1.9602926,XGBoost,home_c
2023-10-18 21:00:00,1.83,1.4872638,XGBoost,home_c
2023-10-18 22:00:00,0.66,1.1890327,XGBoost,home_c
2023-10-18 23:00:00,0.99,0.79061836,XGBoost,home_c
2023-10-19 00:00:00,0.29,0.5296194,XGBoost,home_c
2023-10-19 01:00:00,0.47,0.60032964,XGBoost,home_c
2023-10-19 02:00:00,0.46,0.66273826,XGBoost,home_c
2023-10-19 03:00:00,0.48,0.5428391,XGBoost,home_c
2023-10-19 04:00:00,2.74,0.77873945,XGBoost,home_c
2023-10-19 05:00:00,0.71,0.6152607,XGBoost,home_c
2023-10-19 06:00:00,0.55,1.0529861,XGBoost,home_c
2023-10-19 07:00:00,1.15,1.0827708,XGBoost,home_c
2023-10-19 08:00:00,0.88,0.9551791,XGBoost,home_c
2023-10-19 09:00:00,0.39,0.7814093,XGBoost,home_c
2023-10-19 10:00:00,0.63,0.47181016,XGBoost,home_c
2023-10-19 11:00:00,0.35,0.5678782,XGBoost,home_c
2023-10-19 12:00:00,0.46,0.48729426,XGBoost,home_c
2023-10-19 13:00:00,0.36,0.46061525,XGBoost,home_c
2023-10-19 14:00:00,0.46,0.5303047,XGBoost,home_c
2023-10-19 15:00:00,0.44,0.45646527,XGBoost,home_c
2023-10-19 16:00:00,0.49,0.6029844,XGBoost,home_c
2023-10-19 17:00:00,0.57,0.7587496,XGBoost,home_c
2023-10-19 18:00:00,1.1749999999999998,0.9818451,XGBoost,home_c
2023-10-19 19:00:00,1.78,1.2889735,XGBoost,home_c
2023-10-19 20:00:00,1.65,1.789262,XGBoost,home_c
2023-10-19 21:00:00,1.46,1.5666512,XGBoost,home_c
2023-10-19 22:00:00,1.23,1.0992825,XGBoost,home_c
2023-10-19 23:00:00,0.68,0.9097137,XGBoost,home_c
2023-10-20 00:00:00,0.31,0.55572015,XGBoost,home_c
2023-10-20 01:00:00,0.5,0.5203308,XGBoost,home_c
2023-10-20 02:00:00,0.33,0.5062921,XGBoost,home_c
2023-10-20 03:00:00,0.66,0.552611,XGBoost,home_c
2023-10-20 04:00:00,0.66,0.6041431,XGBoost,home_c
2023-10-20 05:00:00,0.46,0.9204669,XGBoost,home_c
2023-10-20 06:00:00,0.78,0.9204867,XGBoost,home_c
2023-10-20 07:00:00,0.95,1.1252826,XGBoost,home_c
2023-10-20 08:00:00,0.6,1.0158144,XGBoost,home_c
2023-10-20 09:00:00,0.61,0.73045176,XGBoost,home_c
2023-10-20 10:00:00,0.52,0.61808175,XGBoost,home_c
2023-10-20 11:00:00,0.55,0.7292995,XGBoost,home_c
2023-10-20 12:00:00,0.43,0.5807963,XGBoost,home_c
2023-10-20 13:00:00,0.39,0.7394802,XGBoost,home_c
2023-10-20 14:00:00,0.56,0.9120749,XGBoost,home_c
2023-10-20 15:00:00,0.41,0.6284795,XGBoost,home_c
2023-10-20 16:00:00,0.5,0.94397837,XGBoost,home_c
2023-10-20 17:00:00,0.88,1.1028869,XGBoost,home_c
2023-10-20 18:00:00,0.88,1.1217291,XGBoost,home_c
2023-10-20 19:00:00,1.44,1.4482253,XGBoost,home_c
2023-10-20 20:00:00,2.47,1.8039938,XGBoost,home_c
2023-10-20 21:00:00,2.08,1.5333917,XGBoost,home_c
2023-10-20 22:00:00,0.76,1.1607039,XGBoost,home_c
2023-10-20 23:00:00,0.6,0.7650692,XGBoost,home_c
2023-10-21 00:00:00,0.49,0.76684177,XGBoost,home_c
2023-10-21 01:00:00,0.38,0.7935843,XGBoost,home_c
2023-10-21 02:00:00,0.62,0.7093875,XGBoost,home_c
2023-10-21 03:00:00,0.46,0.68558604,XGBoost,home_c
2023-10-21 04:00:00,0.54,0.7930242,XGBoost,home_c
2023-10-21 05:00:00,0.7,0.85175204,XGBoost,home_c
2023-10-21 06:00:00,0.91,1.5457064,XGBoost,home_c
2023-10-21 07:00:00,0.61,1.1710391,XGBoost,home_c
2023-10-21 08:00:00,0.6,1.0506577,XGBoost,home_c
2023-10-21 09:00:00,0.77,0.87479824,XGBoost,home_c
2023-10-21 10:00:00,0.46,1.0394375,XGBoost,home_c
2023-10-21 11:00:00,0.55,1.0996994,XGBoost,home_c
2023-10-21 12:00:00,0.79,1.082724,XGBoost,home_c
2023-10-21 13:00:00,0.5,1.078345,XGBoost,home_c
2023-10-21 14:00:00,0.84,1.0606215,XGBoost,home_c
2023-10-21 15:00:00,0.58,0.95615774,XGBoost,home_c
2023-10-21 16:00:00,0.52,0.8643183,XGBoost,home_c
2023-10-21 17:00:00,1.09,1.3747511,XGBoost,home_c
2023-10-21 18:00:00,0.69,1.6848238,XGBoost,home_c
2023-10-21 19:00:00,1.52,1.74816,XGBoost,home_c
2023-10-21 20:00:00,1.02,1.5963686,XGBoost,home_c
2023-10-21 21:00:00,1.18,1.6883975,XGBoost,home_c
2023-10-21 22:00:00,0.8,1.3119242,XGBoost,home_c
2023-10-21 23:00:00,0.74,0.79035944,XGBoost,home_c
2023-10-22 00:00:00,0.42,0.63334084,XGBoost,home_c
2023-10-22 01:00:00,0.78,0.5277402,XGBoost,home_c
2023-10-22 02:00:00,0.62,0.59387165,XGBoost,home_c
2023-10-22 03:00:00,1.81,0.59078026,XGBoost,home_c
2023-10-22 04:00:00,0.37,0.6889899,XGBoost,home_c
2023-10-22 05:00:00,0.76,0.82339376,XGBoost,home_c
2023-10-22 06:00:00,0.76,0.94020563,XGBoost,home_c
2023-10-22 07:00:00,1.23,0.9398813,XGBoost,home_c
2023-10-22 08:00:00,0.93,0.9815751,XGBoost,home_c
2023-10-22 09:00:00,0.56,0.73608536,XGBoost,home_c
2023-10-22 10:00:00,1.85,0.7199001,XGBoost,home_c
2023-10-22 11:00:00,0.78,0.842116,XGBoost,home_c
2023-10-22 12:00:00,0.68,0.7658419,XGBoost,home_c
2023-10-22 13:00:00,1.19,0.68786174,XGBoost,home_c
2023-10-22 14:00:00,0.86,0.8423904,XGBoost,home_c
2023-10-22 15:00:00,0.53,0.74782604,XGBoost,home_c
2023-10-22 16:00:00,0.9,0.70849484,XGBoost,home_c
2023-10-22 17:00:00,0.69,0.93126446,XGBoost,home_c
2023-10-22 18:00:00,1.04,1.2261058,XGBoost,home_c
2023-10-22 19:00:00,1.76,1.492169,XGBoost,home_c
2023-10-22 20:00:00,1.12,1.8838681,XGBoost,home_c
2023-10-22 21:00:00,2.31,1.5497681,XGBoost,home_c
2023-10-22 22:00:00,1.28,1.1285768,XGBoost,home_c
2023-10-22 23:00:00,1.0,0.81535894,XGBoost,home_c
2023-10-23 00:00:00,0.46,0.6153838,XGBoost,home_c
2023-10-23 01:00:00,0.48,0.5227559,XGBoost,home_c
2023-10-23 02:00:00,0.47,0.63489705,XGBoost,home_c
2023-10-23 03:00:00,0.76,0.6279431,XGBoost,home_c
2023-10-23 04:00:00,0.59,0.691189,XGBoost,home_c
2023-10-23 05:00:00,0.73,0.79266995,XGBoost,home_c
2023-10-23 06:00:00,0.82,1.0153558,XGBoost,home_c
2023-10-23 07:00:00,0.92,1.0233606,XGBoost,home_c
2023-10-23 08:00:00,0.85,1.0002285,XGBoost,home_c
2023-10-23 09:00:00,0.95,0.80510944,XGBoost,home_c
2023-10-23 10:00:00,0.62,0.74209166,XGBoost,home_c
2023-10-23 11:00:00,0.4,0.6272125,XGBoost,home_c
2023-10-23 12:00:00,0.65,0.53530353,XGBoost,home_c
2023-10-23 13:00:00,0.4,0.70879364,XGBoost,home_c
2023-10-23 14:00:00,0.44,0.579333,XGBoost,home_c
2023-10-23 15:00:00,0.56,0.5290219,XGBoost,home_c
2023-10-23 16:00:00,0.66,0.63636166,XGBoost,home_c
2023-10-23 17:00:00,0.55,0.98800856,XGBoost,home_c
2023-10-23 18:00:00,1.07,1.0324162,XGBoost,home_c
2023-10-23 19:00:00,1.81,1.5377718,XGBoost,home_c
2023-10-23 20:00:00,0.94,1.7281172,XGBoost,home_c
2023-10-23 21:00:00,1.61,1.4236953,XGBoost,home_c
2023-10-23 22:00:00,1.67,1.170282,XGBoost,home_c
2023-10-23 23:00:00,0.69,0.94828457,XGBoost,home_c
2023-10-24 00:00:00,0.58,0.880594,XGBoost,home_c
2023-10-24 01:00:00,0.47,0.73950714,XGBoost,home_c
2023-10-24 02:00:00,0.44,0.7705863,XGBoost,home_c
2023-10-24 03:00:00,0.48,0.66068625,XGBoost,home_c
2023-10-24 04:00:00,0.57,0.7680218,XGBoost,home_c
2023-10-24 05:00:00,0.78,0.84997624,XGBoost,home_c
2023-10-24 06:00:00,0.82,1.0227709,XGBoost,home_c
2023-10-24 07:00:00,1.3,1.095241,XGBoost,home_c
2023-10-24 08:00:00,0.9,1.0906229,XGBoost,home_c
2023-10-24 09:00:00,0.68,0.88665277,XGBoost,home_c
2023-10-24 10:00:00,0.58,0.6869437,XGBoost,home_c
2023-10-24 11:00:00,0.39,0.66624844,XGBoost,home_c
2023-10-24 12:00:00,2.02,0.59110034,XGBoost,home_c
2023-10-24 13:00:00,0.41,0.9799408,XGBoost,home_c
2023-10-24 14:00:00,0.68,0.6315724,XGBoost,home_c
2023-10-24 15:00:00,0.625,0.69299316,XGBoost,home_c
2023-10-24 16:00:00,0.57,0.6889913,XGBoost,home_c
2023-10-24 17:00:00,0.7849999999999999,0.90778893,XGBoost,home_c
2023-10-24 18:00:00,1.0,1.2678932,XGBoost,home_c
2023-10-24 19:00:00,1.0,1.5476891,XGBoost,home_c
2023-10-24 20:00:00,1.3,1.637946,XGBoost,home_c
2023-10-24 21:00:00,2.6,1.6514541,XGBoost,home_c
2023-10-24 22:00:00,1.11,1.4911529,XGBoost,home_c
2023-10-24 23:00:00,0.57,0.77950877,XGBoost,home_c
2023-10-25 00:00:00,2.91,0.6764683,XGBoost,home_c
2023-10-25 01:00:00,0.53,0.5384902,XGBoost,home_c
2023-10-25 02:00:00,0.52,0.63580793,XGBoost,home_c
2023-10-25 03:00:00,0.46,0.6070334,XGBoost,home_c
2023-10-25 04:00:00,0.62,0.74202853,XGBoost,home_c
2023-10-25 05:00:00,0.74,0.8196653,XGBoost,home_c
2023-10-25 06:00:00,1.04,0.94264746,XGBoost,home_c
2023-10-25 07:00:00,1.04,1.1915689,XGBoost,home_c
2023-10-25 08:00:00,0.91,1.0412104,XGBoost,home_c
2023-10-25 09:00:00,0.46,0.92113686,XGBoost,home_c
2023-10-25 10:00:00,0.59,0.5731616,XGBoost,home_c
2023-10-25 11:00:00,0.43,0.68887556,XGBoost,home_c
2023-10-25 12:00:00,0.46,0.88632596,XGBoost,home_c
2023-10-25 13:00:00,0.46,0.7601173,XGBoost,home_c
2023-10-25 14:00:00,0.41,0.666541,XGBoost,home_c
2023-10-25 15:00:00,0.72,0.8986433,XGBoost,home_c
2023-10-25 16:00:00,0.7,0.7323517,XGBoost,home_c
2023-10-25 17:00:00,0.96,0.7376884,XGBoost,home_c
2023-10-25 18:00:00,1.24,1.0811957,XGBoost,home_c
2023-10-25 19:00:00,4.03,1.5528386,XGBoost,home_c
2023-10-25 20:00:00,2.12,1.7026609,XGBoost,home_c
2023-10-25 21:00:00,1.26,1.6261506,XGBoost,home_c
2023-10-25 22:00:00,0.58,1.2260851,XGBoost,home_c
2023-10-25 23:00:00,0.68,0.8630171,XGBoost,home_c
2023-10-26 00:00:00,0.47,0.728946,XGBoost,home_c
2023-10-26 01:00:00,0.65,0.5534782,XGBoost,home_c
2023-10-26 02:00:00,0.36,0.5923304,XGBoost,home_c
2023-10-26 03:00:00,0.54,0.5341988,XGBoost,home_c
2023-10-26 04:00:00,0.42,0.6164015,XGBoost,home_c
2023-10-26 05:00:00,1.11,0.78761077,XGBoost,home_c
2023-10-26 06:00:00,0.92,1.0333167,XGBoost,home_c
2023-10-26 07:00:00,1.23,1.0489033,XGBoost,home_c
2023-10-26 08:00:00,0.76,1.0721434,XGBoost,home_c
2023-10-26 09:00:00,0.55,0.76041734,XGBoost,home_c
2023-10-26 10:00:00,0.39,0.64591146,XGBoost,home_c
2023-10-26 11:00:00,0.39,0.6303858,XGBoost,home_c
2023-10-26 12:00:00,1.68,0.46243557,XGBoost,home_c
2023-10-26 13:00:00,0.44,0.90270627,XGBoost,home_c
2023-10-26 14:00:00,0.33,0.6221532,XGBoost,home_c
2023-10-26 15:00:00,0.33,0.5549114,XGBoost,home_c
2023-10-26 16:00:00,0.44,0.6199604,XGBoost,home_c
2023-10-26 17:00:00,0.48,0.7396163,XGBoost,home_c
2023-10-26 18:00:00,1.5,1.1588178,XGBoost,home_c
2023-10-26 19:00:00,2.07,1.7718794,XGBoost,home_c
2023-10-26 20:00:00,1.62,2.0987818,XGBoost,home_c
2023-10-26 21:00:00,2.09,1.7348074,XGBoost,home_c
2023-10-26 22:00:00,1.04,1.2814245,XGBoost,home_c
2023-10-26 23:00:00,2.61,0.8396202,XGBoost,home_c
2023-10-27 00:00:00,0.59,0.8109258,XGBoost,home_c
2023-10-27 01:00:00,0.57,0.65314585,XGBoost,home_c
2023-10-27 02:00:00,0.63,0.7293483,XGBoost,home_c
2023-10-27 03:00:00,3.31,0.6522701,XGBoost,home_c
2023-10-27 04:00:00,0.41,0.6052791,XGBoost,home_c
2023-10-27 05:00:00,0.58,0.71957624,XGBoost,home_c
2023-10-27 06:00:00,0.92,1.056519,XGBoost,home_c
2023-10-27 07:00:00,0.7,1.2128584,XGBoost,home_c
2023-10-27 08:00:00,0.69,0.938831,XGBoost,home_c
2023-10-27 09:00:00,0.65,0.7133674,XGBoost,home_c
2023-10-27 10:00:00,0.64,0.57033795,XGBoost,home_c
2023-10-27 11:00:00,0.55,0.56289566,XGBoost,home_c
2023-10-27 12:00:00,0.5,0.5986937,XGBoost,home_c
2023-10-27 13:00:00,0.4,0.55855566,XGBoost,home_c
2023-10-27 14:00:00,0.38,0.5374328,XGBoost,home_c
2023-10-27 15:00:00,0.55,0.6380914,XGBoost,home_c
2023-10-27 16:00:00,0.43,0.6044882,XGBoost,home_c
2023-10-27 17:00:00,0.51,0.84625554,XGBoost,home_c
2023-10-27 18:00:00,1.31,1.2546532,XGBoost,home_c
2023-10-27 19:00:00,1.05,1.6136982,XGBoost,home_c
2023-10-27 20:00:00,2.03,1.5196989,XGBoost,home_c
2023-10-27 21:00:00,1.68,1.5488777,XGBoost,home_c
2023-10-27 22:00:00,1.5,1.1686815,XGBoost,home_c
2023-10-27 23:00:00,0.77,0.82061416,XGBoost,home_c
2023-10-28 00:00:00,0.66,0.64906794,XGBoost,home_c
2023-10-28 01:00:00,0.4,0.69015485,XGBoost,home_c
2023-10-28 02:00:00,2.19,0.6599567,XGBoost,home_c
2023-10-28 03:00:00,0.51,0.67411906,XGBoost,home_c
2023-10-28 04:00:00,2.02,0.6513337,XGBoost,home_c
2023-10-28 05:00:00,0.65,0.81107676,XGBoost,home_c
2023-10-28 06:00:00,0.95,1.1113747,XGBoost,home_c
2023-10-28 07:00:00,1.04,1.1261914,XGBoost,home_c
2023-10-28 08:00:00,0.86,0.96011186,XGBoost,home_c
2023-10-28 09:00:00,1.09,0.77175933,XGBoost,home_c
2023-10-28 10:00:00,0.85,0.75437397,XGBoost,home_c
2023-10-28 11:00:00,1.97,0.79440075,XGBoost,home_c
2023-10-28 12:00:00,0.47,1.0474654,XGBoost,home_c
2023-10-28 13:00:00,0.72,0.68138367,XGBoost,home_c
2023-10-28 14:00:00,0.69,0.7844071,XGBoost,home_c
2023-10-28 15:00:00,0.68,0.80363977,XGBoost,home_c
2023-10-28 16:00:00,0.85,0.97920245,XGBoost,home_c
2023-10-28 17:00:00,0.64,1.0271773,XGBoost,home_c
2023-10-28 18:00:00,1.08,1.1170402,XGBoost,home_c
2023-10-28 19:00:00,1.77,1.7947892,XGBoost,home_c
2023-10-28 20:00:00,1.74,1.8540008,XGBoost,home_c
2023-10-28 21:00:00,1.455,1.7100898,XGBoost,home_c
2023-10-28 22:00:00,1.17,1.1989869,XGBoost,home_c
2023-10-28 23:00:00,0.68,0.9151358,XGBoost,home_c
2023-10-29 00:00:00,0.41,0.57897776,XGBoost,home_c
2023-10-29 01:00:00,0.43,0.5901001,XGBoost,home_c
2023-10-29 02:00:00,0.0,0.6678065,XGBoost,home_c
2023-10-29 03:00:00,0.5,0.94476116,XGBoost,home_c
2023-10-29 04:00:00,0.5,0.8050842,XGBoost,home_c
2023-10-29 05:00:00,2.69,0.7236911,XGBoost,home_c
2023-10-29 06:00:00,1.01,1.4506958,XGBoost,home_c
2023-10-29 07:00:00,1.84,1.1419715,XGBoost,home_c
2023-10-29 08:00:00,1.35,1.1326637,XGBoost,home_c
2023-10-29 09:00:00,1.025,0.84405637,XGBoost,home_c
2023-10-29 10:00:00,0.7,0.9378812,XGBoost,home_c
2023-10-29 11:00:00,3.29,0.92157584,XGBoost,home_c
2023-10-29 12:00:00,0.84,0.766353,XGBoost,home_c
2023-10-29 13:00:00,0.7949999999999999,0.8700992,XGBoost,home_c
2023-10-29 14:00:00,0.75,0.79004616,XGBoost,home_c
2023-10-29 15:00:00,0.79,0.7029839,XGBoost,home_c
2023-10-29 16:00:00,0.47,0.88689953,XGBoost,home_c
2023-10-29 17:00:00,0.9,0.8375865,XGBoost,home_c
2023-10-29 18:00:00,1.26,1.3437775,XGBoost,home_c
2023-10-29 19:00:00,1.41,1.7293155,XGBoost,home_c
2023-10-29 20:00:00,1.42,1.9113805,XGBoost,home_c
2023-10-29 21:00:00,1.8,1.7635447,XGBoost,home_c
2023-10-29 22:00:00,0.83,1.3060098,XGBoost,home_c
2023-10-29 23:00:00,0.51,0.78286254,XGBoost,home_c
2023-10-30 00:00:00,0.52,0.5100662,XGBoost,home_c
2023-10-30 01:00:00,0.76,0.6847216,XGBoost,home_c
2023-10-30 02:00:00,0.47,0.6347148,XGBoost,home_c
2023-10-30 03:00:00,0.55,0.61871755,XGBoost,home_c
2023-10-30 04:00:00,0.69,0.74612325,XGBoost,home_c
2023-10-30 05:00:00,0.66,0.86405104,XGBoost,home_c
2023-10-30 06:00:00,0.97,1.0190217,XGBoost,home_c
2023-10-30 07:00:00,1.02,1.1041665,XGBoost,home_c
2023-10-30 08:00:00,1.17,1.0411304,XGBoost,home_c
2023-10-30 09:00:00,0.78,0.9262115,XGBoost,home_c
2023-10-30 10:00:00,0.38,0.6686894,XGBoost,home_c
2023-10-30 11:00:00,0.31,0.63345855,XGBoost,home_c
2023-10-30 12:00:00,0.4,0.5987905,XGBoost,home_c
2023-10-30 13:00:00,0.57,0.5601657,XGBoost,home_c
2023-10-30 14:00:00,0.5,0.54421127,XGBoost,home_c
2023-10-30 15:00:00,0.46,0.5897191,XGBoost,home_c
2023-10-30 16:00:00,0.53,0.6525093,XGBoost,home_c
2023-10-30 17:00:00,0.56,0.7850081,XGBoost,home_c
2023-10-30 18:00:00,0.86,1.1750181,XGBoost,home_c
2023-10-30 19:00:00,0.94,1.6480088,XGBoost,home_c
2023-10-30 20:00:00,2.37,1.5522934,XGBoost,home_c
2023-10-30 21:00:00,1.41,1.6536168,XGBoost,home_c
2023-10-30 22:00:00,1.08,1.1981223,XGBoost,home_c
2023-10-30 23:00:00,0.56,0.8994893,XGBoost,home_c
2023-10-31 00:00:00,0.42,0.68124557,XGBoost,home_c
2023-10-31 01:00:00,0.36,0.62194335,XGBoost,home_c
2023-10-31 02:00:00,3.57,0.7926792,XGBoost,home_c
2023-10-31 03:00:00,0.67,0.6666649,XGBoost,home_c
2023-10-31 04:00:00,0.43,0.69899505,XGBoost,home_c
2023-10-31 05:00:00,0.89,0.8041633,XGBoost,home_c
2023-10-31 06:00:00,0.94,1.1276433,XGBoost,home_c
2023-10-31 07:00:00,0.94,1.1665496,XGBoost,home_c
2023-10-31 08:00:00,3.95,1.0636425,XGBoost,home_c
2023-10-31 09:00:00,0.74,0.8405265,XGBoost,home_c
2023-10-31 10:00:00,0.56,0.48845842,XGBoost,home_c
2023-10-31 11:00:00,0.45,0.46543768,XGBoost,home_c
2023-10-31 12:00:00,0.43,0.5662703,XGBoost,home_c
2023-10-31 13:00:00,0.38,0.55901176,XGBoost,home_c
2023-10-31 14:00:00,0.29,0.58399516,XGBoost,home_c
2023-10-31 15:00:00,0.49,0.56961864,XGBoost,home_c
2023-10-31 16:00:00,0.73,0.6078533,XGBoost,home_c
2023-10-31 17:00:00,2.31,0.8046645,XGBoost,home_c
2023-10-31 18:00:00,0.86,1.4177202,XGBoost,home_c
2023-10-31 19:00:00,1.43,1.4805708,XGBoost,home_c
2023-10-31 20:00:00,3.7,1.7662942,XGBoost,home_c
2023-10-31 21:00:00,1.72,1.6241845,XGBoost,home_c
2023-10-31 22:00:00,0.99,1.1886185,XGBoost,home_c
2023-10-31 23:00:00,0.76,0.7884467,XGBoost,home_c
2023-11-01 00:00:00,0.53,0.5487457,XGBoost,home_c
2023-11-01 01:00:00,0.59,0.59278935,XGBoost,home_c
2023-11-01 02:00:00,0.4,0.908893,XGBoost,home_c
2023-11-01 03:00:00,0.84,0.57164043,XGBoost,home_c
2023-11-01 04:00:00,0.41,0.7614389,XGBoost,home_c
2023-11-01 05:00:00,0.79,0.67177695,XGBoost,home_c
2023-11-01 06:00:00,0.78,1.0587429,XGBoost,home_c
2023-11-01 07:00:00,0.77,1.0385273,XGBoost,home_c
2023-11-01 08:00:00,0.85,1.0452067,XGBoost,home_c
2023-11-01 09:00:00,0.77,0.8403294,XGBoost,home_c
2023-11-01 10:00:00,0.5,0.6059474,XGBoost,home_c
2023-11-01 11:00:00,0.4,0.6348556,XGBoost,home_c
2023-11-01 12:00:00,0.57,0.6625231,XGBoost,home_c
2023-11-01 13:00:00,0.47,0.58304906,XGBoost,home_c
2023-11-01 14:00:00,0.34,0.709301,XGBoost,home_c
2023-11-01 15:00:00,0.59,0.62067586,XGBoost,home_c
2023-11-01 16:00:00,0.64,0.7001427,XGBoost,home_c
2023-11-01 17:00:00,0.79,0.83500093,XGBoost,home_c
2023-11-01 18:00:00,0.95,1.1523578,XGBoost,home_c
2023-11-01 19:00:00,0.96,1.7041352,XGBoost,home_c
2023-11-01 20:00:00,1.53,1.520424,XGBoost,home_c
2023-11-01 21:00:00,1.56,1.6913637,XGBoost,home_c
2023-11-01 22:00:00,0.97,1.3340772,XGBoost,home_c
2023-11-01 23:00:00,0.85,1.0754818,XGBoost,home_c
2023-11-02 00:00:00,0.46,0.6032597,XGBoost,home_c
2023-11-02 01:00:00,0.52,0.5400956,XGBoost,home_c
2023-11-02 02:00:00,0.31,0.7407329,XGBoost,home_c
2023-11-02 03:00:00,0.52,0.5737521,XGBoost,home_c
2023-11-02 04:00:00,0.44,0.6260125,XGBoost,home_c
2023-11-02 05:00:00,0.62,1.0153519,XGBoost,home_c
2023-11-02 06:00:00,0.8,1.0659132,XGBoost,home_c
2023-11-02 07:00:00,1.0,1.5718006,XGBoost,home_c
2023-11-02 08:00:00,1.21,1.104811,XGBoost,home_c
2023-11-02 09:00:00,3.36,0.7745274,XGBoost,home_c
2023-11-02 10:00:00,0.45,0.7560843,XGBoost,home_c
2023-11-02 11:00:00,0.33,0.6323984,XGBoost,home_c
2023-11-02 12:00:00,0.45,0.59931445,XGBoost,home_c
2023-11-02 13:00:00,0.45,0.5539458,XGBoost,home_c
2023-11-02 14:00:00,0.44,0.4793366,XGBoost,home_c
2023-11-02 15:00:00,0.49,0.5121491,XGBoost,home_c
2023-11-02 16:00:00,0.51,0.6078163,XGBoost,home_c
2023-11-02 17:00:00,0.94,0.7271558,XGBoost,home_c
2023-11-02 18:00:00,0.95,1.1583806,XGBoost,home_c
2023-11-02 19:00:00,1.61,1.4027613,XGBoost,home_c
2023-11-02 20:00:00,1.28,1.8255787,XGBoost,home_c
2023-11-02 21:00:00,1.11,1.7107087,XGBoost,home_c
2023-11-02 22:00:00,1.47,1.2275028,XGBoost,home_c
2023-11-02 23:00:00,0.8,1.0634179,XGBoost,home_c
2023-11-03 00:00:00,0.63,0.5711438,XGBoost,home_c
2023-11-03 01:00:00,0.63,0.55867696,XGBoost,home_c
2023-11-03 02:00:00,0.67,0.60294944,XGBoost,home_c
2023-11-03 03:00:00,0.55,0.76897883,XGBoost,home_c
2023-11-03 04:00:00,0.43,0.7394894,XGBoost,home_c
2023-11-03 05:00:00,0.8,0.8222825,XGBoost,home_c
2023-11-03 06:00:00,0.63,1.1047071,XGBoost,home_c
2023-11-03 07:00:00,1.09,1.0190825,XGBoost,home_c
2023-11-03 08:00:00,0.56,1.038199,XGBoost,home_c
2023-11-03 09:00:00,0.51,0.65799946,XGBoost,home_c
2023-11-03 10:00:00,0.53,0.5595649,XGBoost,home_c
2023-11-03 11:00:00,0.3,0.57211167,XGBoost,home_c
2023-11-03 12:00:00,0.26,0.5707523,XGBoost,home_c
2023-11-03 13:00:00,0.42,0.46330476,XGBoost,home_c
2023-11-03 14:00:00,0.32,0.4755118,XGBoost,home_c
2023-11-03 15:00:00,0.58,0.5445033,XGBoost,home_c
2023-11-03 16:00:00,0.39,0.5543193,XGBoost,home_c
2023-11-03 17:00:00,0.58,0.65913665,XGBoost,home_c
2023-11-03 18:00:00,0.8,1.1510509,XGBoost,home_c
2023-11-03 19:00:00,1.56,1.4896753,XGBoost,home_c
2023-11-03 20:00:00,1.13,1.8609108,XGBoost,home_c
2023-11-03 21:00:00,1.11,1.6597759,XGBoost,home_c
2023-11-03 22:00:00,0.9,1.2140566,XGBoost,home_c
2023-11-03 23:00:00,0.74,0.8995752,XGBoost,home_c
2023-11-04 00:00:00,0.5,0.75304794,XGBoost,home_c
2023-11-04 01:00:00,0.35,0.61589247,XGBoost,home_c
2023-11-04 02:00:00,0.3,0.7947259,XGBoost,home_c
2023-11-04 03:00:00,0.51,0.47929674,XGBoost,home_c
2023-11-04 04:00:00,0.69,0.7824356,XGBoost,home_c
2023-11-04 05:00:00,0.99,0.8351612,XGBoost,home_c
2023-11-04 06:00:00,0.88,1.2363585,XGBoost,home_c
2023-11-04 07:00:00,1.06,1.1798292,XGBoost,home_c
2023-11-04 08:00:00,1.02,0.98298436,XGBoost,home_c
2023-11-04 09:00:00,0.95,0.7877556,XGBoost,home_c
2023-11-04 10:00:00,0.64,0.76316595,XGBoost,home_c
2023-11-04 11:00:00,0.52,0.8320228,XGBoost,home_c
2023-11-04 12:00:00,0.58,0.7870887,XGBoost,home_c
2023-11-04 13:00:00,0.59,0.73732907,XGBoost,home_c
2023-11-04 14:00:00,0.57,0.8116538,XGBoost,home_c
2023-11-04 15:00:00,0.76,0.7798432,XGBoost,home_c
2023-11-04 16:00:00,0.71,0.9129338,XGBoost,home_c
2023-11-04 17:00:00,0.74,1.1391104,XGBoost,home_c
2023-11-04 18:00:00,0.97,1.2156608,XGBoost,home_c
2023-11-04 19:00:00,1.59,1.579026,XGBoost,home_c
2023-11-04 20:00:00,1.09,2.098934,XGBoost,home_c
2023-11-04 21:00:00,1.16,1.752791,XGBoost,home_c
2023-11-04 22:00:00,1.57,1.2632097,XGBoost,home_c
2023-11-04 23:00:00,1.02,0.99806833,XGBoost,home_c
2023-11-05 00:00:00,0.48,0.76446134,XGBoost,home_c
2023-11-05 01:00:00,0.41,0.6985768,XGBoost,home_c
2023-11-05 02:00:00,0.9,0.92378914,XGBoost,home_c
2023-11-05 03:00:00,0.43,0.6463785,XGBoost,home_c
2023-11-05 04:00:00,0.84,0.7337838,XGBoost,home_c
2023-11-05 05:00:00,0.62,1.0056157,XGBoost,home_c
2023-11-05 06:00:00,0.58,0.8762904,XGBoost,home_c
2023-11-05 07:00:00,1.2,1.1353091,XGBoost,home_c
2023-11-05 08:00:00,0.99,1.1704288,XGBoost,home_c
2023-11-05 09:00:00,0.8,0.9017287,XGBoost,home_c
2023-11-05 10:00:00,1.0,0.8118553,XGBoost,home_c
2023-11-05 11:00:00,0.6,0.7577996,XGBoost,home_c
2023-11-05 12:00:00,0.61,0.6504124,XGBoost,home_c
2023-11-05 13:00:00,0.61,0.707241,XGBoost,home_c
2023-11-05 14:00:00,1.07,0.778902,XGBoost,home_c
2023-11-05 15:00:00,0.6,0.91067547,XGBoost,home_c
2023-11-05 16:00:00,0.65,0.8458718,XGBoost,home_c
2023-11-05 17:00:00,1.02,0.9555288,XGBoost,home_c
2023-11-05 18:00:00,1.39,1.2792724,XGBoost,home_c
2023-11-05 19:00:00,1.8,1.833987,XGBoost,home_c
2023-11-05 20:00:00,2.03,1.9060363,XGBoost,home_c
2023-11-05 21:00:00,0.0,1.6554103,XGBoost,home_c
2023-11-05 22:00:00,0.76,1.2489287,XGBoost,home_c
2023-11-05 23:00:00,1.06,1.093796,XGBoost,home_c
2023-11-06 00:00:00,0.46,0.6067234,XGBoost,home_c
2023-11-06 01:00:00,0.54,0.588959,XGBoost,home_c
2023-11-06 02:00:00,0.43,0.59739417,XGBoost,home_c
2023-11-06 03:00:00,0.52,0.61313885,XGBoost,home_c
2023-11-06 04:00:00,0.49,0.68220234,XGBoost,home_c
2023-11-06 05:00:00,0.84,0.67408127,XGBoost,home_c
2023-11-06 06:00:00,1.25,0.8438358,XGBoost,home_c
2023-11-06 07:00:00,1.12,1.1513227,XGBoost,home_c
2023-11-06 08:00:00,0.7,1.0009772,XGBoost,home_c
2023-11-06 09:00:00,0.51,0.8296322,XGBoost,home_c
2023-11-06 10:00:00,0.48,0.62630373,XGBoost,home_c
2023-11-06 11:00:00,0.55,0.6511083,XGBoost,home_c
2023-11-06 12:00:00,0.49,0.6501626,XGBoost,home_c
2023-11-06 13:00:00,0.42,0.5832799,XGBoost,home_c
2023-11-06 14:00:00,0.32,0.5950668,XGBoost,home_c
2023-11-06 15:00:00,0.49,0.7288891,XGBoost,home_c
2023-11-06 16:00:00,0.52,0.6901384,XGBoost,home_c
2023-11-06 17:00:00,0.58,0.7821494,XGBoost,home_c
2023-11-06 18:00:00,1.24,1.2737095,XGBoost,home_c
2023-11-06 19:00:00,1.25,1.4990205,XGBoost,home_c
2023-11-06 20:00:00,1.68,1.5680385,XGBoost,home_c
2023-11-06 21:00:00,1.3,1.5433996,XGBoost,home_c
2023-11-06 22:00:00,0.96,1.3016561,XGBoost,home_c
2023-11-06 23:00:00,0.78,0.8867156,XGBoost,home_c
2023-11-07 00:00:00,0.44,0.60641557,XGBoost,home_c
2023-11-07 01:00:00,0.38,0.70244586,XGBoost,home_c
2023-11-07 02:00:00,0.57,0.6485797,XGBoost,home_c
2023-11-07 03:00:00,2.83,0.5833905,XGBoost,home_c
2023-11-07 04:00:00,0.69,0.67142755,XGBoost,home_c
2023-11-07 05:00:00,0.51,0.7947141,XGBoost,home_c
2023-11-07 06:00:00,0.71,0.8771215,XGBoost,home_c
2023-11-07 07:00:00,1.32,1.142087,XGBoost,home_c
2023-11-07 08:00:00,1.48,0.95461076,XGBoost,home_c
2023-11-07 09:00:00,0.87,0.8945046,XGBoost,home_c
2023-11-07 10:00:00,0.74,0.6617735,XGBoost,home_c
2023-11-07 11:00:00,0.43,0.7780137,XGBoost,home_c
2023-11-07 12:00:00,0.34,0.90581304,XGBoost,home_c
2023-11-07 13:00:00,0.26,0.7316223,XGBoost,home_c
2023-11-07 14:00:00,0.39,0.5812042,XGBoost,home_c
2023-11-07 15:00:00,0.38,0.533595,XGBoost,home_c
2023-11-07 16:00:00,0.56,0.5796475,XGBoost,home_c
2023-11-07 17:00:00,0.45,0.7556131,XGBoost,home_c
2023-11-07 18:00:00,1.1,1.0717568,XGBoost,home_c
2023-11-07 19:00:00,2.33,1.6062752,XGBoost,home_c
2023-11-07 20:00:00,1.53,1.9357774,XGBoost,home_c
2023-11-07 21:00:00,2.4,1.6151655,XGBoost,home_c
2023-11-07 22:00:00,0.84,1.2222171,XGBoost,home_c
2023-11-07 23:00:00,1.07,0.8011498,XGBoost,home_c
2023-11-08 00:00:00,0.49,0.6575449,XGBoost,home_c
2023-11-08 01:00:00,0.8400000000000001,0.76643634,XGBoost,home_c
2023-11-08 02:00:00,0.45,0.7126209,XGBoost,home_c
2023-11-08 03:00:00,0.31,0.87183344,XGBoost,home_c
2023-11-08 04:00:00,0.38,0.75881386,XGBoost,home_c
2023-11-08 05:00:00,1.25,0.80542344,XGBoost,home_c
2023-11-08 06:00:00,0.73,1.0048411,XGBoost,home_c
2023-11-08 07:00:00,1.02,1.0384126,XGBoost,home_c
2023-11-08 08:00:00,0.8,1.0410348,XGBoost,home_c
2023-11-08 09:00:00,0.57,0.96192026,XGBoost,home_c
2023-11-08 10:00:00,0.42,0.608482,XGBoost,home_c
2023-11-08 11:00:00,0.42,0.67257226,XGBoost,home_c
2023-11-08 12:00:00,0.46,0.5707997,XGBoost,home_c
2023-11-08 13:00:00,0.32,0.6089697,XGBoost,home_c
2023-11-08 14:00:00,0.33,0.56625843,XGBoost,home_c
2023-11-08 15:00:00,0.61,0.47009245,XGBoost,home_c
2023-11-08 16:00:00,0.41,0.6341767,XGBoost,home_c
2023-11-08 17:00:00,0.63,0.7165034,XGBoost,home_c
2023-11-08 18:00:00,0.92,1.3418515,XGBoost,home_c
2023-11-08 19:00:00,0.95,1.3904656,XGBoost,home_c
2023-11-08 20:00:00,1.86,1.5582944,XGBoost,home_c
2023-11-08 21:00:00,1.27,1.7960837,XGBoost,home_c
2023-11-08 22:00:00,1.53,1.1654159,XGBoost,home_c
2023-11-08 23:00:00,0.7,1.0901968,XGBoost,home_c
2023-11-09 00:00:00,0.45,0.849051,XGBoost,home_c
2023-11-09 01:00:00,2.42,0.6545643,XGBoost,home_c
2023-11-09 02:00:00,0.46,0.77201784,XGBoost,home_c
2023-11-09 03:00:00,0.53,0.8458002,XGBoost,home_c
2023-11-09 04:00:00,0.36,0.8717563,XGBoost,home_c
2023-11-09 05:00:00,0.47,0.8818022,XGBoost,home_c
2023-11-09 06:00:00,0.84,0.9779801,XGBoost,home_c
2023-11-09 07:00:00,1.06,1.0504276,XGBoost,home_c
2023-11-09 08:00:00,0.75,1.0582093,XGBoost,home_c
2023-11-09 09:00:00,0.81,0.8292723,XGBoost,home_c
2023-11-09 10:00:00,0.395,0.6351215,XGBoost,home_c
2023-11-09 11:00:00,0.68,0.61337674,XGBoost,home_c
2023-11-09 12:00:00,0.62,0.66384774,XGBoost,home_c
2023-11-09 13:00:00,0.55,0.5746701,XGBoost,home_c
2023-11-09 14:00:00,0.59,0.6094124,XGBoost,home_c
2023-11-09 15:00:00,0.68,0.6032685,XGBoost,home_c
2023-11-09 16:00:00,0.47,0.71698433,XGBoost,home_c
2023-11-09 17:00:00,0.98,0.9341437,XGBoost,home_c
2023-11-09 18:00:00,1.3066666666666666,1.2214253,XGBoost,home_c
2023-11-09 19:00:00,1.6333333333333333,1.6900046,XGBoost,home_c
2023-11-09 20:00:00,1.96,1.8373227,XGBoost,home_c
2023-11-09 21:00:00,1.41,1.8281558,XGBoost,home_c
2023-11-09 22:00:00,1.78,1.3064231,XGBoost,home_c
2023-11-09 23:00:00,1.185,0.93108976,XGBoost,home_c
2023-11-10 00:00:00,0.59,0.606975,XGBoost,home_c
2023-11-10 01:00:00,0.42,0.75057477,XGBoost,home_c
2023-11-10 02:00:00,0.48,0.7042481,XGBoost,home_c
2023-11-10 03:00:00,0.43,0.7318727,XGBoost,home_c
2023-11-10 04:00:00,0.31,0.8832622,XGBoost,home_c
2023-11-10 05:00:00,1.08,0.9360647,XGBoost,home_c
2023-11-10 06:00:00,3.51,0.9989117,XGBoost,home_c
2023-11-10 07:00:00,1.02,1.1601828,XGBoost,home_c
2023-11-10 08:00:00,0.66,1.0028735,XGBoost,home_c
2023-11-10 09:00:00,0.63,0.7361481,XGBoost,home_c
2023-11-10 10:00:00,0.67,0.6206157,XGBoost,home_c
2023-11-10 11:00:00,0.4,0.73610175,XGBoost,home_c
2023-11-10 12:00:00,0.47,0.648264,XGBoost,home_c
2023-11-10 13:00:00,0.43,0.5185624,XGBoost,home_c
2023-11-10 14:00:00,0.35,0.5987554,XGBoost,home_c
2023-11-10 15:00:00,0.48,0.60620487,XGBoost,home_c
2023-11-10 16:00:00,0.55,0.6216076,XGBoost,home_c
2023-11-10 17:00:00,0.88,0.81006235,XGBoost,home_c
2023-11-10 18:00:00,2.89,1.0270829,XGBoost,home_c
2023-11-10 19:00:00,1.63,1.6903857,XGBoost,home_c
2023-11-10 20:00:00,1.66,1.9357598,XGBoost,home_c
2023-11-10 21:00:00,1.05,1.5851732,XGBoost,home_c
2023-11-10 22:00:00,1.06,1.2705694,XGBoost,home_c
2023-11-10 23:00:00,1.24,0.952606,XGBoost,home_c
2023-11-11 00:00:00,0.45,0.63253576,XGBoost,home_c
2023-11-11 01:00:00,0.58,0.7972472,XGBoost,home_c
2023-11-11 02:00:00,0.32,0.7974413,XGBoost,home_c
2023-11-11 03:00:00,0.44,0.66364896,XGBoost,home_c
2023-11-11 04:00:00,0.67,0.71208304,XGBoost,home_c
2023-11-11 05:00:00,0.58,1.0318058,XGBoost,home_c
2023-11-11 06:00:00,0.63,0.9508088,XGBoost,home_c
2023-11-11 07:00:00,1.02,1.1361371,XGBoost,home_c
2023-11-11 08:00:00,0.71,0.94124043,XGBoost,home_c
2023-11-11 09:00:00,0.79,0.86899877,XGBoost,home_c
2023-11-11 10:00:00,0.43,0.8360298,XGBoost,home_c
2023-11-11 11:00:00,0.68,0.7633701,XGBoost,home_c
2023-11-11 12:00:00,0.81,0.76053333,XGBoost,home_c
2023-11-11 13:00:00,0.67,0.7871935,XGBoost,home_c
2023-11-11 14:00:00,0.9,0.7962162,XGBoost,home_c
2023-11-11 15:00:00,0.93,0.87689185,XGBoost,home_c
2023-11-11 16:00:00,0.88,0.91245717,XGBoost,home_c
2023-11-11 17:00:00,0.61,1.2192854,XGBoost,home_c
2023-11-11 18:00:00,1.45,1.2449293,XGBoost,home_c
2023-11-11 19:00:00,1.59,1.9530091,XGBoost,home_c
2023-11-11 20:00:00,2.31,2.0564702,XGBoost,home_c
2023-11-11 21:00:00,1.31,1.7742887,XGBoost,home_c
2023-11-11 22:00:00,1.31,1.5351995,XGBoost,home_c
2023-11-11 23:00:00,0.86,1.100281,XGBoost,home_c
2023-11-12 00:00:00,0.33,0.8169348,XGBoost,home_c
2023-11-12 01:00:00,0.83,0.94054335,XGBoost,home_c
2023-11-12 02:00:00,0.64,0.7857391,XGBoost,home_c
2023-11-12 03:00:00,0.53,0.9052989,XGBoost,home_c
2023-11-12 04:00:00,0.5700000000000001,0.93385094,XGBoost,home_c
2023-11-12 05:00:00,0.61,0.91879183,XGBoost,home_c
2023-11-12 06:00:00,1.32,0.89951515,XGBoost,home_c
2023-11-12 07:00:00,0.9,1.2304355,XGBoost,home_c
2023-11-12 08:00:00,3.34,1.1317942,XGBoost,home_c
2023-11-12 09:00:00,1.01,1.1674912,XGBoost,home_c
2023-11-12 10:00:00,0.84,0.9178464,XGBoost,home_c
2023-11-12 11:00:00,0.83,0.98834306,XGBoost,home_c
2023-11-12 12:00:00,0.61,1.034814,XGBoost,home_c
2023-11-12 13:00:00,1.09,0.8190281,XGBoost,home_c
2023-11-12 14:00:00,0.54,1.0264605,XGBoost,home_c
2023-11-12 15:00:00,0.96,0.9802521,XGBoost,home_c
2023-11-12 16:00:00,0.8,0.9123612,XGBoost,home_c
2023-11-12 17:00:00,0.93,1.0186269,XGBoost,home_c
2023-11-12 18:00:00,1.22,1.4554269,XGBoost,home_c
2023-11-12 19:00:00,1.3,1.6674954,XGBoost,home_c
2023-11-12 20:00:00,2.41,1.6633086,XGBoost,home_c
2023-11-12 21:00:00,1.54,1.8798248,XGBoost,home_c
2023-11-12 22:00:00,1.29,1.2706109,XGBoost,home_c
2023-11-12 23:00:00,0.52,0.88716894,XGBoost,home_c
2023-11-13 00:00:00,0.44,0.5756699,XGBoost,home_c
2023-11-13 01:00:00,0.42,0.6274391,XGBoost,home_c
2023-11-13 02:00:00,0.41,0.5960497,XGBoost,home_c
2023-11-13 03:00:00,0.39,0.7705127,XGBoost,home_c
2023-11-13 04:00:00,0.77,0.71288306,XGBoost,home_c
2023-11-13 05:00:00,0.83,0.8610294,XGBoost,home_c
2023-11-13 06:00:00,1.01,0.99825674,XGBoost,home_c
2023-11-13 07:00:00,0.94,1.1645296,XGBoost,home_c
2023-11-13 08:00:00,0.65,0.82370675,XGBoost,home_c
2023-11-13 09:00:00,0.77,0.8154296,XGBoost,home_c
2023-11-13 10:00:00,0.49,0.781986,XGBoost,home_c
2023-11-13 11:00:00,0.5,0.63029015,XGBoost,home_c
2023-11-13 12:00:00,0.35,0.69807625,XGBoost,home_c
2023-11-13 13:00:00,0.39,0.57055306,XGBoost,home_c
2023-11-13 14:00:00,0.43,0.57258874,XGBoost,home_c
2023-11-13 15:00:00,0.52,0.5878648,XGBoost,home_c
2023-11-13 16:00:00,0.58,0.67459226,XGBoost,home_c
2023-11-13 17:00:00,0.51,0.7510092,XGBoost,home_c
2023-11-13 18:00:00,1.0,1.1212281,XGBoost,home_c
2023-11-13 19:00:00,1.73,1.4758056,XGBoost,home_c
2023-11-13 20:00:00,1.52,2.0247612,XGBoost,home_c
2023-11-13 21:00:00,2.11,1.6748677,XGBoost,home_c
2023-11-13 22:00:00,1.29,1.2912816,XGBoost,home_c
2023-11-13 23:00:00,0.76,0.8648688,XGBoost,home_c
2023-11-14 00:00:00,0.47,0.56629014,XGBoost,home_c
2023-11-14 01:00:00,0.66,0.6588225,XGBoost,home_c
2023-11-14 02:00:00,0.73,0.59790003,XGBoost,home_c
2023-11-14 03:00:00,0.67,0.7792694,XGBoost,home_c
2023-11-14 04:00:00,0.59,0.723213,XGBoost,home_c
2023-11-14 05:00:00,0.53,0.75234145,XGBoost,home_c
2023-11-14 06:00:00,0.84,0.95690495,XGBoost,home_c
2023-11-14 07:00:00,3.62,1.1121837,XGBoost,home_c
2023-11-14 08:00:00,0.94,1.0570058,XGBoost,home_c
2023-11-14 09:00:00,0.49,0.83817834,XGBoost,home_c
2023-11-14 10:00:00,0.39,0.647411,XGBoost,home_c
2023-11-14 11:00:00,0.29,0.5921212,XGBoost,home_c
2023-11-14 12:00:00,0.45,0.575869,XGBoost,home_c
2023-11-14 13:00:00,0.46499999999999997,0.61014974,XGBoost,home_c
2023-11-14 14:00:00,0.48,0.6606252,XGBoost,home_c
2023-11-14 15:00:00,0.58,0.9031726,XGBoost,home_c
2023-11-14 16:00:00,0.41,0.72808564,XGBoost,home_c
2023-11-14 17:00:00,0.71,0.8036913,XGBoost,home_c
2023-11-14 18:00:00,1.35,1.3468875,XGBoost,home_c
2023-11-14 19:00:00,1.455,1.608517,XGBoost,home_c
2023-11-14 20:00:00,2.68,1.8694893,XGBoost,home_c
2023-11-14 21:00:00,1.34,1.6388628,XGBoost,home_c
2023-11-14 22:00:00,0.99,1.202443,XGBoost,home_c
2023-11-14 23:00:00,0.66,1.0601739,XGBoost,home_c
2023-11-15 00:00:00,0.66,0.5856974,XGBoost,home_c
2023-11-15 01:00:00,0.69,0.65383506,XGBoost,home_c
2023-11-15 02:00:00,0.74,0.5652567,XGBoost,home_c
2023-11-15 03:00:00,0.62,0.7852224,XGBoost,home_c
2023-11-15 04:00:00,3.03,0.74557096,XGBoost,home_c
2023-11-15 05:00:00,0.56,0.7451064,XGBoost,home_c
2023-11-15 06:00:00,1.52,0.9551597,XGBoost,home_c
2023-11-15 07:00:00,1.3,1.1290387,XGBoost,home_c
2023-11-15 08:00:00,0.89,1.0087498,XGBoost,home_c
2023-11-15 09:00:00,0.56,0.73791033,XGBoost,home_c
2023-11-15 10:00:00,0.37,0.57570755,XGBoost,home_c
2023-11-15 11:00:00,0.41,0.60496765,XGBoost,home_c
2023-11-15 12:00:00,0.45,0.5514718,XGBoost,home_c
2023-11-15 13:00:00,0.52,0.56570554,XGBoost,home_c
2023-11-15 14:00:00,0.66,0.6031496,XGBoost,home_c
2023-11-15 15:00:00,0.38,0.74242556,XGBoost,home_c
2023-11-15 16:00:00,0.52,0.66632396,XGBoost,home_c
2023-11-15 17:00:00,0.9,0.99267554,XGBoost,home_c
2023-11-15 18:00:00,1.14,1.1345559,XGBoost,home_c
2023-11-15 19:00:00,0.82,1.4713781,XGBoost,home_c
2023-11-15 20:00:00,2.27,1.4940153,XGBoost,home_c
2023-11-15 21:00:00,1.44,1.7255522,XGBoost,home_c
2023-11-15 22:00:00,1.0,1.2572829,XGBoost,home_c
2023-11-15 23:00:00,0.775,0.81835604,XGBoost,home_c
2023-11-16 00:00:00,0.55,0.7657187,XGBoost,home_c
2023-11-16 01:00:00,0.39,0.653595,XGBoost,home_c
2023-11-16 02:00:00,0.58,0.59599966,XGBoost,home_c
2023-11-16 03:00:00,0.49,0.66226274,XGBoost,home_c
2023-11-16 04:00:00,0.66,0.5767372,XGBoost,home_c
2023-11-16 05:00:00,0.7,0.7478177,XGBoost,home_c
2023-11-16 06:00:00,1.22,1.0961128,XGBoost,home_c
2023-11-16 07:00:00,0.9633333333333333,1.0877485,XGBoost,home_c
2023-11-16 08:00:00,0.7066666666666666,1.0173259,XGBoost,home_c
2023-11-16 09:00:00,0.45,0.8171138,XGBoost,home_c
2023-11-16 10:00:00,0.61,0.48623115,XGBoost,home_c
2023-11-16 11:00:00,0.26,0.6319859,XGBoost,home_c
2023-11-16 12:00:00,0.41,0.60010564,XGBoost,home_c
2023-11-16 13:00:00,0.37,0.495765,XGBoost,home_c
2023-11-16 14:00:00,0.59,0.5462448,XGBoost,home_c
2023-11-16 15:00:00,0.41,0.6255359,XGBoost,home_c
2023-11-16 16:00:00,0.36,0.6013731,XGBoost,home_c
2023-11-16 17:00:00,0.71,0.98883516,XGBoost,home_c
2023-11-16 18:00:00,0.7,1.5498974,XGBoost,home_c
2023-11-16 19:00:00,1.02,1.4832532,XGBoost,home_c
2023-11-16 20:00:00,1.69,1.7398276,XGBoost,home_c
2023-11-16 21:00:00,1.32,1.7580919,XGBoost,home_c
2023-11-16 22:00:00,1.39,1.4606277,XGBoost,home_c
2023-11-16 23:00:00,3.14,1.0034642,XGBoost,home_c
2023-11-17 00:00:00,0.69,0.6127831,XGBoost,home_c
2023-11-17 01:00:00,0.66,0.6271838,XGBoost,home_c
2023-11-17 02:00:00,0.43,0.59762985,XGBoost,home_c
2023-11-17 03:00:00,0.44,0.64697653,XGBoost,home_c
2023-11-17 04:00:00,0.53,0.86808157,XGBoost,home_c
2023-11-17 05:00:00,0.75,0.77592665,XGBoost,home_c
2023-11-17 06:00:00,0.65,1.107223,XGBoost,home_c
2023-11-17 07:00:00,1.04,1.0101122,XGBoost,home_c
2023-11-17 08:00:00,0.53,0.99046063,XGBoost,home_c
2023-11-17 09:00:00,3.2,0.6310474,XGBoost,home_c
2023-11-17 10:00:00,0.36,0.68014896,XGBoost,home_c
2023-11-17 11:00:00,0.52,0.6196816,XGBoost,home_c
2023-11-17 12:00:00,0.3,0.5381492,XGBoost,home_c
2023-11-17 13:00:00,0.46,0.73097783,XGBoost,home_c
2023-11-17 14:00:00,0.41,0.5086389,XGBoost,home_c
2023-11-17 15:00:00,0.44999999999999996,0.5155578,XGBoost,home_c
2023-11-17 16:00:00,0.49,0.5671207,XGBoost,home_c
2023-11-17 17:00:00,0.94,0.8222725,XGBoost,home_c
2023-11-17 18:00:00,1.13,1.1648839,XGBoost,home_c
2023-11-17 19:00:00,0.97,1.5238553,XGBoost,home_c
2023-11-17 20:00:00,1.1099999999999999,1.6277956,XGBoost,home_c
2023-11-17 21:00:00,1.25,1.4406496,XGBoost,home_c
2023-11-17 22:00:00,0.65,1.2343056,XGBoost,home_c
2023-11-17 23:00:00,0.52,0.8808808,XGBoost,home_c
2023-11-18 00:00:00,0.39,0.7473957,XGBoost,home_c
2023-11-18 01:00:00,0.4,0.708608,XGBoost,home_c
2023-11-18 02:00:00,0.6,0.6848307,XGBoost,home_c
2023-11-18 03:00:00,0.43,0.5807697,XGBoost,home_c
2023-11-18 04:00:00,0.45,0.7472183,XGBoost,home_c
2023-11-18 05:00:00,0.605,0.836714,XGBoost,home_c
2023-11-18 06:00:00,0.76,0.9387297,XGBoost,home_c
2023-11-18 07:00:00,0.97,1.292009,XGBoost,home_c
2023-11-18 08:00:00,0.75,1.0741546,XGBoost,home_c
2023-11-18 09:00:00,1.05,1.1316564,XGBoost,home_c
2023-11-18 10:00:00,0.49,0.9803522,XGBoost,home_c
2023-11-18 11:00:00,0.72,0.8484445,XGBoost,home_c
2023-11-18 12:00:00,0.73,1.0898383,XGBoost,home_c
2023-11-18 13:00:00,0.67,0.8047753,XGBoost,home_c
2023-11-18 14:00:00,0.5,0.7792679,XGBoost,home_c
2023-11-18 15:00:00,0.77,0.73205626,XGBoost,home_c
2023-11-18 16:00:00,0.64,0.9425433,XGBoost,home_c
2023-11-18 17:00:00,0.83,0.9864127,XGBoost,home_c
2023-11-18 18:00:00,1.08,1.5501214,XGBoost,home_c
2023-11-18 19:00:00,1.83,1.8553379,XGBoost,home_c
2023-11-18 20:00:00,1.77,1.9490619,XGBoost,home_c
2023-11-18 21:00:00,1.34,1.789763,XGBoost,home_c
2023-11-18 22:00:00,2.58,1.1251802,XGBoost,home_c
2023-11-18 23:00:00,0.55,1.080482,XGBoost,home_c
2023-11-19 00:00:00,0.38,0.7436162,XGBoost,home_c
2023-11-19 01:00:00,0.51,0.5989675,XGBoost,home_c
2023-11-19 02:00:00,0.46,0.53982615,XGBoost,home_c
2023-11-19 03:00:00,0.36,0.54446715,XGBoost,home_c
2023-11-19 04:00:00,0.47,0.5374935,XGBoost,home_c
2023-11-19 05:00:00,1.15,0.76387155,XGBoost,home_c
2023-11-19 06:00:00,0.66,0.9812333,XGBoost,home_c
2023-11-19 07:00:00,0.84,1.0292746,XGBoost,home_c
2023-11-19 08:00:00,0.67,0.95320755,XGBoost,home_c
2023-11-19 09:00:00,0.7,0.87308526,XGBoost,home_c
2023-11-19 10:00:00,0.54,0.7140123,XGBoost,home_c
2023-11-19 11:00:00,0.65,0.69399583,XGBoost,home_c
2023-11-19 12:00:00,0.68,0.6837563,XGBoost,home_c
2023-11-19 13:00:00,0.67,0.7939964,XGBoost,home_c
2023-11-19 14:00:00,0.76,0.7832472,XGBoost,home_c
2023-11-19 15:00:00,0.44,0.8746016,XGBoost,home_c
2023-11-19 16:00:00,0.41,0.7720869,XGBoost,home_c
2023-11-19 17:00:00,0.98,0.9191137,XGBoost,home_c
2023-11-19 18:00:00,0.82,1.1682168,XGBoost,home_c
2023-11-19 19:00:00,1.19,1.3060036,XGBoost,home_c
2023-11-19 20:00:00,1.525,1.561455,XGBoost,home_c
2023-11-19 21:00:00,1.86,1.6140854,XGBoost,home_c
2023-11-19 22:00:00,0.95,1.1768186,XGBoost,home_c
2023-11-19 23:00:00,0.665,0.68572396,XGBoost,home_c
2023-11-20 00:00:00,0.38,0.67168856,XGBoost,home_c
2023-11-20 01:00:00,0.57,0.6505784,XGBoost,home_c
2023-11-20 02:00:00,0.58,0.8116376,XGBoost,home_c
2023-11-20 03:00:00,0.56,0.6708798,XGBoost,home_c
2023-11-20 04:00:00,0.5,0.6742579,XGBoost,home_c
2023-11-20 05:00:00,0.59,0.68734956,XGBoost,home_c
2023-11-20 06:00:00,2.7,0.8167872,XGBoost,home_c
2023-11-20 07:00:00,0.72,1.1824522,XGBoost,home_c
2023-11-20 08:00:00,3.51,0.9283485,XGBoost,home_c
2023-11-20 09:00:00,0.4,0.8970202,XGBoost,home_c
2023-11-20 10:00:00,0.32,0.6016099,XGBoost,home_c
2023-11-20 11:00:00,0.43,0.5607797,XGBoost,home_c
2023-11-20 12:00:00,0.48,0.5804248,XGBoost,home_c
2023-11-20 13:00:00,0.45,0.6662766,XGBoost,home_c
2023-11-20 14:00:00,0.39,0.5651519,XGBoost,home_c
2023-11-20 15:00:00,0.49,0.7343445,XGBoost,home_c
2023-11-20 16:00:00,3.28,0.76377755,XGBoost,home_c
2023-11-20 17:00:00,0.71,0.75291663,XGBoost,home_c
2023-11-20 18:00:00,1.22,1.1099387,XGBoost,home_c
2023-11-20 19:00:00,1.16,1.747276,XGBoost,home_c
2023-11-20 20:00:00,1.11,1.7057614,XGBoost,home_c
2023-11-20 21:00:00,1.03,1.5421815,XGBoost,home_c
2023-11-20 22:00:00,0.85,1.1688331,XGBoost,home_c
2023-11-20 23:00:00,0.84,0.8277145,XGBoost,home_c
2023-11-21 00:00:00,0.46,0.6843232,XGBoost,home_c
2023-11-21 01:00:00,0.72,0.54248494,XGBoost,home_c
2023-11-21 02:00:00,0.56,0.66880697,XGBoost,home_c
2023-11-21 03:00:00,3.27,0.58279955,XGBoost,home_c
2023-11-21 04:00:00,0.41,0.76914454,XGBoost,home_c
2023-11-21 05:00:00,0.68,0.803079,XGBoost,home_c
2023-11-21 06:00:00,0.8,1.1803772,XGBoost,home_c
2023-11-21 07:00:00,1.14,1.1180784,XGBoost,home_c
2023-11-21 08:00:00,0.9,0.97810316,XGBoost,home_c
2023-11-21 09:00:00,0.66,0.6976458,XGBoost,home_c
2023-11-21 10:00:00,0.48,0.6247254,XGBoost,home_c
2023-11-21 11:00:00,0.47,0.8098301,XGBoost,home_c
2023-11-21 12:00:00,0.52,0.6421069,XGBoost,home_c
2023-11-21 13:00:00,0.4,0.60162014,XGBoost,home_c
2023-11-21 14:00:00,0.57,0.59367853,XGBoost,home_c
2023-11-21 15:00:00,0.8,0.635574,XGBoost,home_c
2023-11-21 16:00:00,0.5,0.7008453,XGBoost,home_c
2023-11-21 17:00:00,0.62,0.79948497,XGBoost,home_c
2023-11-21 18:00:00,1.07,1.1964827,XGBoost,home_c
2023-11-21 19:00:00,1.02,1.471082,XGBoost,home_c
2023-11-21 20:00:00,1.35,1.6094515,XGBoost,home_c
2023-11-21 21:00:00,0.0,1.574231,XGBoost,home_c
2023-11-21 22:00:00,1.0,1.5120877,XGBoost,home_c
2023-11-21 23:00:00,0.84,1.0776548,XGBoost,home_c
2023-11-22 00:00:00,0.6799999999999999,0.5282465,XGBoost,home_c
2023-11-22 01:00:00,0.52,0.5937665,XGBoost,home_c
2023-11-22 02:00:00,0.84,0.68535453,XGBoost,home_c
2023-11-22 03:00:00,0.39,0.8226982,XGBoost,home_c
2023-11-22 04:00:00,0.68,0.7878272,XGBoost,home_c
2023-11-22 05:00:00,0.66,0.7235117,XGBoost,home_c
2023-11-22 06:00:00,0.85,0.94832224,XGBoost,home_c
2023-11-22 07:00:00,1.17,1.371721,XGBoost,home_c
2023-11-22 08:00:00,0.96,1.3576992,XGBoost,home_c
2023-11-22 09:00:00,0.91,0.7462424,XGBoost,home_c
2023-11-22 10:00:00,0.41,0.64433867,XGBoost,home_c
2023-11-22 11:00:00,0.41,0.59757197,XGBoost,home_c
2023-11-22 12:00:00,0.73,0.6218517,XGBoost,home_c
2023-11-22 13:00:00,0.52,0.6287772,XGBoost,home_c
2023-11-22 14:00:00,0.38,0.52402997,XGBoost,home_c
2023-11-22 15:00:00,0.46,0.6301315,XGBoost,home_c
2023-11-22 16:00:00,0.41,0.70193005,XGBoost,home_c
2023-11-22 17:00:00,0.76,0.7535189,XGBoost,home_c
2023-11-22 18:00:00,1.03,1.4131392,XGBoost,home_c
2023-11-22 19:00:00,1.43,1.4969023,XGBoost,home_c
2023-11-22 20:00:00,1.6,2.1379764,XGBoost,home_c
2023-11-22 21:00:00,2.12,1.7823561,XGBoost,home_c
2023-11-22 22:00:00,1.07,1.2314385,XGBoost,home_c
2023-11-22 23:00:00,1.04,0.8623886,XGBoost,home_c
2023-11-23 00:00:00,0.55,0.561095,XGBoost,home_c
2023-11-23 01:00:00,0.49,0.6931264,XGBoost,home_c
2023-11-23 02:00:00,0.4,0.75832766,XGBoost,home_c
2023-11-23 03:00:00,0.26,0.5661419,XGBoost,home_c
2023-11-23 04:00:00,0.75,0.66748226,XGBoost,home_c
2023-11-23 05:00:00,1.02,1.1108634,XGBoost,home_c
2023-11-23 06:00:00,1.36,0.9284963,XGBoost,home_c
2023-11-23 07:00:00,0.9,1.1044508,XGBoost,home_c
2023-11-23 08:00:00,0.84,0.96128607,XGBoost,home_c
2023-11-23 09:00:00,0.61,0.79237556,XGBoost,home_c
2023-11-23 10:00:00,0.58,0.6377966,XGBoost,home_c
2023-11-23 11:00:00,0.35,0.7091226,XGBoost,home_c
2023-11-23 12:00:00,0.44,0.6184726,XGBoost,home_c
2023-11-23 13:00:00,0.32,0.5540248,XGBoost,home_c
2023-11-23 14:00:00,0.37,0.6844611,XGBoost,home_c
2023-11-23 15:00:00,0.46,0.55312276,XGBoost,home_c
2023-11-23 16:00:00,0.54,0.6748266,XGBoost,home_c
2023-11-23 17:00:00,0.85,0.7518285,XGBoost,home_c
2023-11-23 18:00:00,0.93,0.9885653,XGBoost,home_c
2023-11-23 19:00:00,1.62,1.3858578,XGBoost,home_c
2023-11-23 20:00:00,1.53,1.9203167,XGBoost,home_c
2023-11-23 21:00:00,1.6,1.5452967,XGBoost,home_c
2023-11-23 22:00:00,1.26,1.3171648,XGBoost,home_c
2023-11-23 23:00:00,0.64,1.1162921,XGBoost,home_c
2023-11-24 00:00:00,0.46,0.7033579,XGBoost,home_c
2023-11-24 01:00:00,0.47,0.6281113,XGBoost,home_c
2023-11-24 02:00:00,0.97,0.67732,XGBoost,home_c
2023-11-24 03:00:00,0.62,0.68340516,XGBoost,home_c
2023-11-24 04:00:00,0.46,0.85646725,XGBoost,home_c
2023-11-24 05:00:00,0.85,0.8775985,XGBoost,home_c
2023-11-24 06:00:00,0.63,1.122983,XGBoost,home_c
2023-11-24 07:00:00,1.08,1.2843804,XGBoost,home_c
2023-11-24 08:00:00,0.7,1.0390016,XGBoost,home_c
2023-11-24 09:00:00,0.5,0.7232878,XGBoost,home_c
2023-11-24 10:00:00,0.555,0.6488326,XGBoost,home_c
2023-11-24 11:00:00,0.61,0.6631703,XGBoost,home_c
2023-11-24 12:00:00,0.5466666666666666,0.7995511,XGBoost,home_c
2023-11-24 13:00:00,0.4833333333333333,0.55550504,XGBoost,home_c
2023-11-24 14:00:00,0.42,0.66684127,XGBoost,home_c
2023-11-24 15:00:00,0.37,0.6760998,XGBoost,home_c
2023-11-24 16:00:00,0.24,0.5559409,XGBoost,home_c
2023-11-24 17:00:00,0.95,0.67857283,XGBoost,home_c
2023-11-24 18:00:00,0.85,1.0461115,XGBoost,home_c
2023-11-24 19:00:00,1.38,1.2803768,XGBoost,home_c
2023-11-24 20:00:00,2.08,1.6328611,XGBoost,home_c
2023-11-24 21:00:00,1.47,1.630283,XGBoost,home_c
2023-11-24 22:00:00,1.18,1.2568127,XGBoost,home_c
2023-11-24 23:00:00,0.92,0.79355955,XGBoost,home_c
2023-11-25 00:00:00,0.68,0.6544481,XGBoost,home_c
2023-11-25 01:00:00,0.7,0.6750746,XGBoost,home_c
2023-11-25 02:00:00,0.35,0.7446007,XGBoost,home_c
2023-11-25 03:00:00,0.34,0.7010566,XGBoost,home_c
2023-11-25 04:00:00,0.48,0.76081425,XGBoost,home_c
2023-11-25 05:00:00,0.75,0.77490836,XGBoost,home_c
2023-11-25 06:00:00,1.14,0.93611896,XGBoost,home_c
2023-11-25 07:00:00,0.99,1.061571,XGBoost,home_c
2023-11-25 08:00:00,0.8,1.0127977,XGBoost,home_c
2023-11-25 09:00:00,0.74,0.9751847,XGBoost,home_c
2023-11-25 10:00:00,2.68,0.7579939,XGBoost,home_c
2023-11-25 11:00:00,0.63,0.95180833,XGBoost,home_c
2023-11-25 12:00:00,0.68,0.9189245,XGBoost,home_c
2023-11-25 13:00:00,0.76,0.84571254,XGBoost,home_c
2023-11-25 14:00:00,0.52,0.8883574,XGBoost,home_c
2023-11-25 15:00:00,0.77,0.76580185,XGBoost,home_c
2023-11-25 16:00:00,0.49,0.8303908,XGBoost,home_c
2023-11-25 17:00:00,1.04,1.0534006,XGBoost,home_c
2023-11-25 18:00:00,0.99,1.3201537,XGBoost,home_c
2023-11-25 19:00:00,1.77,1.541093,XGBoost,home_c
2023-11-25 20:00:00,1.82,1.8027031,XGBoost,home_c
2023-11-25 21:00:00,1.63,1.6788621,XGBoost,home_c
2023-11-25 22:00:00,0.84,1.2731217,XGBoost,home_c
2023-11-25 23:00:00,0.77,1.0092978,XGBoost,home_c
2023-11-26 00:00:00,0.6950000000000001,0.7107124,XGBoost,home_c
2023-11-26 01:00:00,0.62,0.74902993,XGBoost,home_c
2023-11-26 02:00:00,0.7,0.68095875,XGBoost,home_c
2023-11-26 03:00:00,0.74,0.74723923,XGBoost,home_c
2023-11-26 04:00:00,0.46,0.9609657,XGBoost,home_c
2023-11-26 05:00:00,0.79,0.99027133,XGBoost,home_c
2023-11-26 06:00:00,0.79,1.0000981,XGBoost,home_c
2023-11-26 07:00:00,1.1,1.108065,XGBoost,home_c
2023-11-26 08:00:00,1.17,0.9286753,XGBoost,home_c
2023-11-26 09:00:00,0.97,0.9157406,XGBoost,home_c
2023-11-26 10:00:00,0.7749999999999999,0.9749394,XGBoost,home_c
2023-11-26 11:00:00,0.58,0.7708899,XGBoost,home_c
2023-11-26 12:00:00,0.62,0.71926486,XGBoost,home_c
2023-11-26 13:00:00,0.94,0.82819295,XGBoost,home_c
2023-11-26 14:00:00,0.67,0.880606,XGBoost,home_c
2023-11-26 15:00:00,0.52,0.7878356,XGBoost,home_c
2023-11-26 16:00:00,1.02,0.92639613,XGBoost,home_c
2023-11-26 17:00:00,0.76,0.9762205,XGBoost,home_c
2023-11-26 18:00:00,0.83,1.1177315,XGBoost,home_c
2023-11-26 19:00:00,1.48,1.5446415,XGBoost,home_c
2023-11-26 20:00:00,1.22,1.924904,XGBoost,home_c
2023-11-26 21:00:00,1.51,1.6680027,XGBoost,home_c
2023-11-26 22:00:00,1.31,1.1637301,XGBoost,home_c
2023-11-26 23:00:00,0.73,0.96524835,XGBoost,home_c
2023-11-27 00:00:00,0.67,0.87208056,XGBoost,home_c
2023-11-27 01:00:00,0.51,0.76111597,XGBoost,home_c
2023-11-27 02:00:00,0.41,0.7098616,XGBoost,home_c
2023-11-27 03:00:00,0.37,0.62721574,XGBoost,home_c
2023-11-27 04:00:00,0.49,0.6947992,XGBoost,home_c
2023-11-27 05:00:00,1.2,0.7278233,XGBoost,home_c
2023-11-27 06:00:00,1.04,1.0747849,XGBoost,home_c
2023-11-27 07:00:00,1.23,1.0584121,XGBoost,home_c
2023-11-27 08:00:00,1.23,1.1405222,XGBoost,home_c
2023-11-27 09:00:00,0.75,0.89927614,XGBoost,home_c
2023-11-27 10:00:00,0.41,0.834553,XGBoost,home_c
2023-11-27 11:00:00,0.39,0.5861099,XGBoost,home_c
2023-11-27 12:00:00,0.33,0.6822998,XGBoost,home_c
2023-11-27 13:00:00,0.52,0.6640437,XGBoost,home_c
2023-11-27 14:00:00,0.56,0.7231969,XGBoost,home_c
2023-11-27 15:00:00,0.35,0.7364757,XGBoost,home_c
2023-11-27 16:00:00,0.65,0.739434,XGBoost,home_c
2023-11-27 17:00:00,0.94,0.9248288,XGBoost,home_c
2023-11-27 18:00:00,1.01,1.1486208,XGBoost,home_c
2023-11-27 19:00:00,1.18,1.7328455,XGBoost,home_c
2023-11-27 20:00:00,1.24,1.7963371,XGBoost,home_c
2023-11-27 21:00:00,1.67,1.7477815,XGBoost,home_c
2023-11-27 22:00:00,0.74,1.4540902,XGBoost,home_c
2023-11-27 23:00:00,0.64,0.9128849,XGBoost,home_c
2023-11-28 00:00:00,0.48,0.85158616,XGBoost,home_c
2023-11-28 01:00:00,0.45,0.6900557,XGBoost,home_c
2023-11-28 02:00:00,0.51,0.6730048,XGBoost,home_c
2023-11-28 03:00:00,0.57,0.83192915,XGBoost,home_c
2023-11-28 04:00:00,0.43,0.907291,XGBoost,home_c
2023-11-28 05:00:00,0.62,0.98529065,XGBoost,home_c
2023-11-28 06:00:00,0.62,1.0709848,XGBoost,home_c
2023-11-28 07:00:00,1.08,1.045502,XGBoost,home_c
2023-11-28 08:00:00,0.66,1.2373827,XGBoost,home_c
2023-11-28 09:00:00,0.69,0.8223574,XGBoost,home_c
2023-11-28 10:00:00,0.34,0.71644783,XGBoost,home_c
2023-11-28 11:00:00,0.45,0.63566774,XGBoost,home_c
2023-11-28 12:00:00,0.36,0.7383306,XGBoost,home_c
2023-11-28 13:00:00,0.35,0.61689,XGBoost,home_c
2023-11-28 14:00:00,0.37,0.63364816,XGBoost,home_c
2023-11-28 15:00:00,0.42,0.63118225,XGBoost,home_c
2023-11-28 16:00:00,0.5,0.78121334,XGBoost,home_c
2023-11-28 17:00:00,0.72,0.9245216,XGBoost,home_c
2023-11-28 18:00:00,0.945,1.5218905,XGBoost,home_c
2023-11-28 19:00:00,1.17,1.5735904,XGBoost,home_c
2023-11-28 20:00:00,1.61,1.7047468,XGBoost,home_c
2023-11-28 21:00:00,3.25,1.8699648,XGBoost,home_c
2023-11-28 22:00:00,1.76,1.2700137,XGBoost,home_c
2023-11-28 23:00:00,0.87,0.99119276,XGBoost,home_c
2023-11-29 00:00:00,0.7,0.783821,XGBoost,home_c
2023-11-29 01:00:00,0.6,0.8803008,XGBoost,home_c
2023-11-29 02:00:00,0.66,0.6626082,XGBoost,home_c
2023-11-29 03:00:00,0.5,0.7592024,XGBoost,home_c
2023-11-29 04:00:00,0.51,0.6764125,XGBoost,home_c
2023-11-29 05:00:00,0.86,1.0877949,XGBoost,home_c
2023-11-29 06:00:00,1.08,1.1590077,XGBoost,home_c
2023-11-29 07:00:00,0.63,1.0865101,XGBoost,home_c
2023-11-29 08:00:00,0.63,1.1558273,XGBoost,home_c
2023-11-29 09:00:00,0.72,0.96300066,XGBoost,home_c
2023-11-29 10:00:00,0.56,0.68976,XGBoost,home_c
2023-11-29 11:00:00,0.47,0.60094094,XGBoost,home_c
2023-11-29 12:00:00,0.4,0.7065167,XGBoost,home_c
2023-11-29 13:00:00,0.47,1.0032147,XGBoost,home_c
2023-11-29 14:00:00,0.39,0.7893808,XGBoost,home_c
2023-11-29 15:00:00,0.5,0.59315103,XGBoost,home_c
2023-11-29 16:00:00,0.42,0.7632946,XGBoost,home_c
2023-11-29 17:00:00,0.67,0.79842657,XGBoost,home_c
2023-11-29 18:00:00,0.57,1.1145896,XGBoost,home_c
2023-11-29 19:00:00,1.44,1.312937,XGBoost,home_c
2023-11-29 20:00:00,1.49,1.6110213,XGBoost,home_c
2023-11-29 21:00:00,1.88,1.7030473,XGBoost,home_c
2023-11-29 22:00:00,1.19,1.3339701,XGBoost,home_c
2023-11-29 23:00:00,0.83,1.1213148,XGBoost,home_c
2023-11-30 00:00:00,0.6499999999999999,0.7838809,XGBoost,home_c
2023-11-30 01:00:00,0.47,0.6704122,XGBoost,home_c
2023-11-30 02:00:00,0.55,0.7256606,XGBoost,home_c
2023-11-30 03:00:00,0.63,0.64320713,XGBoost,home_c
2023-11-30 04:00:00,0.55,0.90995514,XGBoost,home_c
2023-11-30 05:00:00,0.74,0.7237296,XGBoost,home_c
2023-11-30 06:00:00,0.81,1.0682817,XGBoost,home_c
2023-11-30 07:00:00,0.88,1.158729,XGBoost,home_c
2023-11-30 08:00:00,0.86,1.0585053,XGBoost,home_c
2023-11-30 09:00:00,0.52,0.8422804,XGBoost,home_c
2023-11-30 10:00:00,3.29,0.6042131,XGBoost,home_c
2023-11-30 11:00:00,0.39,0.5980185,XGBoost,home_c
2023-11-30 12:00:00,0.5,0.6388477,XGBoost,home_c
2023-11-30 13:00:00,0.41,0.69607717,XGBoost,home_c
2023-11-30 14:00:00,0.73,0.6762337,XGBoost,home_c
2023-11-30 15:00:00,0.33,0.64232075,XGBoost,home_c
2023-11-30 16:00:00,0.49,0.63509285,XGBoost,home_c
2023-11-30 17:00:00,0.75,0.8670878,XGBoost,home_c
2023-11-30 18:00:00,0.81,0.9464791,XGBoost,home_c
2023-11-30 19:00:00,1.15,1.3712952,XGBoost,home_c
2023-11-30 20:00:00,1.65,1.6330305,XGBoost,home_c
2023-11-30 21:00:00,2.72,1.808453,XGBoost,home_c
2023-11-30 22:00:00,1.08,1.4679388,XGBoost,home_c
2023-11-30 23:00:00,2.58,0.88445413,XGBoost,home_c
2023-12-01 00:00:00,0.38,0.66284144,XGBoost,home_c
2023-12-01 01:00:00,0.445,0.69507545,XGBoost,home_c
2023-12-01 02:00:00,0.51,0.8178869,XGBoost,home_c
2023-12-01 03:00:00,0.36,0.667641,XGBoost,home_c
2023-12-01 04:00:00,0.6499999999999999,0.64609396,XGBoost,home_c
2023-12-01 05:00:00,0.94,0.8759355,XGBoost,home_c
2023-12-01 06:00:00,1.22,0.91680795,XGBoost,home_c
2023-12-01 07:00:00,0.89,1.1516197,XGBoost,home_c
2023-12-01 08:00:00,0.56,0.944361,XGBoost,home_c
2023-12-01 09:00:00,0.64,0.692281,XGBoost,home_c
2023-12-01 10:00:00,0.77,0.85463065,XGBoost,home_c
2023-12-01 11:00:00,0.21,0.6945406,XGBoost,home_c
2023-12-01 12:00:00,0.44,0.89096755,XGBoost,home_c
2023-12-01 13:00:00,0.29,0.52439386,XGBoost,home_c
2023-12-01 14:00:00,0.42,0.6539749,XGBoost,home_c
2023-12-01 15:00:00,0.35,0.79574597,XGBoost,home_c
2023-12-01 16:00:00,3.53,0.75435114,XGBoost,home_c
2023-12-01 17:00:00,0.53,0.9106478,XGBoost,home_c
2023-12-01 18:00:00,2.55,1.392002,XGBoost,home_c
2023-12-01 19:00:00,1.76,1.4808267,XGBoost,home_c
2023-12-01 20:00:00,1.96,1.7572311,XGBoost,home_c
2023-12-01 21:00:00,1.84,1.6421664,XGBoost,home_c
2023-12-01 22:00:00,1.25,1.2446328,XGBoost,home_c
2023-12-01 23:00:00,0.66,0.86858976,XGBoost,home_c
2023-12-02 00:00:00,0.61,0.77965873,XGBoost,home_c
2023-12-02 01:00:00,0.52,0.73791546,XGBoost,home_c
2023-12-02 02:00:00,0.54,0.8125206,XGBoost,home_c
2023-12-02 03:00:00,0.56,0.75172246,XGBoost,home_c
2023-12-02 04:00:00,0.59,0.7513978,XGBoost,home_c
2023-12-02 05:00:00,0.4,0.93468124,XGBoost,home_c
2023-12-02 06:00:00,1.1,1.4580915,XGBoost,home_c
2023-12-02 07:00:00,0.93,1.1881639,XGBoost,home_c
2023-12-02 08:00:00,0.89,0.9757554,XGBoost,home_c
2023-12-02 09:00:00,0.76,0.86976177,XGBoost,home_c
2023-12-02 10:00:00,0.58,1.0355525,XGBoost,home_c
2023-12-02 11:00:00,0.54,0.7553377,XGBoost,home_c
2023-12-02 12:00:00,0.76,0.7522868,XGBoost,home_c
2023-12-02 13:00:00,0.75,0.87759274,XGBoost,home_c
2023-12-02 14:00:00,0.31,0.8105805,XGBoost,home_c
2023-12-02 15:00:00,0.61,0.8438698,XGBoost,home_c
2023-12-02 16:00:00,0.69,0.8906019,XGBoost,home_c
2023-12-02 17:00:00,0.98,1.0712137,XGBoost,home_c
2023-12-02 18:00:00,0.99,1.2040076,XGBoost,home_c
2023-12-02 19:00:00,4.1,1.6848733,XGBoost,home_c
2023-12-02 20:00:00,2.56,1.6348464,XGBoost,home_c
2023-12-02 21:00:00,1.9300000000000002,1.7121294,XGBoost,home_c
2023-12-02 22:00:00,1.3,1.354281,XGBoost,home_c
2023-12-02 23:00:00,0.73,0.8202624,XGBoost,home_c
2023-12-03 00:00:00,0.59,0.71999204,XGBoost,home_c
2023-12-03 01:00:00,0.5549999999999999,0.5615306,XGBoost,home_c
2023-12-03 02:00:00,0.52,0.66271484,XGBoost,home_c
2023-12-03 03:00:00,0.52,0.7737355,XGBoost,home_c
2023-12-03 04:00:00,0.51,0.74943596,XGBoost,home_c
2023-12-03 05:00:00,0.63,0.8423264,XGBoost,home_c
2023-12-03 06:00:00,0.68,1.1413187,XGBoost,home_c
2023-12-03 07:00:00,0.76,1.2956104,XGBoost,home_c
2023-12-03 08:00:00,0.87,1.0209138,XGBoost,home_c
2023-12-03 09:00:00,0.5,0.903291,XGBoost,home_c
2023-12-03 10:00:00,0.46,0.699754,XGBoost,home_c
2023-12-03 11:00:00,0.9,0.6984058,XGBoost,home_c
2023-12-03 12:00:00,0.68,0.84884226,XGBoost,home_c
2023-12-03 13:00:00,0.57,0.83694303,XGBoost,home_c
2023-12-03 14:00:00,0.79,0.67884505,XGBoost,home_c
2023-12-03 15:00:00,0.63,0.7217837,XGBoost,home_c
2023-12-03 16:00:00,1.14,0.8986397,XGBoost,home_c
2023-12-03 17:00:00,1.83,1.0009085,XGBoost,home_c
2023-12-03 18:00:00,2.52,1.4740725,XGBoost,home_c
2023-12-03 19:00:00,2.38,1.6283456,XGBoost,home_c
2023-12-03 20:00:00,1.41,1.9976088,XGBoost,home_c
2023-12-03 21:00:00,1.18,1.6757311,XGBoost,home_c
2023-12-03 22:00:00,1.06,1.3276404,XGBoost,home_c
2023-12-03 23:00:00,0.7,0.8125547,XGBoost,home_c
2023-12-04 00:00:00,0.54,0.64060944,XGBoost,home_c
2023-12-04 01:00:00,0.45,0.62234104,XGBoost,home_c
2023-12-04 02:00:00,0.57,0.5584937,XGBoost,home_c
2023-12-04 03:00:00,0.35,0.6562457,XGBoost,home_c
2023-12-04 04:00:00,0.62,0.6525304,XGBoost,home_c
2023-12-04 05:00:00,0.82,0.7394832,XGBoost,home_c
2023-12-04 06:00:00,1.12,1.0959282,XGBoost,home_c
2023-12-04 07:00:00,0.61,1.1727842,XGBoost,home_c
2023-12-04 08:00:00,0.76,0.95360714,XGBoost,home_c
2023-12-04 09:00:00,0.72,0.7708292,XGBoost,home_c
2023-12-04 10:00:00,0.52,0.7149887,XGBoost,home_c
2023-12-04 11:00:00,0.44,0.60279095,XGBoost,home_c
2023-12-04 12:00:00,0.44,0.59563607,XGBoost,home_c
2023-12-04 13:00:00,0.44,0.6043308,XGBoost,home_c
2023-12-04 14:00:00,0.41,0.5473821,XGBoost,home_c
2023-12-04 15:00:00,0.58,0.63932705,XGBoost,home_c
2023-12-04 16:00:00,0.7,0.73562723,XGBoost,home_c
2023-12-04 17:00:00,0.75,0.959718,XGBoost,home_c
2023-12-04 18:00:00,1.2,1.0927277,XGBoost,home_c
2023-12-04 19:00:00,2.7,1.7574536,XGBoost,home_c
2023-12-04 20:00:00,2.02,1.8315501,XGBoost,home_c
2023-12-04 21:00:00,1.67,1.6757917,XGBoost,home_c
2023-12-04 22:00:00,0.83,1.2785842,XGBoost,home_c
2023-12-04 23:00:00,0.73,0.96820945,XGBoost,home_c
2023-12-05 00:00:00,0.3,0.84719706,XGBoost,home_c
2023-12-05 01:00:00,0.43,0.95178705,XGBoost,home_c
2023-12-05 02:00:00,0.37,0.6270564,XGBoost,home_c
2023-12-05 03:00:00,0.56,0.63562906,XGBoost,home_c
2023-12-05 04:00:00,3.15,0.60523945,XGBoost,home_c
2023-12-05 05:00:00,0.76,0.89429986,XGBoost,home_c
2023-12-05 06:00:00,1.09,0.9710503,XGBoost,home_c
2023-12-05 07:00:00,0.74,1.008185,XGBoost,home_c
2023-12-05 08:00:00,1.35,1.0103627,XGBoost,home_c
2023-12-05 09:00:00,0.63,0.7197032,XGBoost,home_c
2023-12-05 10:00:00,0.44,0.62048006,XGBoost,home_c
2023-12-05 11:00:00,2.14,0.5999987,XGBoost,home_c
2023-12-05 12:00:00,0.54,0.823262,XGBoost,home_c
2023-12-05 13:00:00,0.67,0.5982463,XGBoost,home_c
2023-12-05 14:00:00,0.38,0.7399567,XGBoost,home_c
2023-12-05 15:00:00,0.37,0.7352666,XGBoost,home_c
2023-12-05 16:00:00,0.56,0.62785995,XGBoost,home_c
2023-12-05 17:00:00,0.76,0.8170238,XGBoost,home_c
2023-12-05 18:00:00,0.84,1.287124,XGBoost,home_c
2023-12-05 19:00:00,3.45,1.5476208,XGBoost,home_c
2023-12-05 20:00:00,3.72,1.9146328,XGBoost,home_c
2023-12-05 21:00:00,0.67,1.8554955,XGBoost,home_c
2023-12-05 22:00:00,1.41,1.1692098,XGBoost,home_c
2023-12-05 23:00:00,0.8,1.2041599,XGBoost,home_c
2023-12-06 00:00:00,0.53,0.72929984,XGBoost,home_c
2023-12-06 01:00:00,0.39,0.63925827,XGBoost,home_c
2023-12-06 02:00:00,0.485,0.5839759,XGBoost,home_c
2023-12-06 03:00:00,0.58,0.65628517,XGBoost,home_c
2023-12-06 04:00:00,3.39,0.7298581,XGBoost,home_c
2023-12-06 05:00:00,0.0,1.0453606,XGBoost,home_c
2023-12-06 06:00:00,0.8,1.7801881,XGBoost,home_c
2023-12-06 07:00:00,1.3,1.2746152,XGBoost,home_c
2023-12-06 08:00:00,1.46,1.3390828,XGBoost,home_c
2023-12-06 09:00:00,0.77,1.2602799,XGBoost,home_c
2023-12-06 10:00:00,0.38,0.57384026,XGBoost,home_c
2023-12-06 11:00:00,0.47,0.46922022,XGBoost,home_c
2023-12-06 12:00:00,0.43,0.7273546,XGBoost,home_c
2023-12-06 13:00:00,0.32,0.5501584,XGBoost,home_c
2023-12-06 14:00:00,0.48,0.8062419,XGBoost,home_c
2023-12-06 15:00:00,0.61,0.65048224,XGBoost,home_c
2023-12-06 16:00:00,0.74,0.7768981,XGBoost,home_c
2023-12-06 17:00:00,0.78,0.8844768,XGBoost,home_c
2023-12-06 18:00:00,0.71,1.1812272,XGBoost,home_c
2023-12-06 19:00:00,1.36,1.716637,XGBoost,home_c
2023-12-06 20:00:00,2.5,1.8170782,XGBoost,home_c
2023-12-06 21:00:00,1.43,1.6127309,XGBoost,home_c
2023-12-06 22:00:00,0.91,1.400125,XGBoost,home_c
2023-12-06 23:00:00,0.78,0.98618025,XGBoost,home_c
2023-12-07 00:00:00,0.35,0.8477317,XGBoost,home_c
2023-12-07 01:00:00,0.64,0.59103906,XGBoost,home_c
2023-12-07 02:00:00,0.6,0.59037834,XGBoost,home_c
2023-12-07 03:00:00,0.52,0.68239546,XGBoost,home_c
2023-12-07 04:00:00,0.61,0.73130375,XGBoost,home_c
2023-12-07 05:00:00,0.87,1.0378864,XGBoost,home_c
2023-12-07 06:00:00,2.1149999999999998,1.1227174,XGBoost,home_c
2023-12-07 07:00:00,3.36,1.1645294,XGBoost,home_c
2023-12-07 08:00:00,2.675,1.1880631,XGBoost,home_c
2023-12-07 09:00:00,1.12,0.81518334,XGBoost,home_c
2023-12-07 10:00:00,0.49,0.70301145,XGBoost,home_c
2023-12-07 11:00:00,0.44,0.5234823,XGBoost,home_c
2023-12-07 12:00:00,0.39,0.6005215,XGBoost,home_c
2023-12-07 13:00:00,0.31,0.66938436,XGBoost,home_c
2023-12-07 14:00:00,0.54,0.5753984,XGBoost,home_c
2023-12-07 15:00:00,0.37,0.56759846,XGBoost,home_c
2023-12-07 16:00:00,0.3,0.85406995,XGBoost,home_c
2023-12-07 17:00:00,0.86,0.9650754,XGBoost,home_c
2023-12-07 18:00:00,0.76,1.177256,XGBoost,home_c
2023-12-07 19:00:00,1.38,1.9712895,XGBoost,home_c
2023-12-07 20:00:00,1.67,1.8509208,XGBoost,home_c
2023-12-07 21:00:00,1.1,1.68948,XGBoost,home_c
2023-12-07 22:00:00,0.92,1.9830011,XGBoost,home_c
2023-12-07 23:00:00,0.74,0.92465395,XGBoost,home_c
2023-12-08 00:00:00,3.03,0.6824618,XGBoost,home_c
2023-12-08 01:00:00,0.5,0.6930261,XGBoost,home_c
2023-12-08 02:00:00,0.53,0.58923686,XGBoost,home_c
2023-12-08 03:00:00,0.34,0.7172999,XGBoost,home_c
2023-12-08 04:00:00,0.46,0.79337984,XGBoost,home_c
2023-12-08 05:00:00,0.97,0.9694347,XGBoost,home_c
2023-12-08 06:00:00,1.03,1.137405,XGBoost,home_c
2023-12-08 07:00:00,3.22,0.9550294,XGBoost,home_c
2023-12-08 08:00:00,0.61,0.9982375,XGBoost,home_c
2023-12-08 09:00:00,3.48,0.81977874,XGBoost,home_c
2023-12-08 10:00:00,0.34,0.74693495,XGBoost,home_c
2023-12-08 11:00:00,0.71,0.8281996,XGBoost,home_c
2023-12-08 12:00:00,0.49,0.57493967,XGBoost,home_c
2023-12-08 13:00:00,0.36,0.6261308,XGBoost,home_c
2023-12-08 14:00:00,0.53,0.48316124,XGBoost,home_c
2023-12-08 15:00:00,0.37,0.4948533,XGBoost,home_c
2023-12-08 16:00:00,0.53,0.65242344,XGBoost,home_c
2023-12-08 17:00:00,0.55,0.76174855,XGBoost,home_c
2023-12-08 18:00:00,1.14,1.1574349,XGBoost,home_c
2023-12-08 19:00:00,1.15,1.4985689,XGBoost,home_c
2023-12-08 20:00:00,2.29,1.7269201,XGBoost,home_c
2023-12-08 21:00:00,1.1,1.5851407,XGBoost,home_c
2023-12-08 22:00:00,1.1,1.2771102,XGBoost,home_c
2023-12-08 23:00:00,0.64,0.9156311,XGBoost,home_c
2023-12-09 00:00:00,0.32,0.71976316,XGBoost,home_c
2023-12-09 01:00:00,0.24,0.6589658,XGBoost,home_c
2023-12-09 02:00:00,0.6,1.3019298,XGBoost,home_c
2023-12-09 03:00:00,0.55,0.83092934,XGBoost,home_c
2023-12-09 04:00:00,0.41,0.6247492,XGBoost,home_c
2023-12-09 05:00:00,0.89,1.0645787,XGBoost,home_c
2023-12-09 06:00:00,1.11,1.6789901,XGBoost,home_c
2023-12-09 07:00:00,1.0,1.0598284,XGBoost,home_c
2023-12-09 08:00:00,1.08,0.9837164,XGBoost,home_c
2023-12-09 09:00:00,0.82,0.8784441,XGBoost,home_c
2023-12-09 10:00:00,2.66,0.796807,XGBoost,home_c
2023-12-09 11:00:00,0.94,0.95755005,XGBoost,home_c
2023-12-09 12:00:00,0.72,0.82172626,XGBoost,home_c
2023-12-09 13:00:00,0.55,0.84612983,XGBoost,home_c
2023-12-09 14:00:00,0.79,0.7533748,XGBoost,home_c
2023-12-09 15:00:00,0.42,0.74920374,XGBoost,home_c
2023-12-09 16:00:00,0.71,0.7103528,XGBoost,home_c
2023-12-09 17:00:00,0.74,0.97951144,XGBoost,home_c
2023-12-09 18:00:00,3.81,1.1873769,XGBoost,home_c
2023-12-09 19:00:00,1.18,1.7397133,XGBoost,home_c
2023-12-09 20:00:00,2.45,1.8687174,XGBoost,home_c
2023-12-09 21:00:00,1.48,1.6303518,XGBoost,home_c
2023-12-09 22:00:00,1.13,1.2567501,XGBoost,home_c
2023-12-09 23:00:00,0.62,0.91003156,XGBoost,home_c
2023-12-10 00:00:00,1.6,0.6807223,XGBoost,home_c
2023-12-10 01:00:00,2.58,0.68917674,XGBoost,home_c
2023-12-10 02:00:00,0.48,0.65860707,XGBoost,home_c
2023-12-10 03:00:00,0.79,0.54572815,XGBoost,home_c
2023-12-10 04:00:00,0.55,0.5794677,XGBoost,home_c
2023-12-10 05:00:00,3.44,0.8456176,XGBoost,home_c
2023-12-10 06:00:00,1.14,1.2317672,XGBoost,home_c
2023-12-10 07:00:00,0.97,1.1371355,XGBoost,home_c
2023-12-10 08:00:00,0.89,0.91529924,XGBoost,home_c
2023-12-10 09:00:00,1.15,0.78985363,XGBoost,home_c
2023-12-10 10:00:00,0.6,0.80429745,XGBoost,home_c
2023-12-10 11:00:00,0.7,0.85524386,XGBoost,home_c
2023-12-10 12:00:00,3.0,0.74018985,XGBoost,home_c
2023-12-10 13:00:00,1.03,0.67485493,XGBoost,home_c
2023-12-10 14:00:00,0.74,0.8585179,XGBoost,home_c
2023-12-10 15:00:00,0.38,0.672011,XGBoost,home_c
2023-12-10 16:00:00,0.7,0.83781904,XGBoost,home_c
2023-12-10 17:00:00,0.71,0.92005736,XGBoost,home_c
2023-12-10 18:00:00,0.72,1.1758387,XGBoost,home_c
2023-12-10 19:00:00,1.05,1.7051641,XGBoost,home_c
2023-12-10 20:00:00,1.9,1.7965794,XGBoost,home_c
2023-12-10 21:00:00,1.23,1.5565978,XGBoost,home_c
2023-12-10 22:00:00,0.9,1.2027289,XGBoost,home_c
2023-12-10 23:00:00,0.56,0.8446433,XGBoost,home_c
2023-12-11 00:00:00,0.58,0.7210748,XGBoost,home_c
2023-12-11 01:00:00,0.65,0.60456836,XGBoost,home_c
2023-12-11 02:00:00,0.46,0.69717616,XGBoost,home_c
2023-12-11 03:00:00,0.51,0.64002985,XGBoost,home_c
2023-12-11 04:00:00,0.3,0.7370191,XGBoost,home_c
2023-12-11 05:00:00,0.86,0.90048164,XGBoost,home_c
2023-12-11 06:00:00,0.855,1.0296761,XGBoost,home_c
2023-12-11 07:00:00,0.85,1.21021,XGBoost,home_c
2023-12-11 08:00:00,0.75,1.0163147,XGBoost,home_c
2023-12-11 09:00:00,0.58,0.9113839,XGBoost,home_c
2023-12-11 10:00:00,0.81,0.5056193,XGBoost,home_c
2023-12-11 11:00:00,0.4,0.6010228,XGBoost,home_c
2023-12-11 12:00:00,0.58,0.46372285,XGBoost,home_c
2023-12-11 13:00:00,0.47,0.51767945,XGBoost,home_c
2023-12-11 14:00:00,0.39,0.54155827,XGBoost,home_c
2023-12-11 15:00:00,0.36,0.5150297,XGBoost,home_c
2023-12-11 16:00:00,0.47,0.6331563,XGBoost,home_c
2023-12-11 17:00:00,0.93,0.814201,XGBoost,home_c
2023-12-11 18:00:00,0.77,1.6924909,XGBoost,home_c
2023-12-11 19:00:00,1.26,1.782416,XGBoost,home_c
2023-12-11 20:00:00,2.57,1.8185605,XGBoost,home_c
2023-12-11 21:00:00,1.26,1.655545,XGBoost,home_c
2023-12-11 22:00:00,0.86,1.234801,XGBoost,home_c
2023-12-11 23:00:00,0.79,0.9764743,XGBoost,home_c
2023-12-12 00:00:00,0.3,0.9154839,XGBoost,home_c
2023-12-12 01:00:00,0.6,0.8533197,XGBoost,home_c
2023-12-12 02:00:00,0.59,1.0505965,XGBoost,home_c
2023-12-12 03:00:00,0.35,0.7052363,XGBoost,home_c
2023-12-12 04:00:00,0.98,0.8443763,XGBoost,home_c
2023-12-12 05:00:00,0.91,0.9918895,XGBoost,home_c
2023-12-12 06:00:00,1.13,1.0729486,XGBoost,home_c
2023-12-12 07:00:00,0.53,1.0492378,XGBoost,home_c
2023-12-12 08:00:00,0.86,0.78419816,XGBoost,home_c
2023-12-12 09:00:00,0.69,0.7820717,XGBoost,home_c
2023-12-12 10:00:00,0.52,0.6171095,XGBoost,home_c
2023-12-12 11:00:00,0.5,0.5139975,XGBoost,home_c
2023-12-12 12:00:00,0.54,0.5446936,XGBoost,home_c
2023-12-12 13:00:00,0.49,0.49765375,XGBoost,home_c
2023-12-12 14:00:00,0.4,0.5510644,XGBoost,home_c
2023-12-12 15:00:00,0.38,0.58282655,XGBoost,home_c
2023-12-12 16:00:00,0.49,0.56152266,XGBoost,home_c
2023-12-12 17:00:00,0.81,0.85488844,XGBoost,home_c
2023-12-12 18:00:00,0.9,1.1165457,XGBoost,home_c
2023-12-12 19:00:00,1.25,1.459569,XGBoost,home_c
2023-12-12 20:00:00,1.06,1.5669893,XGBoost,home_c
2023-12-12 21:00:00,1.77,1.498634,XGBoost,home_c
2023-12-12 22:00:00,0.87,1.2473547,XGBoost,home_c
2023-12-12 23:00:00,0.59,0.9065929,XGBoost,home_c
2023-12-13 00:00:00,0.43,0.8389118,XGBoost,home_c
2023-12-13 01:00:00,0.52,0.7126675,XGBoost,home_c
2023-12-13 02:00:00,0.55,0.57149905,XGBoost,home_c
2023-12-13 03:00:00,0.65,0.6838313,XGBoost,home_c
2023-12-13 04:00:00,0.57,1.0468019,XGBoost,home_c
2023-12-13 05:00:00,0.65,1.404181,XGBoost,home_c
2023-12-13 06:00:00,0.65,1.2497706,XGBoost,home_c
2023-12-13 07:00:00,1.14,1.2435851,XGBoost,home_c
2023-12-13 08:00:00,0.58,1.2941095,XGBoost,home_c
2023-12-13 09:00:00,3.17,0.68824166,XGBoost,home_c
2023-12-13 10:00:00,0.32,0.7492846,XGBoost,home_c
2023-12-13 11:00:00,0.38,0.6076368,XGBoost,home_c
2023-12-13 12:00:00,0.44,0.5533749,XGBoost,home_c
2023-12-13 13:00:00,0.4,0.6189821,XGBoost,home_c
2023-12-13 14:00:00,0.41,0.53631127,XGBoost,home_c
2023-12-13 15:00:00,0.61,0.50239366,XGBoost,home_c
2023-12-13 16:00:00,0.4,0.8638031,XGBoost,home_c
2023-12-13 17:00:00,0.51,0.8240427,XGBoost,home_c
2023-12-13 18:00:00,1.01,1.146192,XGBoost,home_c
2023-12-13 19:00:00,1.16,1.45434,XGBoost,home_c
2023-12-13 20:00:00,1.43,1.7606033,XGBoost,home_c
2023-12-13 21:00:00,1.87,1.6385752,XGBoost,home_c
2023-12-13 22:00:00,0.69,1.1836437,XGBoost,home_c
2023-12-13 23:00:00,0.7,1.015603,XGBoost,home_c
2023-12-14 00:00:00,0.62,0.6744184,XGBoost,home_c
2023-12-14 01:00:00,0.54,0.6542532,XGBoost,home_c
2023-12-14 02:00:00,0.43,0.65820324,XGBoost,home_c
2023-12-14 03:00:00,0.48,0.71749693,XGBoost,home_c
2023-12-14 04:00:00,0.42,0.72239286,XGBoost,home_c
2023-12-14 05:00:00,0.68,0.84320444,XGBoost,home_c
2023-12-14 06:00:00,0.75,1.25602,XGBoost,home_c
2023-12-14 07:00:00,1.16,1.2313586,XGBoost,home_c
2023-12-14 08:00:00,0.91,1.0258067,XGBoost,home_c
2023-12-14 09:00:00,0.73,0.76476634,XGBoost,home_c
2023-12-14 10:00:00,0.62,0.5990909,XGBoost,home_c
2023-12-14 11:00:00,0.62,0.5413276,XGBoost,home_c
2023-12-14 12:00:00,0.62,0.8135326,XGBoost,home_c
2023-12-14 13:00:00,0.36,0.6586558,XGBoost,home_c
2023-12-14 14:00:00,0.57,0.5381295,XGBoost,home_c
2023-12-14 15:00:00,0.36,0.6407311,XGBoost,home_c
2023-12-14 16:00:00,0.73,0.653651,XGBoost,home_c
2023-12-14 17:00:00,0.53,0.97355926,XGBoost,home_c
2023-12-14 18:00:00,1.79,1.3391517,XGBoost,home_c
2023-12-14 19:00:00,1.35,1.8983407,XGBoost,home_c
2023-12-14 20:00:00,1.35,1.8791957,XGBoost,home_c
2023-12-14 21:00:00,1.77,1.5643542,XGBoost,home_c
2023-12-14 22:00:00,0.9,1.2334865,XGBoost,home_c
2023-12-14 23:00:00,0.63,0.8761787,XGBoost,home_c
2023-12-15 00:00:00,0.45,0.89054626,XGBoost,home_c
2023-12-15 01:00:00,0.41,0.670187,XGBoost,home_c
2023-12-15 02:00:00,0.48,0.7540601,XGBoost,home_c
2023-12-15 03:00:00,0.46,0.8983168,XGBoost,home_c
2023-12-15 04:00:00,0.46,0.646007,XGBoost,home_c
2023-12-15 05:00:00,0.6,0.8644921,XGBoost,home_c
2023-12-15 06:00:00,0.79,1.0111312,XGBoost,home_c
2023-12-15 07:00:00,0.79,1.155612,XGBoost,home_c
2023-12-15 08:00:00,0.97,0.925327,XGBoost,home_c
2023-12-15 09:00:00,0.53,0.82534397,XGBoost,home_c
2023-12-15 10:00:00,0.84,0.599692,XGBoost,home_c
2023-12-15 11:00:00,0.37,0.7013318,XGBoost,home_c
2023-12-15 12:00:00,0.43,0.5757765,XGBoost,home_c
2023-12-15 13:00:00,0.43,0.6331666,XGBoost,home_c
2023-12-15 14:00:00,0.45,0.5694289,XGBoost,home_c
2023-12-15 15:00:00,0.37,0.58861136,XGBoost,home_c
2023-12-15 16:00:00,0.53,0.6214237,XGBoost,home_c
2023-12-15 17:00:00,0.64,0.77469146,XGBoost,home_c
2023-12-15 18:00:00,1.09,1.4517777,XGBoost,home_c
2023-12-15 19:00:00,2.1,1.6427286,XGBoost,home_c
2023-12-15 20:00:00,1.66,1.7788467,XGBoost,home_c
2023-12-15 21:00:00,1.51,1.7650425,XGBoost,home_c
2023-12-15 22:00:00,2.72,1.1243804,XGBoost,home_c
2023-12-15 23:00:00,0.88,1.245443,XGBoost,home_c
2023-12-16 00:00:00,0.41,0.7979905,XGBoost,home_c
2023-12-16 01:00:00,0.65,0.8685168,XGBoost,home_c
2023-12-16 02:00:00,0.47,0.85385925,XGBoost,home_c
2023-12-16 03:00:00,0.35,0.7489012,XGBoost,home_c
2023-12-16 04:00:00,0.71,0.87572604,XGBoost,home_c
2023-12-16 05:00:00,0.89,1.0325453,XGBoost,home_c
2023-12-16 06:00:00,1.29,1.0723052,XGBoost,home_c
2023-12-16 07:00:00,1.82,1.1451795,XGBoost,home_c
2023-12-16 08:00:00,0.63,1.2599303,XGBoost,home_c
2023-12-16 09:00:00,1.15,0.90196824,XGBoost,home_c
2023-12-16 10:00:00,0.5,1.0223026,XGBoost,home_c
2023-12-16 11:00:00,0.39,0.91975796,XGBoost,home_c
2023-12-16 12:00:00,0.82,0.7430671,XGBoost,home_c
2023-12-16 13:00:00,0.74,0.9308168,XGBoost,home_c
2023-12-16 14:00:00,0.65,0.87105,XGBoost,home_c
2023-12-16 15:00:00,0.49,0.8014068,XGBoost,home_c
2023-12-16 16:00:00,1.44,0.79468024,XGBoost,home_c
2023-12-16 17:00:00,1.18,1.0983442,XGBoost,home_c
2023-12-16 18:00:00,1.2,1.7093028,XGBoost,home_c
2023-12-16 19:00:00,1.3,1.7855413,XGBoost,home_c
2023-12-16 20:00:00,1.26,1.7647384,XGBoost,home_c
2023-12-16 21:00:00,1.22,1.7324685,XGBoost,home_c
2023-12-16 22:00:00,1.65,1.6410221,XGBoost,home_c
2023-12-16 23:00:00,0.72,1.00417,XGBoost,home_c
2023-12-17 00:00:00,0.68,0.70451033,XGBoost,home_c
2023-12-17 01:00:00,0.55,0.7980569,XGBoost,home_c
2023-12-17 02:00:00,0.56,0.7303606,XGBoost,home_c
2023-12-17 03:00:00,3.1,0.71992135,XGBoost,home_c
2023-12-17 04:00:00,0.59,0.93693435,XGBoost,home_c
2023-12-17 05:00:00,0.89,0.96392334,XGBoost,home_c
2023-12-17 06:00:00,0.66,1.0393147,XGBoost,home_c
2023-12-17 07:00:00,0.8,1.2055216,XGBoost,home_c
2023-12-17 08:00:00,0.83,1.0741768,XGBoost,home_c
2023-12-17 09:00:00,0.89,1.1050538,XGBoost,home_c
2023-12-17 10:00:00,0.85,0.8258521,XGBoost,home_c
2023-12-17 11:00:00,0.52,0.88501036,XGBoost,home_c
2023-12-17 12:00:00,0.0,1.120562,XGBoost,home_c
2023-12-17 13:00:00,0.56,1.5532364,XGBoost,home_c
2023-12-17 14:00:00,0.71,1.004512,XGBoost,home_c
2023-12-17 15:00:00,0.71,0.8983308,XGBoost,home_c
2023-12-17 16:00:00,0.75,0.95967877,XGBoost,home_c
2023-12-17 17:00:00,0.81,0.8929276,XGBoost,home_c
2023-12-17 18:00:00,1.11,1.2372156,XGBoost,home_c
2023-12-17 19:00:00,1.19,1.8056389,XGBoost,home_c
2023-12-17 20:00:00,2.16,1.9610741,XGBoost,home_c
2023-12-17 21:00:00,1.49,1.8029914,XGBoost,home_c
2023-12-17 22:00:00,1.02,1.5775437,XGBoost,home_c
2023-12-17 23:00:00,0.89,0.8253385,XGBoost,home_c
2023-12-18 00:00:00,0.59,0.7417875,XGBoost,home_c
2023-12-18 01:00:00,0.75,0.7968344,XGBoost,home_c
2023-12-18 02:00:00,0.37,0.70883626,XGBoost,home_c
2023-12-18 03:00:00,0.43,1.0365387,XGBoost,home_c
2023-12-18 04:00:00,0.57,0.9726863,XGBoost,home_c
2023-12-18 05:00:00,0.74,1.1309398,XGBoost,home_c
2023-12-18 06:00:00,0.76,0.9232041,XGBoost,home_c
2023-12-18 07:00:00,1.22,1.0537887,XGBoost,home_c
2023-12-18 08:00:00,0.51,1.0995971,XGBoost,home_c
2023-12-18 09:00:00,0.86,0.9408775,XGBoost,home_c
2023-12-18 10:00:00,0.43,0.70580435,XGBoost,home_c
2023-12-18 11:00:00,0.58,0.5307697,XGBoost,home_c
2023-12-18 12:00:00,0.45,0.61042905,XGBoost,home_c
2023-12-18 13:00:00,0.35,0.7383563,XGBoost,home_c
2023-12-18 14:00:00,0.38,0.6373735,XGBoost,home_c
2023-12-18 15:00:00,2.55,0.5936423,XGBoost,home_c
2023-12-18 16:00:00,0.48,1.0363833,XGBoost,home_c
2023-12-18 17:00:00,0.63,0.79407805,XGBoost,home_c
2023-12-18 18:00:00,0.935,1.1869714,XGBoost,home_c
2023-12-18 19:00:00,1.24,1.5264885,XGBoost,home_c
2023-12-18 20:00:00,1.25,1.8605769,XGBoost,home_c
2023-12-18 21:00:00,1.84,1.7459601,XGBoost,home_c
2023-12-18 22:00:00,1.29,1.3536762,XGBoost,home_c
2023-12-18 23:00:00,0.89,1.1408533,XGBoost,home_c
2023-12-19 00:00:00,0.46,0.7963654,XGBoost,home_c
2023-12-19 01:00:00,0.54,0.77297956,XGBoost,home_c
2023-12-19 02:00:00,0.5,0.74359137,XGBoost,home_c
2023-12-19 03:00:00,0.78,0.94181055,XGBoost,home_c
2023-12-19 04:00:00,0.46,0.90901035,XGBoost,home_c
2023-12-19 05:00:00,1.22,0.8579162,XGBoost,home_c
2023-12-19 06:00:00,0.56,0.93703973,XGBoost,home_c
2023-12-19 07:00:00,0.81,1.0241547,XGBoost,home_c
2023-12-19 08:00:00,0.99,1.0524014,XGBoost,home_c
2023-12-19 09:00:00,0.77,0.9533777,XGBoost,home_c
2023-12-19 10:00:00,0.29,0.65308005,XGBoost,home_c
2023-12-19 11:00:00,0.68,0.7556255,XGBoost,home_c
2023-12-19 12:00:00,0.7,0.5595192,XGBoost,home_c
2023-12-19 13:00:00,0.55,0.73706853,XGBoost,home_c
2023-12-19 14:00:00,0.46,0.6685145,XGBoost,home_c
2023-12-19 15:00:00,0.48,0.7136817,XGBoost,home_c
2023-12-19 16:00:00,0.53,0.8069088,XGBoost,home_c
2023-12-19 17:00:00,0.58,0.8729029,XGBoost,home_c
2023-12-19 18:00:00,1.04,1.0458403,XGBoost,home_c
2023-12-19 19:00:00,1.38,1.7046556,XGBoost,home_c
2023-12-19 20:00:00,1.09,1.7918117,XGBoost,home_c
2023-12-19 21:00:00,0.87,2.0061133,XGBoost,home_c
2023-12-19 22:00:00,1.45,1.4605322,XGBoost,home_c
2023-12-19 23:00:00,0.67,1.1930633,XGBoost,home_c
2023-12-20 00:00:00,0.45,0.82631004,XGBoost,home_c
2023-12-20 01:00:00,0.41,0.8946837,XGBoost,home_c
2023-12-20 02:00:00,0.73,0.80464745,XGBoost,home_c
2023-12-20 03:00:00,0.56,0.82677984,XGBoost,home_c
2023-12-20 04:00:00,0.6,0.90446895,XGBoost,home_c
2023-12-20 05:00:00,0.72,0.88494056,XGBoost,home_c
2023-12-20 06:00:00,0.8,0.98773754,XGBoost,home_c
2023-12-20 07:00:00,0.7,1.19065,XGBoost,home_c
2023-12-20 08:00:00,1.34,1.2661939,XGBoost,home_c
2023-12-20 09:00:00,0.57,1.024405,XGBoost,home_c
2023-12-20 10:00:00,0.76,0.90769583,XGBoost,home_c
2023-12-20 11:00:00,0.34,0.83122927,XGBoost,home_c
2023-12-20 12:00:00,0.65,1.0645453,XGBoost,home_c
2023-12-20 13:00:00,0.45,0.80020595,XGBoost,home_c
2023-12-20 14:00:00,0.38,0.7518479,XGBoost,home_c
2023-12-20 15:00:00,0.41,0.7465118,XGBoost,home_c
2023-12-20 16:00:00,0.75,0.7098362,XGBoost,home_c
2023-12-20 17:00:00,0.42,0.8562048,XGBoost,home_c
2023-12-20 18:00:00,4.07,1.3924229,XGBoost,home_c
2023-12-20 19:00:00,1.7,1.7667131,XGBoost,home_c
2023-12-20 20:00:00,1.53,2.4249825,XGBoost,home_c
2023-12-20 21:00:00,1.14,1.6128472,XGBoost,home_c
2023-12-20 22:00:00,1.13,1.5392078,XGBoost,home_c
2023-12-20 23:00:00,1.05,1.0632153,XGBoost,home_c
2023-12-21 00:00:00,0.32,1.056814,XGBoost,home_c
2023-12-21 01:00:00,0.66,0.96216303,XGBoost,home_c
2023-12-21 02:00:00,0.61,0.9948977,XGBoost,home_c
2023-12-21 03:00:00,1.32,1.2660694,XGBoost,home_c
2023-12-21 04:00:00,0.54,1.1201456,XGBoost,home_c
2023-12-21 05:00:00,0.7,0.90064865,XGBoost,home_c
2023-12-21 06:00:00,2.08,1.2984537,XGBoost,home_c
2023-12-21 07:00:00,0.98,1.3070089,XGBoost,home_c
2023-12-21 08:00:00,0.53,1.171311,XGBoost,home_c
2023-12-21 09:00:00,0.82,0.8714669,XGBoost,home_c
2023-12-21 10:00:00,0.35,0.7022203,XGBoost,home_c
2023-12-21 11:00:00,0.44,0.6558884,XGBoost,home_c
2023-12-21 12:00:00,0.38,0.6208935,XGBoost,home_c
2023-12-21 13:00:00,0.53,0.60664874,XGBoost,home_c
2023-12-21 14:00:00,0.28,0.56135267,XGBoost,home_c
2023-12-21 15:00:00,0.45,0.73581964,XGBoost,home_c
2023-12-21 16:00:00,0.46,0.9074071,XGBoost,home_c
2023-12-21 17:00:00,0.64,1.0139035,XGBoost,home_c
2023-12-21 18:00:00,0.96,1.39391,XGBoost,home_c
2023-12-21 19:00:00,1.61,1.5206176,XGBoost,home_c
2023-12-21 20:00:00,1.75,1.9739517,XGBoost,home_c
2023-12-21 21:00:00,1.35,1.641732,XGBoost,home_c
2023-12-21 22:00:00,1.89,1.2387671,XGBoost,home_c
2023-12-21 23:00:00,0.98,1.0884749,XGBoost,home_c
2023-12-22 00:00:00,0.49,0.72853607,XGBoost,home_c
2023-12-22 01:00:00,0.38,0.8488593,XGBoost,home_c
2023-12-22 02:00:00,0.61,0.7721706,XGBoost,home_c
2023-12-22 03:00:00,0.6,0.833726,XGBoost,home_c
2023-12-22 04:00:00,0.69,0.80520755,XGBoost,home_c
2023-12-22 05:00:00,0.66,1.0117639,XGBoost,home_c
2023-12-22 06:00:00,0.54,1.1074053,XGBoost,home_c
2023-12-22 07:00:00,0.89,0.97959584,XGBoost,home_c
2023-12-22 08:00:00,1.3,1.012804,XGBoost,home_c
2023-12-22 09:00:00,0.79,0.8361803,XGBoost,home_c
2023-12-22 10:00:00,0.45,0.7099033,XGBoost,home_c
2023-12-22 11:00:00,0.56,0.89309716,XGBoost,home_c
2023-12-22 12:00:00,0.41,0.6221685,XGBoost,home_c
2023-12-22 13:00:00,0.34,0.7433327,XGBoost,home_c
2023-12-22 14:00:00,0.4,0.6766762,XGBoost,home_c
2023-12-22 15:00:00,0.46,0.5956869,XGBoost,home_c
2023-12-22 16:00:00,0.48,0.7062217,XGBoost,home_c
2023-12-22 17:00:00,1.92,0.8474445,XGBoost,home_c
2023-12-22 18:00:00,0.58,1.5283293,XGBoost,home_c
2023-12-22 19:00:00,1.76,1.6991155,XGBoost,home_c
2023-12-22 20:00:00,1.43,1.9606799,XGBoost,home_c
2023-12-22 21:00:00,1.52,1.6421273,XGBoost,home_c
2023-12-22 22:00:00,1.01,1.3612207,XGBoost,home_c
2023-12-22 23:00:00,0.48,1.0878987,XGBoost,home_c
2023-12-23 00:00:00,0.39,0.74214566,XGBoost,home_c
2023-12-23 01:00:00,0.67,0.71304786,XGBoost,home_c
2023-12-23 02:00:00,0.55,0.94962806,XGBoost,home_c
2023-12-23 03:00:00,0.61,0.7571087,XGBoost,home_c
2023-12-23 04:00:00,0.44,0.83198774,XGBoost,home_c
2023-12-23 05:00:00,0.78,0.7630237,XGBoost,home_c
2023-12-23 06:00:00,0.81,0.98206455,XGBoost,home_c
2023-12-23 07:00:00,0.75,1.1598915,XGBoost,home_c
2023-12-23 08:00:00,2.73,0.9133461,XGBoost,home_c
2023-12-23 09:00:00,0.63,1.1047571,XGBoost,home_c
2023-12-23 10:00:00,0.84,0.7141251,XGBoost,home_c
2023-12-23 11:00:00,0.92,0.77148086,XGBoost,home_c
2023-12-23 12:00:00,0.74,0.87165385,XGBoost,home_c
2023-12-23 13:00:00,0.95,0.7928545,XGBoost,home_c
2023-12-23 14:00:00,0.81,0.78772116,XGBoost,home_c
2023-12-23 15:00:00,0.71,0.73911685,XGBoost,home_c
2023-12-23 16:00:00,0.71,0.9596889,XGBoost,home_c
2023-12-23 17:00:00,2.56,1.269785,XGBoost,home_c
2023-12-23 18:00:00,0.89,1.5824538,XGBoost,home_c
2023-12-23 19:00:00,1.04,2.0409043,XGBoost,home_c
2023-12-23 20:00:00,1.88,1.9027056,XGBoost,home_c
2023-12-23 21:00:00,1.63,2.035161,XGBoost,home_c
2023-12-23 22:00:00,1.23,1.6731884,XGBoost,home_c
2023-12-23 23:00:00,0.77,1.0057243,XGBoost,home_c
2023-12-24 00:00:00,0.41,0.812987,XGBoost,home_c
2023-12-24 01:00:00,0.59,0.8073555,XGBoost,home_c
2023-12-24 02:00:00,0.51,0.8223611,XGBoost,home_c
2023-12-24 03:00:00,0.49,0.7937802,XGBoost,home_c
2023-12-24 04:00:00,1.9,0.7494474,XGBoost,home_c
2023-12-24 05:00:00,0.82,0.9807657,XGBoost,home_c
2023-12-24 06:00:00,1.3,1.1189694,XGBoost,home_c
2023-12-24 07:00:00,1.07,1.2274137,XGBoost,home_c
2023-12-24 08:00:00,1.29,1.0607263,XGBoost,home_c
2023-12-24 09:00:00,0.83,1.0628695,XGBoost,home_c
2023-12-24 10:00:00,0.6,0.9258567,XGBoost,home_c
2023-12-24 11:00:00,0.95,0.85750014,XGBoost,home_c
2023-12-24 12:00:00,0.48,0.99491996,XGBoost,home_c
2023-12-24 13:00:00,0.54,0.81469566,XGBoost,home_c
2023-12-24 14:00:00,0.46,0.8772936,XGBoost,home_c
2023-12-24 15:00:00,0.5,0.85146594,XGBoost,home_c
2023-12-24 16:00:00,0.56,0.87299937,XGBoost,home_c
2023-12-24 17:00:00,0.53,0.9781035,XGBoost,home_c
2023-12-24 18:00:00,1.09,1.2605289,XGBoost,home_c
2023-12-24 19:00:00,1.24,1.6666938,XGBoost,home_c
2023-12-24 20:00:00,2.0,1.7797508,XGBoost,home_c
2023-12-24 21:00:00,1.17,1.7736692,XGBoost,home_c
2023-12-24 22:00:00,0.99,1.2233615,XGBoost,home_c
2023-12-24 23:00:00,0.84,0.88352025,XGBoost,home_c
2023-12-25 00:00:00,0.54,0.6510676,XGBoost,home_c
2023-12-25 01:00:00,0.55,0.72391075,XGBoost,home_c
2023-12-25 02:00:00,0.49,0.6599873,XGBoost,home_c
2023-12-25 03:00:00,0.57,0.6603994,XGBoost,home_c
2023-12-25 04:00:00,0.44,0.75118834,XGBoost,home_c
2023-12-25 05:00:00,0.53,0.8154866,XGBoost,home_c
2023-12-25 06:00:00,0.98,1.0247455,XGBoost,home_c
2023-12-25 07:00:00,0.86,1.0541916,XGBoost,home_c
2023-12-25 08:00:00,0.52,1.158733,XGBoost,home_c
2023-12-25 09:00:00,0.66,0.84289664,XGBoost,home_c
2023-12-25 10:00:00,0.51,0.50847924,XGBoost,home_c
2023-12-25 11:00:00,0.28,0.52748024,XGBoost,home_c
2023-12-25 12:00:00,0.39,0.64667284,XGBoost,home_c
2023-12-25 13:00:00,0.63,0.5294679,XGBoost,home_c
2023-12-25 14:00:00,0.46,0.8397219,XGBoost,home_c
2023-12-25 15:00:00,0.73,0.6605581,XGBoost,home_c
2023-12-25 16:00:00,0.42,0.66988575,XGBoost,home_c
2023-12-25 17:00:00,1.04,0.91928405,XGBoost,home_c
2023-12-25 18:00:00,1.55,1.4216536,XGBoost,home_c
2023-12-25 19:00:00,1.54,1.8209571,XGBoost,home_c
2023-12-25 20:00:00,1.67,2.2665434,XGBoost,home_c
2023-12-25 21:00:00,1.49,1.8706475,XGBoost,home_c
2023-12-25 22:00:00,1.23,1.5465263,XGBoost,home_c
2023-12-25 23:00:00,1.08,1.0120294,XGBoost,home_c
2023-12-26 00:00:00,0.42,0.9144558,XGBoost,home_c
2023-12-26 01:00:00,0.41,0.8897246,XGBoost,home_c
2023-12-26 02:00:00,0.43,0.9415789,XGBoost,home_c
2023-12-26 03:00:00,0.7,0.9282533,XGBoost,home_c
2023-12-26 04:00:00,0.76,0.82772374,XGBoost,home_c
2023-12-26 05:00:00,0.68,0.6998504,XGBoost,home_c
2023-12-26 06:00:00,0.8,0.9755094,XGBoost,home_c
2023-12-26 07:00:00,0.95,1.0621254,XGBoost,home_c
2023-12-26 08:00:00,0.69,0.86237246,XGBoost,home_c
2023-12-26 09:00:00,0.6,0.8929458,XGBoost,home_c
2023-12-26 10:00:00,0.51,0.8842505,XGBoost,home_c
2023-12-26 11:00:00,0.67,0.5713704,XGBoost,home_c
2023-12-26 12:00:00,0.57,0.5410734,XGBoost,home_c
2023-12-26 13:00:00,0.43,0.56342405,XGBoost,home_c
2023-12-26 14:00:00,0.39,0.58618945,XGBoost,home_c
2023-12-26 15:00:00,0.35,0.5298224,XGBoost,home_c
2023-12-26 16:00:00,0.78,0.582648,XGBoost,home_c
2023-12-26 17:00:00,0.82,0.87327796,XGBoost,home_c
2023-12-26 18:00:00,0.98,1.162877,XGBoost,home_c
2023-12-26 19:00:00,0.88,1.635349,XGBoost,home_c
2023-12-26 20:00:00,0.915,1.6461064,XGBoost,home_c
2023-12-26 21:00:00,0.95,1.5613668,XGBoost,home_c
2023-12-26 22:00:00,1.26,1.0673579,XGBoost,home_c
2023-12-26 23:00:00,0.61,1.128646,XGBoost,home_c
2023-12-27 00:00:00,0.9,1.153213,XGBoost,home_c
2023-12-27 01:00:00,0.37,1.0981176,XGBoost,home_c
2023-12-27 02:00:00,0.76,0.99066156,XGBoost,home_c
2023-12-27 03:00:00,0.7,0.8983687,XGBoost,home_c
2023-12-27 04:00:00,0.66,0.7635812,XGBoost,home_c
2023-12-27 05:00:00,0.69,0.9251949,XGBoost,home_c
2023-12-27 06:00:00,1.2,1.0458964,XGBoost,home_c
2023-12-27 07:00:00,1.26,1.0099074,XGBoost,home_c
2023-12-27 08:00:00,1.33,1.3093262,XGBoost,home_c
2023-12-27 09:00:00,0.38,0.9178063,XGBoost,home_c
2023-12-27 10:00:00,0.62,0.6079662,XGBoost,home_c
2023-12-27 11:00:00,0.46,0.8127189,XGBoost,home_c
2023-12-27 12:00:00,0.45,0.49627686,XGBoost,home_c
2023-12-27 13:00:00,0.35,0.49847484,XGBoost,home_c
2023-12-27 14:00:00,0.4,0.5612469,XGBoost,home_c
2023-12-27 15:00:00,0.535,0.57885236,XGBoost,home_c
2023-12-27 16:00:00,0.67,0.8014827,XGBoost,home_c
2023-12-27 17:00:00,0.64,0.9438854,XGBoost,home_c
2023-12-27 18:00:00,1.09,1.8085558,XGBoost,home_c
2023-12-27 19:00:00,1.46,1.5610198,XGBoost,home_c
2023-12-27 20:00:00,2.34,1.9198029,XGBoost,home_c
2023-12-27 21:00:00,1.74,1.8440195,XGBoost,home_c
2023-12-27 22:00:00,0.9,1.506406,XGBoost,home_c
2023-12-27 23:00:00,0.59,1.0989176,XGBoost,home_c
2023-12-28 00:00:00,0.87,1.490848,XGBoost,home_c
2023-12-28 01:00:00,0.62,1.3335116,XGBoost,home_c
2023-12-28 02:00:00,3.0,1.1955442,XGBoost,home_c
2023-12-28 03:00:00,0.5,1.1541692,XGBoost,home_c
2023-12-28 04:00:00,0.61,1.1958717,XGBoost,home_c
2023-12-28 05:00:00,0.9099999999999999,1.1689516,XGBoost,home_c
2023-12-28 06:00:00,1.21,1.3646028,XGBoost,home_c
2023-12-28 07:00:00,1.14,1.1758965,XGBoost,home_c
2023-12-28 08:00:00,1.37,1.1727138,XGBoost,home_c
2023-12-28 09:00:00,0.71,1.0990839,XGBoost,home_c
2023-12-28 10:00:00,0.57,0.7886511,XGBoost,home_c
2023-12-28 11:00:00,0.42,0.7715963,XGBoost,home_c
2023-12-28 12:00:00,0.39,0.67181724,XGBoost,home_c
2023-12-28 13:00:00,0.39,0.6624017,XGBoost,home_c
2023-12-28 14:00:00,0.44,0.705424,XGBoost,home_c
2023-12-28 15:00:00,0.5233333333333333,0.7617996,XGBoost,home_c
2023-12-28 16:00:00,0.6066666666666667,0.8590712,XGBoost,home_c
2023-12-28 17:00:00,0.69,0.9801,XGBoost,home_c
2023-12-28 18:00:00,1.08,1.5610658,XGBoost,home_c
2023-12-28 19:00:00,2.88,1.597119,XGBoost,home_c
2023-12-28 20:00:00,1.28,2.121154,XGBoost,home_c
2023-12-28 21:00:00,2.82,1.8618152,XGBoost,home_c
2023-12-28 22:00:00,0.98,2.2297528,XGBoost,home_c
2023-12-28 23:00:00,0.55,1.257818,XGBoost,home_c
2023-12-29 00:00:00,0.27,1.28321,XGBoost,home_c
2023-12-29 01:00:00,0.48,1.4499997,XGBoost,home_c
2023-12-29 02:00:00,0.66,1.3256261,XGBoost,home_c
2023-12-29 03:00:00,0.43,1.223682,XGBoost,home_c
2023-12-29 04:00:00,0.88,1.0867293,XGBoost,home_c
2023-12-29 05:00:00,0.76,1.0229291,XGBoost,home_c
2023-12-29 06:00:00,0.9,1.1298492,XGBoost,home_c
2023-12-29 07:00:00,3.37,1.411755,XGBoost,home_c
2023-12-29 08:00:00,3.56,1.528364,XGBoost,home_c
2023-12-29 09:00:00,1.06,0.8928165,XGBoost,home_c
2023-12-29 10:00:00,0.62,0.7207958,XGBoost,home_c
2023-12-29 11:00:00,0.52,0.59841007,XGBoost,home_c
2023-12-29 12:00:00,0.43,0.6140444,XGBoost,home_c
2023-12-29 13:00:00,0.57,0.69946206,XGBoost,home_c
2023-12-29 14:00:00,0.52,0.6194606,XGBoost,home_c
2023-12-29 15:00:00,0.43,0.6808665,XGBoost,home_c
2023-12-29 16:00:00,0.63,0.8725155,XGBoost,home_c
2023-12-29 17:00:00,1.21,1.2625304,XGBoost,home_c
2023-12-29 18:00:00,0.96,1.2581245,XGBoost,home_c
2023-12-29 19:00:00,1.17,1.692141,XGBoost,home_c
2023-12-29 20:00:00,1.83,1.8825481,XGBoost,home_c
2023-12-29 21:00:00,3.96,1.823862,XGBoost,home_c
2023-12-29 22:00:00,0.87,1.3713499,XGBoost,home_c
2023-12-29 23:00:00,0.83,0.8197716,XGBoost,home_c
2023-12-30 00:00:00,0.53,0.92290163,XGBoost,home_c
2023-12-30 01:00:00,0.63,0.7144191,XGBoost,home_c
2023-12-30 02:00:00,0.52,0.7497149,XGBoost,home_c
2023-12-30 03:00:00,0.38,0.7960346,XGBoost,home_c
2023-12-30 04:00:00,0.72,0.84964466,XGBoost,home_c
2023-12-30 05:00:00,0.99,1.1777098,XGBoost,home_c
2023-12-30 06:00:00,3.55,1.1092662,XGBoost,home_c
2023-12-30 07:00:00,0.92,1.3982546,XGBoost,home_c
2023-12-30 08:00:00,0.83,1.330143,XGBoost,home_c
2023-12-30 09:00:00,0.78,1.125177,XGBoost,home_c
2023-12-30 10:00:00,0.59,0.8734688,XGBoost,home_c
2023-12-30 11:00:00,0.71,0.78628385,XGBoost,home_c
2023-12-30 12:00:00,0.92,0.8077748,XGBoost,home_c
2023-12-30 13:00:00,0.68,0.7947637,XGBoost,home_c
2023-12-30 14:00:00,0.9,0.8084399,XGBoost,home_c
2023-12-30 15:00:00,0.66,0.75773346,XGBoost,home_c
2023-12-30 16:00:00,0.84,0.96282434,XGBoost,home_c
2023-12-30 17:00:00,0.75,1.3459927,XGBoost,home_c
2023-12-30 18:00:00,1.1,1.4807887,XGBoost,home_c
2023-12-30 19:00:00,0.92,1.8105109,XGBoost,home_c
2023-12-30 20:00:00,1.28,1.6547146,XGBoost,home_c
2023-12-30 21:00:00,1.09,1.9039143,XGBoost,home_c
2023-12-30 22:00:00,1.07,1.1627125,XGBoost,home_c
2023-12-30 23:00:00,0.65,1.0086404,XGBoost,home_c
2023-12-31 00:00:00,0.49,0.8142433,XGBoost,home_c
2023-12-31 01:00:00,0.47,0.7221473,XGBoost,home_c
2023-12-31 02:00:00,0.48,0.84709775,XGBoost,home_c
2023-12-31 03:00:00,0.58,0.8197913,XGBoost,home_c
2023-12-31 04:00:00,0.61,1.0491046,XGBoost,home_c
2023-12-31 05:00:00,0.81,1.1256083,XGBoost,home_c
2023-12-31 06:00:00,1.01,1.2108203,XGBoost,home_c
2023-12-31 07:00:00,0.74,1.2432853,XGBoost,home_c
2023-12-31 08:00:00,1.3,1.1413262,XGBoost,home_c
2023-12-31 09:00:00,0.75,0.9431969,XGBoost,home_c
2023-12-31 10:00:00,0.48,0.87779295,XGBoost,home_c
2023-12-31 11:00:00,0.45,0.65029985,XGBoost,home_c
2023-12-31 12:00:00,0.65,0.6265828,XGBoost,home_c
2023-12-31 13:00:00,0.61,0.89391667,XGBoost,home_c
2023-12-31 14:00:00,0.53,0.68447804,XGBoost,home_c
2023-12-31 15:00:00,0.46,0.74870086,XGBoost,home_c
2023-12-31 16:00:00,0.66,0.74199396,XGBoost,home_c
2023-12-31 17:00:00,0.69,1.0236492,XGBoost,home_c
2023-12-31 18:00:00,1.09,1.5106874,XGBoost,home_c
2023-12-31 19:00:00,1.57,1.550823,XGBoost,home_c
2023-12-31 20:00:00,1.84,1.9948424,XGBoost,home_c
2023-12-31 21:00:00,1.36,1.717282,XGBoost,home_c
2023-12-31 22:00:00,1.22,1.3255587,XGBoost,home_c
2023-12-31 23:00:00,1.23,0.8986273,XGBoost,home_c
