Timestamp,actual,predicted,model,dataset
2023-07-21 19:00:00,7386.3,7279.627,XGBoost,region_a
2023-07-21 20:00:00,6999.78,6987.6445,XGBoost,region_a
2023-07-21 21:00:00,5815.76,6238.678,XGBoost,region_a
2023-07-21 22:00:00,5494.36,5478.641,XGBoost,region_a
2023-07-21 23:00:00,4911.29,4986.9497,XGBoost,region_a
2023-07-22 00:00:00,3755.9,3812.1978,XGBoost,region_a
2023-07-22 01:00:00,3425.63,3467.647,XGBoost,region_a
2023-07-22 02:00:00,3154.55,3180.7256,XGBoost,region_a
2023-07-22 03:00:00,3035.63,3114.119,XGBoost,region_a
2023-07-22 04:00:00,3297.75,3357.027,XGBoost,region_a
2023-07-22 05:00:00,3994.23,3951.911,XGBoost,region_a
2023-07-22 06:00:00,4444.96,4571.7397,XGBoost,region_a
2023-07-22 07:00:00,5264.39,5249.986,XGBoost,region_a
2023-07-22 08:00:00,5429.64,5571.9766,XGBoost,region_a
2023-07-22 09:00:00,5313.98,5487.8706,XGBoost,region_a
2023-07-22 10:00:00,5077.7,5303.9214,XGBoost,region_a
2023-07-22 11:00:00,4709.94,4865.1294,XGBoost,region_a
2023-07-22 12:00:00,4551.2,4691.864,XGBoost,region_a
2023-07-22 13:00:00,4621.12,4675.4697,XGBoost,region_a
2023-07-22 14:00:00,4579.65,4819.131,XGBoost,region_a
2023-07-22 15:00:00,4923.57,5014.8984,XGBoost,region_a
2023-07-22 16:00:00,5302.34,5401.1206,XGBoost,region_a
2023-07-22 17:00:00,5999.67,5960.93,XGBoost,region_a
2023-07-22 18:00:00,6469.47,6540.9785,XGBoost,region_a
2023-07-22 19:00:00,6594.45,6723.417,XGBoost,region_a
2023-07-22 20:00:00,6170.4400000000005,6420.685,XGBoost,region_a
2023-07-22 21:00:00,5746.43,5630.046,XGBoost,region_a
2023-07-22 22:00:00,5142.58,5185.2627,XGBoost,region_a
2023-07-22 23:00:00,4550.71,4726.2334,XGBoost,region_a
2023-07-23 00:00:00,3708.78,3765.0896,XGBoost,region_a
2023-07-23 01:00:00,3503.24,3430.7446,XGBoost,region_a
2023-07-23 02:00:00,3201.76,3200.38,XGBoost,region_a
2023-07-23 03:00:00,3049.38,3146.7874,XGBoost,region_a
2023-07-23 04:00:00,3343.56,3358.5896,XGBoost,region_a
2023-07-23 05:00:00,3841.84,3982.2568,XGBoost,region_a
2023-07-23 06:00:00,4540.99,4568.2476,XGBoost,region_a
2023-07-23 07:00:00,5150.97,5194.3433,XGBoost,region_a
2023-07-23 08:00:00,5543.69,5642.6587,XGBoost,region_a
2023-07-23 09:00:00,5335.35,5408.0874,XGBoost,region_a
2023-07-23 10:00:00,5310.98,5203.4272,XGBoost,region_a
2023-07-23 11:00:00,5077.71,5104.44,XGBoost,region_a
2023-07-23 12:00:00,4705.81,4919.4185,XGBoost,region_a
2023-07-23 13:00:00,4823.47,4862.957,XGBoost,region_a
2023-07-23 14:00:00,4851.85,4914.747,XGBoost,region_a
2023-07-23 15:00:00,5124.84,5232.4897,XGBoost,region_a
2023-07-23 16:00:00,5837.21,5726.5684,XGBoost,region_a
2023-07-23 17:00:00,6274.38,6422.7983,XGBoost,region_a
2023-07-23 18:00:00,6969.77,6718.046,XGBoost,region_a
2023-07-23 19:00:00,6880.22,7119.513,XGBoost,region_a
2023-07-23 20:00:00,6978.15,6540.7495,XGBoost,region_a
2023-07-23 21:00:00,5935.43,5968.262,XGBoost,region_a
2023-07-23 22:00:00,5129.55,5175.2666,XGBoost,region_a
2023-07-23 23:00:00,4853.3,4586.736,XGBoost,region_a
2023-07-24 00:00:00,3974.89,3997.1187,XGBoost,region_a
2023-07-24 01:00:00,3770.12,3679.0596,XGBoost,region_a
2023-07-24 02:00:00,3504.59,3458.5564,XGBoost,region_a
2023-07-24 03:00:00,3334.22,3405.2427,XGBoost,region_a
2023-07-24 04:00:00,3778.75,3664.1091,XGBoost,region_a
2023-07-24 05:00:00,4297.88,4206.432,XGBoost,region_a
2023-07-24 06:00:00,4975.67,5076.434,XGBoost,region_a
2023-07-24 07:00:00,5778.78,5761.8047,XGBoost,region_a
2023-07-24 08:00:00,6107.26,6182.172,XGBoost,region_a
2023-07-24 09:00:00,6254.19,6115.464,XGBoost,region_a
2023-07-24 10:00:00,5973.51,5902.6943,XGBoost,region_a
2023-07-24 11:00:00,5332.59,5589.8647,XGBoost,region_a
2023-07-24 12:00:00,5197.97,5224.7935,XGBoost,region_a
2023-07-24 13:00:00,5190.36,5238.143,XGBoost,region_a
2023-07-24 14:00:00,5350.36,4930.4414,XGBoost,region_a
2023-07-24 15:00:00,5620.04,5698.1875,XGBoost,region_a
2023-07-24 16:00:00,6208.8,6239.2812,XGBoost,region_a
2023-07-24 17:00:00,7106.95,6871.4375,XGBoost,region_a
2023-07-24 18:00:00,7387.19,7399.602,XGBoost,region_a
2023-07-24 19:00:00,7509.73,7569.5044,XGBoost,region_a
2023-07-24 20:00:00,7273.88,7205.761,XGBoost,region_a
2023-07-24 21:00:00,6399.0,6474.0786,XGBoost,region_a
2023-07-24 22:00:00,5535.39,5604.064,XGBoost,region_a
2023-07-24 23:00:00,5089.6,5065.542,XGBoost,region_a
2023-07-25 00:00:00,4058.23,3935.0312,XGBoost,region_a
2023-07-25 01:00:00,3696.23,3719.1726,XGBoost,region_a
2023-07-25 02:00:00,3403.95,3458.4326,XGBoost,region_a
2023-07-25 03:00:00,3293.41,3394.8047,XGBoost,region_a
2023-07-25 04:00:00,3687.52,3681.1409,XGBoost,region_a
2023-07-25 05:00:00,4311.75,4241.503,XGBoost,region_a
2023-07-25 06:00:00,4990.35,5027.933,XGBoost,region_a
2023-07-25 07:00:00,6000.15,5796.134,XGBoost,region_a
2023-07-25 08:00:00,6093.33,6167.1997,XGBoost,region_a
2023-07-25 09:00:00,6059.33,6168.5615,XGBoost,region_a
2023-07-25 10:00:00,5926.49,5837.7964,XGBoost,region_a
2023-07-25 11:00:00,5472.28,5428.2617,XGBoost,region_a
2023-07-25 12:00:00,5273.78,5311.5576,XGBoost,region_a
2023-07-25 13:00:00,5176.58,5113.3574,XGBoost,region_a
2023-07-25 14:00:00,5375.9,5444.165,XGBoost,region_a
2023-07-25 15:00:00,5809.02,5756.0996,XGBoost,region_a
2023-07-25 16:00:00,6242.14,6404.4927,XGBoost,region_a
2023-07-25 17:00:00,6892.42,6866.348,XGBoost,region_a
2023-07-25 18:00:00,7455.86,7413.3433,XGBoost,region_a
2023-07-25 19:00:00,7645.33,7609.0244,XGBoost,region_a
2023-07-25 20:00:00,7143.45,7294.9297,XGBoost,region_a
2023-07-25 21:00:00,6357.77,6429.596,XGBoost,region_a
2023-07-25 22:00:00,5759.59,5573.351,XGBoost,region_a
2023-07-25 23:00:00,5131.22,4984.298,XGBoost,region_a
2023-07-26 00:00:00,4039.9,4051.5725,XGBoost,region_a
2023-07-26 01:00:00,3648.32,3717.3452,XGBoost,region_a
2023-07-26 02:00:00,3395.0,3443.3555,XGBoost,region_a
2023-07-26 03:00:00,3315.61,3365.5923,XGBoost,region_a
2023-07-26 04:00:00,3745.36,3634.253,XGBoost,region_a
2023-07-26 05:00:00,4249.93,4244.8438,XGBoost,region_a
2023-07-26 06:00:00,5015.59,5177.5293,XGBoost,region_a
2023-07-26 07:00:00,5741.35,5815.5903,XGBoost,region_a
2023-07-26 08:00:00,6022.41,6164.3228,XGBoost,region_a
2023-07-26 09:00:00,6115.95,6115.511,XGBoost,region_a
2023-07-26 10:00:00,5841.93,5780.9897,XGBoost,region_a
2023-07-26 11:00:00,5387.66,5445.3555,XGBoost,region_a
2023-07-26 12:00:00,5418.42,5328.282,XGBoost,region_a
2023-07-26 13:00:00,5228.63,5311.6187,XGBoost,region_a
2023-07-26 14:00:00,5347.43,5358.858,XGBoost,region_a
2023-07-26 15:00:00,5601.52,5785.1807,XGBoost,region_a
2023-07-26 16:00:00,6359.51,6361.429,XGBoost,region_a
2023-07-26 17:00:00,6697.76,6975.1045,XGBoost,region_a
2023-07-26 18:00:00,7327.07,7435.4062,XGBoost,region_a
2023-07-26 19:00:00,7699.85,7700.892,XGBoost,region_a
2023-07-26 20:00:00,7429.84,7354.86,XGBoost,region_a
2023-07-26 21:00:00,6656.05,6530.405,XGBoost,region_a
2023-07-26 22:00:00,5815.77,5813.12,XGBoost,region_a
2023-07-26 23:00:00,5038.28,5082.6274,XGBoost,region_a
2023-07-27 00:00:00,3974.55,4032.196,XGBoost,region_a
2023-07-27 01:00:00,3625.38,3692.0645,XGBoost,region_a
2023-07-27 02:00:00,3424.01,3441.8452,XGBoost,region_a
2023-07-27 03:00:00,3427.96,3388.9478,XGBoost,region_a
2023-07-27 04:00:00,3626.42,3660.1035,XGBoost,region_a
2023-07-27 05:00:00,4361.0,4211.1626,XGBoost,region_a
2023-07-27 06:00:00,5163.8,5116.8604,XGBoost,region_a
2023-07-27 07:00:00,6035.25,5926.1914,XGBoost,region_a
2023-07-27 08:00:00,6356.98,6320.1807,XGBoost,region_a
2023-07-27 09:00:00,6612.81,6285.3413,XGBoost,region_a
2023-07-27 10:00:00,6239.74,6197.0864,XGBoost,region_a
2023-07-27 11:00:00,5844.96,5745.1367,XGBoost,region_a
2023-07-27 12:00:00,5612.29,5651.5513,XGBoost,region_a
2023-07-27 13:00:00,5232.22,5473.519,XGBoost,region_a
2023-07-27 14:00:00,5580.74,5404.3306,XGBoost,region_a
2023-07-27 15:00:00,5725.0,5671.152,XGBoost,region_a
2023-07-27 16:00:00,6322.36,6259.325,XGBoost,region_a
2023-07-27 17:00:00,6719.4,6743.6196,XGBoost,region_a
2023-07-27 18:00:00,7054.85,7373.6016,XGBoost,region_a
2023-07-27 19:00:00,7372.79,7407.5874,XGBoost,region_a
2023-07-27 20:00:00,7024.59,7105.03,XGBoost,region_a
2023-07-27 21:00:00,6052.06,6418.35,XGBoost,region_a
2023-07-27 22:00:00,5550.79,5592.7734,XGBoost,region_a
2023-07-27 23:00:00,5070.04,5021.049,XGBoost,region_a
2023-07-28 00:00:00,3864.89,4019.652,XGBoost,region_a
2023-07-28 01:00:00,3811.24,3605.8247,XGBoost,region_a
2023-07-28 02:00:00,3407.19,3458.1492,XGBoost,region_a
2023-07-28 03:00:00,3255.06,3368.8337,XGBoost,region_a
2023-07-28 04:00:00,3666.1,3620.0137,XGBoost,region_a
2023-07-28 05:00:00,4342.9,4306.4,XGBoost,region_a
2023-07-28 06:00:00,5044.39,5096.103,XGBoost,region_a
2023-07-28 07:00:00,5833.33,5863.3784,XGBoost,region_a
2023-07-28 08:00:00,5844.82,6221.2266,XGBoost,region_a
2023-07-28 09:00:00,6065.79,6034.097,XGBoost,region_a
2023-07-28 10:00:00,5891.89,5976.378,XGBoost,region_a
2023-07-28 11:00:00,5438.42,5632.7974,XGBoost,region_a
2023-07-28 12:00:00,5319.43,5412.291,XGBoost,region_a
2023-07-28 13:00:00,5241.21,5316.9395,XGBoost,region_a
2023-07-28 14:00:00,5491.72,5489.931,XGBoost,region_a
2023-07-28 15:00:00,5756.8,5849.762,XGBoost,region_a
2023-07-28 16:00:00,6395.31,6396.9966,XGBoost,region_a
2023-07-28 17:00:00,6796.03,6930.4673,XGBoost,region_a
2023-07-28 18:00:00,7248.89,7270.9995,XGBoost,region_a
2023-07-28 19:00:00,7449.05,7458.078,XGBoost,region_a
2023-07-28 20:00:00,7083.45,7090.803,XGBoost,region_a
2023-07-28 21:00:00,6241.92,6204.845,XGBoost,region_a
2023-07-28 22:00:00,5557.2,5530.812,XGBoost,region_a
2023-07-28 23:00:00,5007.78,5006.5083,XGBoost,region_a
2023-07-29 00:00:00,3721.36,3744.5442,XGBoost,region_a
2023-07-29 01:00:00,3516.13,3487.5122,XGBoost,region_a
2023-07-29 02:00:00,3300.53,3207.1172,XGBoost,region_a
2023-07-29 03:00:00,3076.81,3150.7769,XGBoost,region_a
2023-07-29 04:00:00,3291.02,3377.826,XGBoost,region_a
2023-07-29 05:00:00,3838.54,3968.6333,XGBoost,region_a
2023-07-29 06:00:00,4675.52,4589.999,XGBoost,region_a
2023-07-29 07:00:00,5033.32,5261.8545,XGBoost,region_a
2023-07-29 08:00:00,5822.81,5398.833,XGBoost,region_a
2023-07-29 09:00:00,5594.6,5581.126,XGBoost,region_a
2023-07-29 10:00:00,5517.49,5324.3135,XGBoost,region_a
2023-07-29 11:00:00,5093.17,5142.543,XGBoost,region_a
2023-07-29 12:00:00,4839.46,4945.8003,XGBoost,region_a
2023-07-29 13:00:00,4909.79,4886.886,XGBoost,region_a
2023-07-29 14:00:00,5132.2,5066.027,XGBoost,region_a
2023-07-29 15:00:00,5291.73,5315.9517,XGBoost,region_a
2023-07-29 16:00:00,5756.88,5716.103,XGBoost,region_a
2023-07-29 17:00:00,6388.76,6484.6904,XGBoost,region_a
2023-07-29 18:00:00,6960.57,6988.4717,XGBoost,region_a
2023-07-29 19:00:00,7408.67,7154.036,XGBoost,region_a
2023-07-29 20:00:00,6843.79,6861.5605,XGBoost,region_a
2023-07-29 21:00:00,6147.88,5940.3413,XGBoost,region_a
2023-07-29 22:00:00,5201.89,5258.7993,XGBoost,region_a
2023-07-29 23:00:00,4639.68,4637.19,XGBoost,region_a
2023-07-30 00:00:00,3654.86,3763.1814,XGBoost,region_a
2023-07-30 01:00:00,3441.27,3410.9116,XGBoost,region_a
2023-07-30 02:00:00,3157.66,3214.419,XGBoost,region_a
2023-07-30 03:00:00,3008.8,3156.4458,XGBoost,region_a
2023-07-30 04:00:00,3414.64,3388.9646,XGBoost,region_a
2023-07-30 05:00:00,3895.38,3867.5195,XGBoost,region_a
2023-07-30 06:00:00,4582.45,4637.7705,XGBoost,region_a
2023-07-30 07:00:00,5251.46,5105.0747,XGBoost,region_a
2023-07-30 08:00:00,5651.7,5687.8667,XGBoost,region_a
2023-07-30 09:00:00,5378.14,5446.9067,XGBoost,region_a
2023-07-30 10:00:00,5087.02,5353.981,XGBoost,region_a
2023-07-30 11:00:00,5016.81,4962.701,XGBoost,region_a
2023-07-30 12:00:00,5049.19,4946.0396,XGBoost,region_a
2023-07-30 13:00:00,4970.78,5001.2114,XGBoost,region_a
2023-07-30 14:00:00,5201.54,5156.6714,XGBoost,region_a
2023-07-30 15:00:00,5465.97,5376.8657,XGBoost,region_a
2023-07-30 16:00:00,5679.5,5855.299,XGBoost,region_a
2023-07-30 17:00:00,6508.47,6431.712,XGBoost,region_a
2023-07-30 18:00:00,7248.9,7008.306,XGBoost,region_a
2023-07-30 19:00:00,6881.61,7188.7046,XGBoost,region_a
2023-07-30 20:00:00,6715.29,6640.969,XGBoost,region_a
2023-07-30 21:00:00,5956.73,6030.0024,XGBoost,region_a
2023-07-30 22:00:00,5015.64,5149.0127,XGBoost,region_a
2023-07-30 23:00:00,4459.35,4667.0947,XGBoost,region_a
2023-07-31 00:00:00,3987.71,3992.7605,XGBoost,region_a
2023-07-31 01:00:00,3683.09,3686.1785,XGBoost,region_a
2023-07-31 02:00:00,3391.72,3459.5266,XGBoost,region_a
2023-07-31 03:00:00,3287.15,3404.2012,XGBoost,region_a
2023-07-31 04:00:00,3606.72,3672.7354,XGBoost,region_a
2023-07-31 05:00:00,4312.32,4230.4863,XGBoost,region_a
2023-07-31 06:00:00,4973.62,5045.6196,XGBoost,region_a
2023-07-31 07:00:00,5688.99,5682.6865,XGBoost,region_a
2023-07-31 08:00:00,6463.58,6222.358,XGBoost,region_a
2023-07-31 09:00:00,6409.01,6367.137,XGBoost,region_a
2023-07-31 10:00:00,6237.08,6148.0024,XGBoost,region_a
2023-07-31 11:00:00,5903.03,5925.2344,XGBoost,region_a
2023-07-31 12:00:00,5784.18,5749.5884,XGBoost,region_a
2023-07-31 13:00:00,5672.82,5624.347,XGBoost,region_a
2023-07-31 14:00:00,5731.82,4989.1177,XGBoost,region_a
2023-07-31 15:00:00,6306.67,5951.4653,XGBoost,region_a
2023-07-31 16:00:00,6663.31,6455.43,XGBoost,region_a
2023-07-31 17:00:00,6854.4,7226.856,XGBoost,region_a
2023-07-31 18:00:00,7767.86,7628.2954,XGBoost,region_a
2023-07-31 19:00:00,7563.41,7565.1514,XGBoost,region_a
2023-07-31 20:00:00,7264.03,7192.7812,XGBoost,region_a
2023-07-31 21:00:00,6224.34,6312.6797,XGBoost,region_a
2023-07-31 22:00:00,5506.26,5490.482,XGBoost,region_a
2023-07-31 23:00:00,5060.75,5001.384,XGBoost,region_a
2023-08-01 00:00:00,4011.28,4028.978,XGBoost,region_a
2023-08-01 01:00:00,3719.06,3699.553,XGBoost,region_a
2023-08-01 02:00:00,3524.01,3450.146,XGBoost,region_a
2023-08-01 03:00:00,3485.14,3365.8547,XGBoost,region_a
2023-08-01 04:00:00,3612.63,3684.4624,XGBoost,region_a
2023-08-01 05:00:00,4278.97,4300.6343,XGBoost,region_a
2023-08-01 06:00:00,4925.44,5036.571,XGBoost,region_a
2023-08-01 07:00:00,5792.04,6419.4746,XGBoost,region_a
2023-08-01 08:00:00,6010.92,6236.695,XGBoost,region_a
2023-08-01 09:00:00,6195.32,6187.8643,XGBoost,region_a
2023-08-01 10:00:00,6133.48,6068.7856,XGBoost,region_a
2023-08-01 11:00:00,5639.0,5752.3647,XGBoost,region_a
2023-08-01 12:00:00,5408.05,5486.4336,XGBoost,region_a
2023-08-01 13:00:00,5210.3,5395.196,XGBoost,region_a
2023-08-01 14:00:00,5609.11,5477.7515,XGBoost,region_a
2023-08-01 15:00:00,5700.45,5979.7393,XGBoost,region_a
2023-08-01 16:00:00,6310.32,6302.407,XGBoost,region_a
2023-08-01 17:00:00,6586.48,6868.525,XGBoost,region_a
2023-08-01 18:00:00,6875.68,7130.8555,XGBoost,region_a
2023-08-01 19:00:00,7142.24,7253.42,XGBoost,region_a
2023-08-01 20:00:00,6898.9,6981.659,XGBoost,region_a
2023-08-01 21:00:00,5965.13,6185.538,XGBoost,region_a
2023-08-01 22:00:00,5561.33,5398.545,XGBoost,region_a
2023-08-01 23:00:00,5012.45,4990.1216,XGBoost,region_a
2023-08-02 00:00:00,4046.04,4050.3665,XGBoost,region_a
2023-08-02 01:00:00,3835.02,3708.8616,XGBoost,region_a
2023-08-02 02:00:00,3381.67,3464.9307,XGBoost,region_a
2023-08-02 03:00:00,3321.46,3377.1772,XGBoost,region_a
2023-08-02 04:00:00,3533.61,3658.4585,XGBoost,region_a
2023-08-02 05:00:00,4279.01,4299.078,XGBoost,region_a
2023-08-02 06:00:00,5071.13,5032.5103,XGBoost,region_a
2023-08-02 07:00:00,5772.87,5822.6523,XGBoost,region_a
2023-08-02 08:00:00,6325.43,6116.7554,XGBoost,region_a
2023-08-02 09:00:00,6275.76,6375.253,XGBoost,region_a
2023-08-02 10:00:00,6241.3,6142.8467,XGBoost,region_a
2023-08-02 11:00:00,5709.9,5866.2227,XGBoost,region_a
2023-08-02 12:00:00,5933.81,5666.3647,XGBoost,region_a
2023-08-02 13:00:00,5557.71,5735.6704,XGBoost,region_a
2023-08-02 14:00:00,5959.17,5759.643,XGBoost,region_a
2023-08-02 15:00:00,6190.75,6141.905,XGBoost,region_a
2023-08-02 16:00:00,6402.28,6668.421,XGBoost,region_a
2023-08-02 17:00:00,7101.7,7222.8804,XGBoost,region_a
2023-08-02 18:00:00,8003.45,7667.7095,XGBoost,region_a
2023-08-02 19:00:00,7860.49,7958.002,XGBoost,region_a
2023-08-02 20:00:00,7493.8,7384.1978,XGBoost,region_a
2023-08-02 21:00:00,6504.66,6525.123,XGBoost,region_a
2023-08-02 22:00:00,5942.5,5799.9927,XGBoost,region_a
2023-08-02 23:00:00,5185.78,5197.9546,XGBoost,region_a
2023-08-03 00:00:00,4303.78,4071.5981,XGBoost,region_a
2023-08-03 01:00:00,3676.19,3838.8723,XGBoost,region_a
2023-08-03 02:00:00,3540.87,3461.1343,XGBoost,region_a
2023-08-03 03:00:00,3316.83,3392.1658,XGBoost,region_a
2023-08-03 04:00:00,3608.35,3612.1123,XGBoost,region_a
2023-08-03 05:00:00,4388.29,4309.7974,XGBoost,region_a
2023-08-03 06:00:00,5061.19,5089.8457,XGBoost,region_a
2023-08-03 07:00:00,5833.71,6024.866,XGBoost,region_a
2023-08-03 08:00:00,6544.54,6447.0454,XGBoost,region_a
2023-08-03 09:00:00,6326.92,6763.3896,XGBoost,region_a
2023-08-03 10:00:00,6497.64,6444.5986,XGBoost,region_a
2023-08-03 11:00:00,5965.97,5958.057,XGBoost,region_a
2023-08-03 12:00:00,5807.94,5850.6562,XGBoost,region_a
2023-08-03 13:00:00,5786.46,5769.866,XGBoost,region_a
2023-08-03 14:00:00,6123.23,5981.3354,XGBoost,region_a
2023-08-03 15:00:00,6437.49,6367.5405,XGBoost,region_a
2023-08-03 16:00:00,6626.76,6750.379,XGBoost,region_a
2023-08-03 17:00:00,7328.16,7309.712,XGBoost,region_a
2023-08-03 18:00:00,8023.09,7922.9966,XGBoost,region_a
2023-08-03 19:00:00,7843.15,8205.986,XGBoost,region_a
2023-08-03 20:00:00,7787.73,7654.719,XGBoost,region_a
2023-08-03 21:00:00,6900.81,6642.284,XGBoost,region_a
2023-08-03 22:00:00,6166.7,5970.9067,XGBoost,region_a
2023-08-03 23:00:00,5127.57,5380.547,XGBoost,region_a
2023-08-04 00:00:00,4105.79,4257.701,XGBoost,region_a
2023-08-04 01:00:00,3744.64,3808.3855,XGBoost,region_a
2023-08-04 02:00:00,3552.15,3470.784,XGBoost,region_a
2023-08-04 03:00:00,3602.45,3378.7156,XGBoost,region_a
2023-08-04 04:00:00,3829.95,3696.9705,XGBoost,region_a
2023-08-04 05:00:00,4298.93,4385.0356,XGBoost,region_a
2023-08-04 06:00:00,5095.16,5128.755,XGBoost,region_a
2023-08-04 07:00:00,5811.66,5894.7505,XGBoost,region_a
2023-08-04 08:00:00,6075.16,6389.8633,XGBoost,region_a
2023-08-04 09:00:00,6402.78,6356.523,XGBoost,region_a
2023-08-04 10:00:00,6328.38,6260.605,XGBoost,region_a
2023-08-04 11:00:00,6283.43,5920.279,XGBoost,region_a
2023-08-04 12:00:00,5791.55,5925.186,XGBoost,region_a
2023-08-04 13:00:00,5741.61,5705.435,XGBoost,region_a
2023-08-04 14:00:00,6039.52,6077.821,XGBoost,region_a
2023-08-04 15:00:00,6002.97,6317.6416,XGBoost,region_a
2023-08-04 16:00:00,6461.16,6614.146,XGBoost,region_a
2023-08-04 17:00:00,6999.2,7227.9385,XGBoost,region_a
2023-08-04 18:00:00,7565.41,7717.5977,XGBoost,region_a
2023-08-04 19:00:00,7648.54,7889.4497,XGBoost,region_a
2023-08-04 20:00:00,7484.31,7441.6196,XGBoost,region_a
2023-08-04 21:00:00,6499.82,6644.3457,XGBoost,region_a
2023-08-04 22:00:00,5819.23,5845.2944,XGBoost,region_a
2023-08-04 23:00:00,5153.79,5046.342,XGBoost,region_a
2023-08-05 00:00:00,3707.63,3777.6697,XGBoost,region_a
2023-08-05 01:00:00,3535.23,3489.983,XGBoost,region_a
2023-08-05 02:00:00,2939.69,3262.382,XGBoost,region_a
2023-08-05 03:00:00,3114.13,3176.2783,XGBoost,region_a
2023-08-05 04:00:00,3292.47,3399.6592,XGBoost,region_a
2023-08-05 05:00:00,3858.92,3868.799,XGBoost,region_a
2023-08-05 06:00:00,4671.51,4583.8726,XGBoost,region_a
2023-08-05 07:00:00,5328.47,5185.5786,XGBoost,region_a
2023-08-05 08:00:00,5410.77,5421.2983,XGBoost,region_a
2023-08-05 09:00:00,5701.91,5540.39,XGBoost,region_a
2023-08-05 10:00:00,5304.27,5542.066,XGBoost,region_a
2023-08-05 11:00:00,5121.99,5198.009,XGBoost,region_a
2023-08-05 12:00:00,4761.43,4266.9404,XGBoost,region_a
2023-08-05 13:00:00,4843.09,4908.256,XGBoost,region_a
2023-08-05 14:00:00,5264.17,5128.1953,XGBoost,region_a
2023-08-05 15:00:00,5513.93,5524.897,XGBoost,region_a
2023-08-05 16:00:00,6105.35,5992.019,XGBoost,region_a
2023-08-05 17:00:00,6546.54,6692.382,XGBoost,region_a
2023-08-05 18:00:00,6877.78,7131.56,XGBoost,region_a
2023-08-05 19:00:00,7424.22,7326.8555,XGBoost,region_a
2023-08-05 20:00:00,6761.86,7139.3467,XGBoost,region_a
2023-08-05 21:00:00,6127.21,6060.8486,XGBoost,region_a
2023-08-05 22:00:00,5420.47,5300.0737,XGBoost,region_a
2023-08-05 23:00:00,4716.06,4737.993,XGBoost,region_a
2023-08-06 00:00:00,3714.87,3759.8591,XGBoost,region_a
2023-08-06 01:00:00,3371.46,3444.0647,XGBoost,region_a
2023-08-06 02:00:00,3201.6,3189.627,XGBoost,region_a
2023-08-06 03:00:00,3043.77,3177.1199,XGBoost,region_a
2023-08-06 04:00:00,3303.1,3391.6528,XGBoost,region_a
2023-08-06 05:00:00,3897.13,3875.321,XGBoost,region_a
2023-08-06 06:00:00,4560.43,4612.25,XGBoost,region_a
2023-08-06 07:00:00,5185.75,5195.968,XGBoost,region_a
2023-08-06 08:00:00,5568.5,5502.58,XGBoost,region_a
2023-08-06 09:00:00,5473.74,5525.1084,XGBoost,region_a
2023-08-06 10:00:00,5112.84,5180.0913,XGBoost,region_a
2023-08-06 11:00:00,4858.68,4997.1406,XGBoost,region_a
2023-08-06 12:00:00,4674.01,4844.6475,XGBoost,region_a
2023-08-06 13:00:00,4868.1,4869.5757,XGBoost,region_a
2023-08-06 14:00:00,5037.56,5076.2856,XGBoost,region_a
2023-08-06 15:00:00,5036.44,5335.698,XGBoost,region_a
2023-08-06 16:00:00,5593.66,5698.6084,XGBoost,region_a
2023-08-06 17:00:00,6230.46,6401.7783,XGBoost,region_a
2023-08-06 18:00:00,6848.43,6730.1895,XGBoost,region_a
2023-08-06 19:00:00,6704.59,7041.963,XGBoost,region_a
2023-08-06 20:00:00,6716.38,6613.876,XGBoost,region_a
2023-08-06 21:00:00,5713.2,6005.238,XGBoost,region_a
2023-08-06 22:00:00,5086.5,5152.3784,XGBoost,region_a
2023-08-06 23:00:00,4517.47,4628.0996,XGBoost,region_a
2023-08-07 00:00:00,4054.95,3977.6812,XGBoost,region_a
2023-08-07 01:00:00,3603.81,3713.9417,XGBoost,region_a
2023-08-07 02:00:00,3402.58,3412.9717,XGBoost,region_a
2023-08-07 03:00:00,3417.28,3366.6326,XGBoost,region_a
2023-08-07 04:00:00,3607.31,3670.2388,XGBoost,region_a
2023-08-07 05:00:00,4352.48,4237.599,XGBoost,region_a
2023-08-07 06:00:00,5205.08,5047.1167,XGBoost,region_a
2023-08-07 07:00:00,5792.59,5773.738,XGBoost,region_a
2023-08-07 08:00:00,6153.42,6221.093,XGBoost,region_a
2023-08-07 09:00:00,6157.3,6126.6187,XGBoost,region_a
2023-08-07 10:00:00,6022.69,5978.157,XGBoost,region_a
2023-08-07 11:00:00,5733.05,5772.1235,XGBoost,region_a
2023-08-07 12:00:00,5562.0,5473.2056,XGBoost,region_a
2023-08-07 13:00:00,5478.14,5518.7197,XGBoost,region_a
2023-08-07 14:00:00,5517.98,5649.5586,XGBoost,region_a
2023-08-07 15:00:00,5988.74,5969.136,XGBoost,region_a
2023-08-07 16:00:00,6378.03,6512.337,XGBoost,region_a
2023-08-07 17:00:00,6959.88,7024.623,XGBoost,region_a
2023-08-07 18:00:00,7548.89,7526.6187,XGBoost,region_a
2023-08-07 19:00:00,7416.89,7583.631,XGBoost,region_a
2023-08-07 20:00:00,6968.31,7106.5537,XGBoost,region_a
2023-08-07 21:00:00,6165.59,6157.1465,XGBoost,region_a
2023-08-07 22:00:00,5613.01,5520.525,XGBoost,region_a
2023-08-07 23:00:00,4859.91,5019.229,XGBoost,region_a
2023-08-08 00:00:00,4047.98,4028.454,XGBoost,region_a
2023-08-08 01:00:00,3630.53,3717.5298,XGBoost,region_a
2023-08-08 02:00:00,3411.14,3446.6416,XGBoost,region_a
2023-08-08 03:00:00,3198.81,3398.634,XGBoost,region_a
2023-08-08 04:00:00,3573.13,3599.5688,XGBoost,region_a
2023-08-08 05:00:00,4115.82,4252.432,XGBoost,region_a
2023-08-08 06:00:00,5135.53,4995.779,XGBoost,region_a
2023-08-08 07:00:00,5827.0,5841.2915,XGBoost,region_a
2023-08-08 08:00:00,6135.52,6118.275,XGBoost,region_a
2023-08-08 09:00:00,5952.83,6132.8975,XGBoost,region_a
2023-08-08 10:00:00,5847.12,5845.8623,XGBoost,region_a
2023-08-08 11:00:00,5380.22,5509.533,XGBoost,region_a
2023-08-08 12:00:00,4976.41,5257.955,XGBoost,region_a
2023-08-08 13:00:00,5082.92,5159.9126,XGBoost,region_a
2023-08-08 14:00:00,5238.39,5295.4272,XGBoost,region_a
2023-08-08 15:00:00,5482.75,5684.0303,XGBoost,region_a
2023-08-08 16:00:00,5972.22,6014.73,XGBoost,region_a
2023-08-08 17:00:00,6766.36,6613.4834,XGBoost,region_a
2023-08-08 18:00:00,7293.59,7259.438,XGBoost,region_a
2023-08-08 19:00:00,7125.43,7321.9443,XGBoost,region_a
2023-08-08 20:00:00,6709.33,6689.6743,XGBoost,region_a
2023-08-08 21:00:00,6152.65,6084.495,XGBoost,region_a
2023-08-08 22:00:00,5675.85,5467.608,XGBoost,region_a
2023-08-08 23:00:00,4758.22,4983.0107,XGBoost,region_a
2023-08-09 00:00:00,4144.28,4132.3887,XGBoost,region_a
2023-08-09 01:00:00,3758.57,3771.734,XGBoost,region_a
2023-08-09 02:00:00,3498.52,3466.2046,XGBoost,region_a
2023-08-09 03:00:00,3513.71,3396.1858,XGBoost,region_a
2023-08-09 04:00:00,3585.17,3631.6572,XGBoost,region_a
2023-08-09 05:00:00,4360.35,4272.5366,XGBoost,region_a
2023-08-09 06:00:00,5031.03,5099.341,XGBoost,region_a
2023-08-09 07:00:00,5593.16,5809.061,XGBoost,region_a
2023-08-09 08:00:00,6095.36,6186.6724,XGBoost,region_a
2023-08-09 09:00:00,5820.18,6045.8823,XGBoost,region_a
2023-08-09 10:00:00,5735.98,5823.9844,XGBoost,region_a
2023-08-09 11:00:00,5230.66,5369.0137,XGBoost,region_a
2023-08-09 12:00:00,5002.97,5253.9478,XGBoost,region_a
2023-08-09 13:00:00,4825.96,5037.0596,XGBoost,region_a
2023-08-09 14:00:00,5002.91,5223.3022,XGBoost,region_a
2023-08-09 15:00:00,5373.11,5483.821,XGBoost,region_a
2023-08-09 16:00:00,5747.53,5846.709,XGBoost,region_a
2023-08-09 17:00:00,6111.49,6382.7603,XGBoost,region_a
2023-08-09 18:00:00,6965.99,6869.162,XGBoost,region_a
2023-08-09 19:00:00,7015.22,7140.1597,XGBoost,region_a
2023-08-09 20:00:00,6881.22,6878.7163,XGBoost,region_a
2023-08-09 21:00:00,6286.22,6198.757,XGBoost,region_a
2023-08-09 22:00:00,5418.99,5625.457,XGBoost,region_a
2023-08-09 23:00:00,4778.08,4989.1655,XGBoost,region_a
2023-08-10 00:00:00,4032.98,4104.2866,XGBoost,region_a
2023-08-10 01:00:00,3760.74,3714.3079,XGBoost,region_a
2023-08-10 02:00:00,3392.77,3463.2656,XGBoost,region_a
2023-08-10 03:00:00,3362.87,3381.2197,XGBoost,region_a
2023-08-10 04:00:00,3650.93,3663.2327,XGBoost,region_a
2023-08-10 05:00:00,4231.5,4320.8877,XGBoost,region_a
2023-08-10 06:00:00,4970.45,5032.278,XGBoost,region_a
2023-08-10 07:00:00,5757.08,5714.561,XGBoost,region_a
2023-08-10 08:00:00,6168.26,6161.872,XGBoost,region_a
2023-08-10 09:00:00,6037.87,6003.264,XGBoost,region_a
2023-08-10 10:00:00,5613.92,5880.7812,XGBoost,region_a
2023-08-10 11:00:00,5131.71,5393.1533,XGBoost,region_a
2023-08-10 12:00:00,5066.38,5104.1597,XGBoost,region_a
2023-08-10 13:00:00,5229.27,5191.939,XGBoost,region_a
2023-08-10 14:00:00,5227.13,5472.267,XGBoost,region_a
2023-08-10 15:00:00,5556.9,5638.227,XGBoost,region_a
2023-08-10 16:00:00,6166.55,5981.448,XGBoost,region_a
2023-08-10 17:00:00,6510.03,6636.0625,XGBoost,region_a
2023-08-10 18:00:00,7112.45,7106.8438,XGBoost,region_a
2023-08-10 19:00:00,7320.43,7202.1357,XGBoost,region_a
2023-08-10 20:00:00,6950.57,6948.864,XGBoost,region_a
2023-08-10 21:00:00,6241.64,6314.1064,XGBoost,region_a
2023-08-10 22:00:00,5600.91,5679.034,XGBoost,region_a
2023-08-10 23:00:00,4903.23,4996.911,XGBoost,region_a
2023-08-11 00:00:00,3892.41,4046.186,XGBoost,region_a
2023-08-11 01:00:00,3681.34,3639.0242,XGBoost,region_a
2023-08-11 02:00:00,3524.68,3475.935,XGBoost,region_a
2023-08-11 03:00:00,3407.27,3487.522,XGBoost,region_a
2023-08-11 04:00:00,3613.72,3678.3174,XGBoost,region_a
2023-08-11 05:00:00,4225.11,4281.4814,XGBoost,region_a
2023-08-11 06:00:00,4924.35,5031.9165,XGBoost,region_a
2023-08-11 07:00:00,5696.28,5749.075,XGBoost,region_a
2023-08-11 08:00:00,6072.18,6205.5796,XGBoost,region_a
2023-08-11 09:00:00,6023.79,6109.1553,XGBoost,region_a
2023-08-11 10:00:00,5716.63,5825.9287,XGBoost,region_a
2023-08-11 11:00:00,5283.91,5452.9727,XGBoost,region_a
2023-08-11 12:00:00,5229.04,5231.447,XGBoost,region_a
2023-08-11 13:00:00,5108.5,5267.071,XGBoost,region_a
2023-08-11 14:00:00,5198.81,5371.0454,XGBoost,region_a
2023-08-11 15:00:00,5724.17,5658.89,XGBoost,region_a
2023-08-11 16:00:00,6158.64,6264.2715,XGBoost,region_a
2023-08-11 17:00:00,6824.41,6667.1577,XGBoost,region_a
2023-08-11 18:00:00,7327.8,7303.8643,XGBoost,region_a
2023-08-11 19:00:00,7463.87,7549.463,XGBoost,region_a
2023-08-11 20:00:00,7031.4,7106.525,XGBoost,region_a
2023-08-11 21:00:00,6512.76,6305.9897,XGBoost,region_a
2023-08-11 22:00:00,5544.72,5726.8584,XGBoost,region_a
2023-08-11 23:00:00,4858.77,5010.337,XGBoost,region_a
2023-08-12 00:00:00,3786.03,3733.4983,XGBoost,region_a
2023-08-12 01:00:00,3531.93,3480.729,XGBoost,region_a
2023-08-12 02:00:00,3208.78,3201.3594,XGBoost,region_a
2023-08-12 03:00:00,3105.36,3138.118,XGBoost,region_a
2023-08-12 04:00:00,3254.57,3373.787,XGBoost,region_a
2023-08-12 05:00:00,3929.69,4001.6226,XGBoost,region_a
2023-08-12 06:00:00,4505.62,4581.612,XGBoost,region_a
2023-08-12 07:00:00,5151.44,5170.6895,XGBoost,region_a
2023-08-12 08:00:00,5590.17,5480.376,XGBoost,region_a
2023-08-12 09:00:00,5562.17,5637.695,XGBoost,region_a
2023-08-12 10:00:00,5373.34,5264.025,XGBoost,region_a
2023-08-12 11:00:00,5101.17,5086.894,XGBoost,region_a
2023-08-12 12:00:00,4844.54,4807.6265,XGBoost,region_a
2023-08-12 13:00:00,4927.06,4853.403,XGBoost,region_a
2023-08-12 14:00:00,5043.12,5067.657,XGBoost,region_a
2023-08-12 15:00:00,5192.6,5346.8384,XGBoost,region_a
2023-08-12 16:00:00,5822.15,5790.826,XGBoost,region_a
2023-08-12 17:00:00,6355.24,6512.6357,XGBoost,region_a
2023-08-12 18:00:00,6694.71,6922.9375,XGBoost,region_a
2023-08-12 19:00:00,6871.85,7035.289,XGBoost,region_a
2023-08-12 20:00:00,6528.2,6691.0576,XGBoost,region_a
2023-08-12 21:00:00,5858.27,5956.2534,XGBoost,region_a
2023-08-12 22:00:00,5341.02,5200.7407,XGBoost,region_a
2023-08-12 23:00:00,4623.59,4673.8965,XGBoost,region_a
2023-08-13 00:00:00,3761.35,3774.8977,XGBoost,region_a
2023-08-13 01:00:00,3439.5,3449.6853,XGBoost,region_a
2023-08-13 02:00:00,3189.5,3209.196,XGBoost,region_a
2023-08-13 03:00:00,3102.2,3147.1917,XGBoost,region_a
2023-08-13 04:00:00,3425.8,3351.5452,XGBoost,region_a
2023-08-13 05:00:00,3798.01,3918.802,XGBoost,region_a
2023-08-13 06:00:00,4522.97,4533.196,XGBoost,region_a
2023-08-13 07:00:00,5342.95,5152.2236,XGBoost,region_a
2023-08-13 08:00:00,5386.77,5570.76,XGBoost,region_a
2023-08-13 09:00:00,5400.99,5603.3804,XGBoost,region_a
2023-08-13 10:00:00,5319.59,5281.0654,XGBoost,region_a
2023-08-13 11:00:00,4998.34,5049.7915,XGBoost,region_a
2023-08-13 12:00:00,4648.5,4917.7407,XGBoost,region_a
2023-08-13 13:00:00,4570.27,4838.982,XGBoost,region_a
2023-08-13 14:00:00,4778.33,4928.4517,XGBoost,region_a
2023-08-13 15:00:00,5146.68,5177.325,XGBoost,region_a
2023-08-13 16:00:00,5582.65,5763.6206,XGBoost,region_a
2023-08-13 17:00:00,6178.17,6442.46,XGBoost,region_a
2023-08-13 18:00:00,7032.78,6784.833,XGBoost,region_a
2023-08-13 19:00:00,6827.19,6891.62,XGBoost,region_a
2023-08-13 20:00:00,6528.37,6510.349,XGBoost,region_a
2023-08-13 21:00:00,5846.17,5844.683,XGBoost,region_a
2023-08-13 22:00:00,5255.76,5180.289,XGBoost,region_a
2023-08-13 23:00:00,4495.59,4597.373,XGBoost,region_a
2023-08-14 00:00:00,3874.76,4034.145,XGBoost,region_a
2023-08-14 01:00:00,3661.5,3613.2402,XGBoost,region_a
2023-08-14 02:00:00,3349.24,3442.6826,XGBoost,region_a
2023-08-14 03:00:00,3474.26,3382.7378,XGBoost,region_a
2023-08-14 04:00:00,3619.37,3682.173,XGBoost,region_a
2023-08-14 05:00:00,4308.57,4285.7354,XGBoost,region_a
2023-08-14 06:00:00,4533.632307692307,5060.2705,XGBoost,region_a
2023-08-14 07:00:00,4758.694615384615,5443.959,XGBoost,region_a
2023-08-14 08:00:00,4983.756923076923,5648.458,XGBoost,region_a
2023-08-14 09:00:00,5208.819230769231,5716.217,XGBoost,region_a
2023-08-14 10:00:00,5433.881538461538,5575.81,XGBoost,region_a
2023-08-14 11:00:00,5658.943846153846,5109.7085,XGBoost,region_a
2023-08-14 12:00:00,5884.006153846154,5393.216,XGBoost,region_a
2023-08-14 13:00:00,6109.068461538462,5510.6895,XGBoost,region_a
2023-08-14 14:00:00,6334.130769230769,5847.0054,XGBoost,region_a
2023-08-14 15:00:00,6559.193076923077,6111.507,XGBoost,region_a
2023-08-14 16:00:00,6784.255384615384,6604.084,XGBoost,region_a
2023-08-14 17:00:00,7009.317692307692,7118.8447,XGBoost,region_a
2023-08-14 18:00:00,7234.38,7494.5913,XGBoost,region_a
2023-08-14 19:00:00,7342.06,7480.3545,XGBoost,region_a
2023-08-14 20:00:00,6898.79,6870.5605,XGBoost,region_a
2023-08-14 21:00:00,6026.11,6104.3447,XGBoost,region_a
2023-08-14 22:00:00,5335.0,5561.168,XGBoost,region_a
2023-08-14 23:00:00,4937.02,4902.7207,XGBoost,region_a
2023-08-15 00:00:00,4152.395,3996.1296,XGBoost,region_a
2023-08-15 01:00:00,3367.77,3594.3323,XGBoost,region_a
2023-08-15 02:00:00,3096.53,3145.2156,XGBoost,region_a
2023-08-15 03:00:00,2985.47,3039.004,XGBoost,region_a
2023-08-15 04:00:00,3265.28,3272.2363,XGBoost,region_a
2023-08-15 05:00:00,3667.89,3844.8594,XGBoost,region_a
2023-08-15 06:00:00,4404.92,4410.524,XGBoost,region_a
2023-08-15 07:00:00,5039.89,5028.5205,XGBoost,region_a
2023-08-15 08:00:00,5149.36,5524.494,XGBoost,region_a
2023-08-15 09:00:00,5105.4,5204.9443,XGBoost,region_a
2023-08-15 10:00:00,4800.7,4852.118,XGBoost,region_a
2023-08-15 11:00:00,4490.79,4525.5845,XGBoost,region_a
2023-08-15 12:00:00,4413.76,4753.82,XGBoost,region_a
2023-08-15 13:00:00,4507.53,4684.5254,XGBoost,region_a
2023-08-15 14:00:00,4493.88,5021.761,XGBoost,region_a
2023-08-15 15:00:00,4859.88,5100.729,XGBoost,region_a
2023-08-15 16:00:00,5312.3,5427.162,XGBoost,region_a
2023-08-15 17:00:00,5843.51,5976.7437,XGBoost,region_a
2023-08-15 18:00:00,6379.46,6476.66,XGBoost,region_a
2023-08-15 19:00:00,6421.38,6710.706,XGBoost,region_a
2023-08-15 20:00:00,6350.75,6364.155,XGBoost,region_a
2023-08-15 21:00:00,5619.39,5633.5234,XGBoost,region_a
2023-08-15 22:00:00,5007.82,4953.8916,XGBoost,region_a
2023-08-15 23:00:00,4336.32,4500.785,XGBoost,region_a
2023-08-16 00:00:00,4051.95,4039.076,XGBoost,region_a
2023-08-16 01:00:00,3703.97,3704.6921,XGBoost,region_a
2023-08-16 02:00:00,3412.16,3452.3577,XGBoost,region_a
2023-08-16 03:00:00,3181.14,3407.0579,XGBoost,region_a
2023-08-16 04:00:00,3666.43,3581.237,XGBoost,region_a
2023-08-16 05:00:00,4359.14,4134.738,XGBoost,region_a
2023-08-16 06:00:00,4969.49,4964.9814,XGBoost,region_a
2023-08-16 07:00:00,5667.9,5443.21,XGBoost,region_a
2023-08-16 08:00:00,6261.14,6101.466,XGBoost,region_a
2023-08-16 09:00:00,6035.37,5894.7017,XGBoost,region_a
2023-08-16 10:00:00,6057.78,5861.361,XGBoost,region_a
2023-08-16 11:00:00,5863.24,5563.7886,XGBoost,region_a
2023-08-16 12:00:00,5396.22,5442.3013,XGBoost,region_a
2023-08-16 13:00:00,5392.84,5212.256,XGBoost,region_a
2023-08-16 14:00:00,5297.97,5520.2363,XGBoost,region_a
2023-08-16 15:00:00,5812.99,5616.166,XGBoost,region_a
2023-08-16 16:00:00,6484.64,6189.8735,XGBoost,region_a
2023-08-16 17:00:00,7130.81,6433.77,XGBoost,region_a
2023-08-16 18:00:00,7262.81,7214.2754,XGBoost,region_a
2023-08-16 19:00:00,7404.15,6861.1934,XGBoost,region_a
2023-08-16 20:00:00,7020.01,6777.2544,XGBoost,region_a
2023-08-16 21:00:00,5951.68,6094.233,XGBoost,region_a
2023-08-16 22:00:00,5614.05,5190.8994,XGBoost,region_a
2023-08-16 23:00:00,4878.47,4841.4277,XGBoost,region_a
2023-08-17 00:00:00,4026.05,4046.178,XGBoost,region_a
2023-08-17 01:00:00,3649.66,3722.7703,XGBoost,region_a
2023-08-17 02:00:00,3573.97,3449.2488,XGBoost,region_a
2023-08-17 03:00:00,3321.66,3419.3862,XGBoost,region_a
2023-08-17 04:00:00,3615.35,3675.0095,XGBoost,region_a
2023-08-17 05:00:00,4130.6,4296.1104,XGBoost,region_a
2023-08-17 06:00:00,4923.77,4981.1655,XGBoost,region_a
2023-08-17 07:00:00,5741.78,5699.966,XGBoost,region_a
2023-08-17 08:00:00,6165.15,6174.1743,XGBoost,region_a
2023-08-17 09:00:00,6176.1,6060.4146,XGBoost,region_a
2023-08-17 10:00:00,5912.56,5964.711,XGBoost,region_a
2023-08-17 11:00:00,5671.79,5695.3906,XGBoost,region_a
2023-08-17 12:00:00,5421.03,5415.113,XGBoost,region_a
2023-08-17 13:00:00,5490.32,5405.496,XGBoost,region_a
2023-08-17 14:00:00,5353.47,5389.9355,XGBoost,region_a
2023-08-17 15:00:00,5536.07,5706.399,XGBoost,region_a
2023-08-17 16:00:00,5875.43,6073.8584,XGBoost,region_a
2023-08-17 17:00:00,6703.86,6617.755,XGBoost,region_a
2023-08-17 18:00:00,7237.67,7228.465,XGBoost,region_a
2023-08-17 19:00:00,7122.53,7275.203,XGBoost,region_a
2023-08-17 20:00:00,6840.53,6909.82,XGBoost,region_a
2023-08-17 21:00:00,6073.14,6032.9697,XGBoost,region_a
2023-08-17 22:00:00,5387.73,5458.544,XGBoost,region_a
2023-08-17 23:00:00,4919.37,4926.0024,XGBoost,region_a
2023-08-18 00:00:00,3998.55,4019.84,XGBoost,region_a
2023-08-18 01:00:00,3594.06,3697.3643,XGBoost,region_a
2023-08-18 02:00:00,3345.06,3454.5667,XGBoost,region_a
2023-08-18 03:00:00,3308.9,3380.0813,XGBoost,region_a
2023-08-18 04:00:00,3668.83,3668.7415,XGBoost,region_a
2023-08-18 05:00:00,4325.84,4243.9155,XGBoost,region_a
2023-08-18 06:00:00,5014.99,5046.209,XGBoost,region_a
2023-08-18 07:00:00,5657.15,5764.348,XGBoost,region_a
2023-08-18 08:00:00,6031.52,6296.7715,XGBoost,region_a
2023-08-18 09:00:00,6024.45,6074.6562,XGBoost,region_a
2023-08-18 10:00:00,5659.43,5768.7583,XGBoost,region_a
2023-08-18 11:00:00,5418.21,5444.091,XGBoost,region_a
2023-08-18 12:00:00,5262.1,5349.4316,XGBoost,region_a
2023-08-18 13:00:00,5038.0,5345.073,XGBoost,region_a
2023-08-18 14:00:00,5295.66,5280.011,XGBoost,region_a
2023-08-18 15:00:00,5674.18,5648.7573,XGBoost,region_a
2023-08-18 16:00:00,6201.79,6165.5073,XGBoost,region_a
2023-08-18 17:00:00,6652.54,6869.821,XGBoost,region_a
2023-08-18 18:00:00,7201.78,7286.442,XGBoost,region_a
2023-08-18 19:00:00,7475.06,7357.5635,XGBoost,region_a
2023-08-18 20:00:00,7232.21,7056.5894,XGBoost,region_a
2023-08-18 21:00:00,6464.2,6278.1245,XGBoost,region_a
2023-08-18 22:00:00,5368.17,5580.1934,XGBoost,region_a
2023-08-18 23:00:00,4852.92,4917.904,XGBoost,region_a
2023-08-19 00:00:00,3752.11,3747.312,XGBoost,region_a
2023-08-19 01:00:00,3424.05,3451.6328,XGBoost,region_a
2023-08-19 02:00:00,3170.67,3203.1672,XGBoost,region_a
2023-08-19 03:00:00,3117.5,3142.0042,XGBoost,region_a
2023-08-19 04:00:00,3369.67,3388.9158,XGBoost,region_a
2023-08-19 05:00:00,3874.42,3970.2048,XGBoost,region_a
2023-08-19 06:00:00,4534.52,4605.729,XGBoost,region_a
2023-08-19 07:00:00,5393.12,5112.952,XGBoost,region_a
2023-08-19 08:00:00,5436.28,5543.304,XGBoost,region_a
2023-08-19 09:00:00,5565.28,5475.1846,XGBoost,region_a
2023-08-19 10:00:00,5164.77,5234.31,XGBoost,region_a
2023-08-19 11:00:00,4971.82,4962.0796,XGBoost,region_a
2023-08-19 12:00:00,4881.28,4797.6245,XGBoost,region_a
2023-08-19 13:00:00,4648.33,4895.378,XGBoost,region_a
2023-08-19 14:00:00,4887.23,4855.129,XGBoost,region_a
2023-08-19 15:00:00,5317.71,5184.9385,XGBoost,region_a
2023-08-19 16:00:00,5745.26,5800.4854,XGBoost,region_a
2023-08-19 17:00:00,6475.42,6448.0537,XGBoost,region_a
2023-08-19 18:00:00,6957.3,6886.067,XGBoost,region_a
2023-08-19 19:00:00,7088.72,7072.482,XGBoost,region_a
2023-08-19 20:00:00,6518.94,6733.693,XGBoost,region_a
2023-08-19 21:00:00,5970.36,5921.4375,XGBoost,region_a
2023-08-19 22:00:00,5144.98,5191.3135,XGBoost,region_a
2023-08-19 23:00:00,4645.71,4621.8857,XGBoost,region_a
2023-08-20 00:00:00,3789.88,3783.3474,XGBoost,region_a
2023-08-20 01:00:00,3406.7,3409.631,XGBoost,region_a
2023-08-20 02:00:00,3251.59,3212.4128,XGBoost,region_a
2023-08-20 03:00:00,3085.16,3160.1729,XGBoost,region_a
2023-08-20 04:00:00,3375.4,3392.7842,XGBoost,region_a
2023-08-20 05:00:00,3866.26,3845.1538,XGBoost,region_a
2023-08-20 06:00:00,4717.09,4591.61,XGBoost,region_a
2023-08-20 07:00:00,5131.08,5339.3174,XGBoost,region_a
2023-08-20 08:00:00,5657.92,5500.836,XGBoost,region_a
2023-08-20 09:00:00,5488.63,5467.6553,XGBoost,region_a
2023-08-20 10:00:00,5241.02,5192.367,XGBoost,region_a
2023-08-20 11:00:00,4603.38,4928.985,XGBoost,region_a
2023-08-20 12:00:00,4583.41,4644.0425,XGBoost,region_a
2023-08-20 13:00:00,4691.31,4637.0586,XGBoost,region_a
2023-08-20 14:00:00,4806.91,4817.532,XGBoost,region_a
2023-08-20 15:00:00,5081.75,5154.2637,XGBoost,region_a
2023-08-20 16:00:00,5586.16,5624.122,XGBoost,region_a
2023-08-20 17:00:00,6257.41,6349.4897,XGBoost,region_a
2023-08-20 18:00:00,6618.4,6712.367,XGBoost,region_a
2023-08-20 19:00:00,6865.32,6791.1616,XGBoost,region_a
2023-08-20 20:00:00,6554.46,6518.3423,XGBoost,region_a
2023-08-20 21:00:00,5713.22,5854.2437,XGBoost,region_a
2023-08-20 22:00:00,5021.7,5069.8364,XGBoost,region_a
2023-08-20 23:00:00,4721.21,4637.647,XGBoost,region_a
2023-08-21 00:00:00,4020.91,4023.0884,XGBoost,region_a
2023-08-21 01:00:00,3733.18,3709.1304,XGBoost,region_a
2023-08-21 02:00:00,3545.75,3467.8486,XGBoost,region_a
2023-08-21 03:00:00,3370.64,3431.1182,XGBoost,region_a
2023-08-21 04:00:00,3630.52,3683.3247,XGBoost,region_a
2023-08-21 05:00:00,4356.65,4259.962,XGBoost,region_a
2023-08-21 06:00:00,5034.68,5024.2,XGBoost,region_a
2023-08-21 07:00:00,5733.53,5430.238,XGBoost,region_a
2023-08-21 08:00:00,6259.23,5865.095,XGBoost,region_a
2023-08-21 09:00:00,5982.03,5870.255,XGBoost,region_a
2023-08-21 10:00:00,6037.0,5609.3125,XGBoost,region_a
2023-08-21 11:00:00,5470.94,5711.6343,XGBoost,region_a
2023-08-21 12:00:00,5528.19,5406.3604,XGBoost,region_a
2023-08-21 13:00:00,5090.26,5474.338,XGBoost,region_a
2023-08-21 14:00:00,5398.33,5539.031,XGBoost,region_a
2023-08-21 15:00:00,5907.34,5907.989,XGBoost,region_a
2023-08-21 16:00:00,6070.32,6655.634,XGBoost,region_a
2023-08-21 17:00:00,6586.32,6861.856,XGBoost,region_a
2023-08-21 18:00:00,7223.05,7313.793,XGBoost,region_a
2023-08-21 19:00:00,7569.53,7442.8604,XGBoost,region_a
2023-08-21 20:00:00,6995.57,7179.9473,XGBoost,region_a
2023-08-21 21:00:00,6511.25,6316.0557,XGBoost,region_a
2023-08-21 22:00:00,5515.51,5607.237,XGBoost,region_a
2023-08-21 23:00:00,4935.54,5019.446,XGBoost,region_a
2023-08-22 00:00:00,4030.93,4048.6653,XGBoost,region_a
2023-08-22 01:00:00,3629.22,3699.0503,XGBoost,region_a
2023-08-22 02:00:00,3369.93,3410.9338,XGBoost,region_a
2023-08-22 03:00:00,3319.13,3335.695,XGBoost,region_a
2023-08-22 04:00:00,3585.45,3561.3093,XGBoost,region_a
2023-08-22 05:00:00,4240.55,4111.696,XGBoost,region_a
2023-08-22 06:00:00,5007.69,4904.4033,XGBoost,region_a
2023-08-22 07:00:00,5871.56,5514.448,XGBoost,region_a
2023-08-22 08:00:00,6319.84,5832.188,XGBoost,region_a
2023-08-22 09:00:00,6238.37,5906.683,XGBoost,region_a
2023-08-22 10:00:00,5971.03,5924.4683,XGBoost,region_a
2023-08-22 11:00:00,5559.88,5708.4507,XGBoost,region_a
2023-08-22 12:00:00,5818.82,5602.6846,XGBoost,region_a
2023-08-22 13:00:00,5693.0,5455.261,XGBoost,region_a
2023-08-22 14:00:00,5821.68,5769.4785,XGBoost,region_a
2023-08-22 15:00:00,6066.34,6136.349,XGBoost,region_a
2023-08-22 16:00:00,6666.2,6332.296,XGBoost,region_a
2023-08-22 17:00:00,7138.16,7208.4126,XGBoost,region_a
2023-08-22 18:00:00,8175.51,7610.5,XGBoost,region_a
2023-08-22 19:00:00,8032.95,7961.3306,XGBoost,region_a
2023-08-22 20:00:00,7513.35,7373.3027,XGBoost,region_a
2023-08-22 21:00:00,6682.85,6494.573,XGBoost,region_a
2023-08-22 22:00:00,5927.16,5782.55,XGBoost,region_a
2023-08-22 23:00:00,5113.49,5030.571,XGBoost,region_a
2023-08-23 00:00:00,3904.32,4055.7517,XGBoost,region_a
2023-08-23 01:00:00,3832.81,3647.7324,XGBoost,region_a
2023-08-23 02:00:00,3328.5,3466.1042,XGBoost,region_a
2023-08-23 03:00:00,3313.53,3298.7249,XGBoost,region_a
2023-08-23 04:00:00,3619.26,3626.3901,XGBoost,region_a
2023-08-23 05:00:00,4379.01,4387.0864,XGBoost,region_a
2023-08-23 06:00:00,5222.13,5185.258,XGBoost,region_a
2023-08-23 07:00:00,5742.02,5948.2583,XGBoost,region_a
2023-08-23 08:00:00,6218.87,6374.754,XGBoost,region_a
2023-08-23 09:00:00,6672.24,6234.064,XGBoost,region_a
2023-08-23 10:00:00,6241.68,6227.647,XGBoost,region_a
2023-08-23 11:00:00,5811.12,5760.7446,XGBoost,region_a
2023-08-23 12:00:00,5748.87,5660.939,XGBoost,region_a
2023-08-23 13:00:00,5717.3150000000005,5576.5513,XGBoost,region_a
2023-08-23 14:00:00,5685.76,5672.2217,XGBoost,region_a
2023-08-23 15:00:00,6127.46,6289.956,XGBoost,region_a
2023-08-23 16:00:00,6737.59,6645.661,XGBoost,region_a
2023-08-23 17:00:00,6949.74,7374.0005,XGBoost,region_a
2023-08-23 18:00:00,7743.91,7684.8916,XGBoost,region_a
2023-08-23 19:00:00,8136.34,7950.6367,XGBoost,region_a
2023-08-23 20:00:00,7712.81,7567.6,XGBoost,region_a
2023-08-23 21:00:00,6946.37,6891.5474,XGBoost,region_a
2023-08-23 22:00:00,5911.56,5957.667,XGBoost,region_a
2023-08-23 23:00:00,5245.92,5230.5625,XGBoost,region_a
2023-08-24 00:00:00,4284.81,4184.5376,XGBoost,region_a
2023-08-24 01:00:00,3881.45,3976.7126,XGBoost,region_a
2023-08-24 02:00:00,3505.79,3628.4592,XGBoost,region_a
2023-08-24 03:00:00,3512.28,3524.4272,XGBoost,region_a
2023-08-24 04:00:00,3858.49,3849.4949,XGBoost,region_a
2023-08-24 05:00:00,4525.56,4413.4995,XGBoost,region_a
2023-08-24 06:00:00,5234.51,5286.9556,XGBoost,region_a
2023-08-24 07:00:00,6048.24,5984.831,XGBoost,region_a
2023-08-24 08:00:00,6420.91,6446.0776,XGBoost,region_a
2023-08-24 09:00:00,6682.47,6517.783,XGBoost,region_a
2023-08-24 10:00:00,6377.43,6369.971,XGBoost,region_a
2023-08-24 11:00:00,5939.67,5875.4395,XGBoost,region_a
2023-08-24 12:00:00,5766.73,5703.705,XGBoost,region_a
2023-08-24 13:00:00,5703.7,5769.7266,XGBoost,region_a
2023-08-24 14:00:00,5769.23,5750.876,XGBoost,region_a
2023-08-24 15:00:00,5974.74,6254.782,XGBoost,region_a
2023-08-24 16:00:00,6705.1,6667.7764,XGBoost,region_a
2023-08-24 17:00:00,7173.55,7332.802,XGBoost,region_a
2023-08-24 18:00:00,7649.58,7857.3896,XGBoost,region_a
2023-08-24 19:00:00,8072.29,7917.087,XGBoost,region_a
2023-08-24 20:00:00,7328.93,7563.8325,XGBoost,region_a
2023-08-24 21:00:00,6468.2,6686.444,XGBoost,region_a
2023-08-24 22:00:00,5931.33,5756.914,XGBoost,region_a
2023-08-24 23:00:00,5060.3,5257.8965,XGBoost,region_a
2023-08-25 00:00:00,4063.21,4224.268,XGBoost,region_a
2023-08-25 01:00:00,3698.16,3766.243,XGBoost,region_a
2023-08-25 02:00:00,3387.92,3459.2156,XGBoost,region_a
2023-08-25 03:00:00,3297.59,3474.439,XGBoost,region_a
2023-08-25 04:00:00,3784.88,3770.319,XGBoost,region_a
2023-08-25 05:00:00,4375.2,4476.5264,XGBoost,region_a
2023-08-25 06:00:00,5414.79,5279.787,XGBoost,region_a
2023-08-25 07:00:00,6236.15,6179.863,XGBoost,region_a
2023-08-25 08:00:00,6695.54,6613.5635,XGBoost,region_a
2023-08-25 09:00:00,6602.93,6818.476,XGBoost,region_a
2023-08-25 10:00:00,6158.53,6335.9785,XGBoost,region_a
2023-08-25 11:00:00,6276.71,5918.8906,XGBoost,region_a
2023-08-25 12:00:00,5805.47,5791.7373,XGBoost,region_a
2023-08-25 13:00:00,5825.89,5648.4463,XGBoost,region_a
2023-08-25 14:00:00,5723.56,5695.3296,XGBoost,region_a
2023-08-25 15:00:00,6369.2,5993.2695,XGBoost,region_a
2023-08-25 16:00:00,6666.43,6693.142,XGBoost,region_a
2023-08-25 17:00:00,7102.43,7369.2705,XGBoost,region_a
2023-08-25 18:00:00,8002.84,7688.0264,XGBoost,region_a
2023-08-25 19:00:00,7637.96,8098.9873,XGBoost,region_a
2023-08-25 20:00:00,7174.5,7374.9385,XGBoost,region_a
2023-08-25 21:00:00,6439.17,6307.87,XGBoost,region_a
2023-08-25 22:00:00,5704.24,5446.6655,XGBoost,region_a
2023-08-25 23:00:00,4903.2,4949.6426,XGBoost,region_a
2023-08-26 00:00:00,3745.88,3749.4695,XGBoost,region_a
2023-08-26 01:00:00,3522.63,3469.3,XGBoost,region_a
2023-08-26 02:00:00,3229.47,3194.0613,XGBoost,region_a
2023-08-26 03:00:00,3172.42,3131.2012,XGBoost,region_a
2023-08-26 04:00:00,3474.62,3431.1807,XGBoost,region_a
2023-08-26 05:00:00,4043.95,3968.5356,XGBoost,region_a
2023-08-26 06:00:00,4658.13,4733.889,XGBoost,region_a
2023-08-26 07:00:00,5184.28,5146.4663,XGBoost,region_a
2023-08-26 08:00:00,5437.19,5528.274,XGBoost,region_a
2023-08-26 09:00:00,5324.71,5539.126,XGBoost,region_a
2023-08-26 10:00:00,5200.04,5259.086,XGBoost,region_a
2023-08-26 11:00:00,5000.82,4901.5757,XGBoost,region_a
2023-08-26 12:00:00,4833.58,4906.6846,XGBoost,region_a
2023-08-26 13:00:00,4752.24,4785.566,XGBoost,region_a
2023-08-26 14:00:00,5060.25,4937.175,XGBoost,region_a
2023-08-26 15:00:00,5342.28,5405.8765,XGBoost,region_a
2023-08-26 16:00:00,5971.5,5885.528,XGBoost,region_a
2023-08-26 17:00:00,6817.09,6630.0386,XGBoost,region_a
2023-08-26 18:00:00,7061.16,7142.3286,XGBoost,region_a
2023-08-26 19:00:00,7297.01,7199.9727,XGBoost,region_a
2023-08-26 20:00:00,6934.48,6890.5303,XGBoost,region_a
2023-08-26 21:00:00,5930.54,5816.288,XGBoost,region_a
2023-08-26 22:00:00,5442.18,4871.369,XGBoost,region_a
2023-08-26 23:00:00,4787.29,4734.3643,XGBoost,region_a
2023-08-27 00:00:00,3697.2,3780.2336,XGBoost,region_a
2023-08-27 01:00:00,3373.74,3437.4924,XGBoost,region_a
2023-08-27 02:00:00,3179.18,3232.8792,XGBoost,region_a
2023-08-27 03:00:00,3166.75,3152.2117,XGBoost,region_a
2023-08-27 04:00:00,3296.53,3395.497,XGBoost,region_a
2023-08-27 05:00:00,3902.42,3986.1975,XGBoost,region_a
2023-08-27 06:00:00,4573.48,4682.15,XGBoost,region_a
2023-08-27 07:00:00,5120.54,5146.328,XGBoost,region_a
2023-08-27 08:00:00,5419.88,5480.635,XGBoost,region_a
2023-08-27 09:00:00,5356.16,5392.945,XGBoost,region_a
2023-08-27 10:00:00,5167.05,5116.7334,XGBoost,region_a
2023-08-27 11:00:00,5035.14,4943.0435,XGBoost,region_a
2023-08-27 12:00:00,4842.05,4864.57,XGBoost,region_a
2023-08-27 13:00:00,4809.3,4815.8013,XGBoost,region_a
2023-08-27 14:00:00,4892.16,4878.932,XGBoost,region_a
2023-08-27 15:00:00,5253.3,5259.2705,XGBoost,region_a
2023-08-27 16:00:00,5909.89,5839.098,XGBoost,region_a
2023-08-27 17:00:00,6148.55,6429.811,XGBoost,region_a
2023-08-27 18:00:00,6530.11,6821.332,XGBoost,region_a
2023-08-27 19:00:00,7163.04,6931.9404,XGBoost,region_a
2023-08-27 20:00:00,6643.58,6673.111,XGBoost,region_a
2023-08-27 21:00:00,5732.84,5827.222,XGBoost,region_a
2023-08-27 22:00:00,5144.37,4719.455,XGBoost,region_a
2023-08-27 23:00:00,4592.07,4641.746,XGBoost,region_a
2023-08-28 00:00:00,3975.25,4000.415,XGBoost,region_a
2023-08-28 01:00:00,3844.46,3681.0427,XGBoost,region_a
2023-08-28 02:00:00,3612.09,3465.2534,XGBoost,region_a
2023-08-28 03:00:00,3320.65,3429.5718,XGBoost,region_a
2023-08-28 04:00:00,3641.26,3662.0894,XGBoost,region_a
2023-08-28 05:00:00,4252.57,4297.52,XGBoost,region_a
2023-08-28 06:00:00,4905.42,5063.668,XGBoost,region_a
2023-08-28 07:00:00,6004.55,5594.9575,XGBoost,region_a
2023-08-28 08:00:00,5943.96,6180.6196,XGBoost,region_a
2023-08-28 09:00:00,6181.52,5907.643,XGBoost,region_a
2023-08-28 10:00:00,5953.28,5761.08,XGBoost,region_a
2023-08-28 11:00:00,5496.01,5494.761,XGBoost,region_a
2023-08-28 12:00:00,5246.15,5379.099,XGBoost,region_a
2023-08-28 13:00:00,5336.68,5149.0215,XGBoost,region_a
2023-08-28 14:00:00,5213.37,5368.8213,XGBoost,region_a
2023-08-28 15:00:00,5477.99,5591.2627,XGBoost,region_a
2023-08-28 16:00:00,6177.1,6095.728,XGBoost,region_a
2023-08-28 17:00:00,6933.79,6786.858,XGBoost,region_a
2023-08-28 18:00:00,7463.12,7143.994,XGBoost,region_a
2023-08-28 19:00:00,7151.65,7602.169,XGBoost,region_a
2023-08-28 20:00:00,7181.91,7114.041,XGBoost,region_a
2023-08-28 21:00:00,6319.25,6298.43,XGBoost,region_a
2023-08-28 22:00:00,5571.48,5269.1016,XGBoost,region_a
2023-08-28 23:00:00,4902.8,4904.9175,XGBoost,region_a
2023-08-29 00:00:00,4073.07,4020.6829,XGBoost,region_a
2023-08-29 01:00:00,3804.43,3732.0144,XGBoost,region_a
2023-08-29 02:00:00,3461.55,3497.2043,XGBoost,region_a
2023-08-29 03:00:00,3350.84,3403.3657,XGBoost,region_a
2023-08-29 04:00:00,3725.35,3655.41,XGBoost,region_a
2023-08-29 05:00:00,4196.3,4237.286,XGBoost,region_a
2023-08-29 06:00:00,4834.94,4908.474,XGBoost,region_a
2023-08-29 07:00:00,5932.62,5602.4873,XGBoost,region_a
2023-08-29 08:00:00,6102.33,6011.198,XGBoost,region_a
2023-08-29 09:00:00,6378.91,6216.5435,XGBoost,region_a
2023-08-29 10:00:00,5871.57,5873.3086,XGBoost,region_a
2023-08-29 11:00:00,5810.72,5484.177,XGBoost,region_a
2023-08-29 12:00:00,5531.95,5399.681,XGBoost,region_a
2023-08-29 13:00:00,5303.23,5399.0405,XGBoost,region_a
2023-08-29 14:00:00,5472.81,5348.36,XGBoost,region_a
2023-08-29 15:00:00,5806.41,5582.907,XGBoost,region_a
2023-08-29 16:00:00,6244.64,6211.496,XGBoost,region_a
2023-08-29 17:00:00,6805.5,6857.854,XGBoost,region_a
2023-08-29 18:00:00,7696.08,7456.7666,XGBoost,region_a
2023-08-29 19:00:00,7726.75,7550.67,XGBoost,region_a
2023-08-29 20:00:00,7523.47,7408.788,XGBoost,region_a
2023-08-29 21:00:00,6376.34,6420.653,XGBoost,region_a
2023-08-29 22:00:00,5606.34,5613.1978,XGBoost,region_a
2023-08-29 23:00:00,5052.48,4998.497,XGBoost,region_a
2023-08-30 00:00:00,3906.25,4041.8733,XGBoost,region_a
2023-08-30 01:00:00,3709.28,3671.994,XGBoost,region_a
2023-08-30 02:00:00,3473.55,3448.4631,XGBoost,region_a
2023-08-30 03:00:00,3274.79,3390.1277,XGBoost,region_a
2023-08-30 04:00:00,3744.03,3668.1123,XGBoost,region_a
2023-08-30 05:00:00,4402.46,4342.8423,XGBoost,region_a
2023-08-30 06:00:00,5232.24,5206.696,XGBoost,region_a
2023-08-30 07:00:00,6055.45,5998.235,XGBoost,region_a
2023-08-30 08:00:00,6539.62,6476.908,XGBoost,region_a
2023-08-30 09:00:00,6798.78,6639.128,XGBoost,region_a
2023-08-30 10:00:00,6161.85,6319.4004,XGBoost,region_a
2023-08-30 11:00:00,5919.25,5824.635,XGBoost,region_a
2023-08-30 12:00:00,5698.94,5709.616,XGBoost,region_a
2023-08-30 13:00:00,5481.05,5605.85,XGBoost,region_a
2023-08-30 14:00:00,5647.74,5665.378,XGBoost,region_a
2023-08-30 15:00:00,5849.82,5998.531,XGBoost,region_a
2023-08-30 16:00:00,6403.29,6404.334,XGBoost,region_a
2023-08-30 17:00:00,7188.45,7150.808,XGBoost,region_a
2023-08-30 18:00:00,7849.75,7722.0073,XGBoost,region_a
2023-08-30 19:00:00,8009.78,7968.905,XGBoost,region_a
2023-08-30 20:00:00,7481.58,7502.073,XGBoost,region_a
2023-08-30 21:00:00,6848.5,6644.8477,XGBoost,region_a
2023-08-30 22:00:00,5625.91,5763.1904,XGBoost,region_a
2023-08-30 23:00:00,4882.14,5060.6216,XGBoost,region_a
2023-08-31 00:00:00,4011.16,4051.4585,XGBoost,region_a
2023-08-31 01:00:00,3699.17,3765.249,XGBoost,region_a
2023-08-31 02:00:00,3446.57,3454.5671,XGBoost,region_a
2023-08-31 03:00:00,3414.9,3396.5518,XGBoost,region_a
2023-08-31 04:00:00,3715.5,3745.4133,XGBoost,region_a
2023-08-31 05:00:00,4376.73,4358.0903,XGBoost,region_a
2023-08-31 06:00:00,5124.48,5142.409,XGBoost,region_a
2023-08-31 07:00:00,5742.53,5945.45,XGBoost,region_a
2023-08-31 08:00:00,6030.97,6211.794,XGBoost,region_a
2023-08-31 09:00:00,6494.54,6145.9487,XGBoost,region_a
2023-08-31 10:00:00,5869.86,6116.2617,XGBoost,region_a
2023-08-31 11:00:00,5840.25,5812.077,XGBoost,region_a
2023-08-31 12:00:00,5393.4,5620.1875,XGBoost,region_a
2023-08-31 13:00:00,5435.055,5484.388,XGBoost,region_a
2023-08-31 14:00:00,5476.71,5603.4565,XGBoost,region_a
2023-08-31 15:00:00,5844.71,5805.3813,XGBoost,region_a
2023-08-31 16:00:00,6403.86,6377.9126,XGBoost,region_a
2023-08-31 17:00:00,6942.24,6968.4697,XGBoost,region_a
2023-08-31 18:00:00,7508.77,7525.723,XGBoost,region_a
2023-08-31 19:00:00,7797.36,7704.705,XGBoost,region_a
2023-08-31 20:00:00,6786.51,7230.702,XGBoost,region_a
2023-08-31 21:00:00,6243.12,6357.274,XGBoost,region_a
2023-08-31 22:00:00,5554.21,5630.6235,XGBoost,region_a
2023-08-31 23:00:00,5192.98,4980.6,XGBoost,region_a
2023-09-01 00:00:00,4143.2,4058.0789,XGBoost,region_a
2023-09-01 01:00:00,3681.99,3751.7063,XGBoost,region_a
2023-09-01 02:00:00,3340.44,3463.9312,XGBoost,region_a
2023-09-01 03:00:00,3417.36,3329.7651,XGBoost,region_a
2023-09-01 04:00:00,3777.24,3684.1345,XGBoost,region_a
2023-09-01 05:00:00,4106.62,4353.9976,XGBoost,region_a
2023-09-01 06:00:00,4962.49,5076.878,XGBoost,region_a
2023-09-01 07:00:00,5705.11,5789.4214,XGBoost,region_a
2023-09-01 08:00:00,6099.36,6108.8413,XGBoost,region_a
2023-09-01 09:00:00,5969.48,6165.8403,XGBoost,region_a
2023-09-01 10:00:00,5700.27,5892.4976,XGBoost,region_a
2023-09-01 11:00:00,5342.15,5604.927,XGBoost,region_a
2023-09-01 12:00:00,5257.76,5263.1714,XGBoost,region_a
2023-09-01 13:00:00,5060.95,5283.746,XGBoost,region_a
2023-09-01 14:00:00,5105.0,5301.104,XGBoost,region_a
2023-09-01 15:00:00,5517.05,5597.6904,XGBoost,region_a
2023-09-01 16:00:00,5970.08,6058.5757,XGBoost,region_a
2023-09-01 17:00:00,6435.99,6568.093,XGBoost,region_a
2023-09-01 18:00:00,6849.3,7042.174,XGBoost,region_a
2023-09-01 19:00:00,6964.15,7164.86,XGBoost,region_a
2023-09-01 20:00:00,6958.17,6864.848,XGBoost,region_a
2023-09-01 21:00:00,6165.96,6222.8794,XGBoost,region_a
2023-09-01 22:00:00,5281.86,5515.932,XGBoost,region_a
2023-09-01 23:00:00,5120.28,4960.845,XGBoost,region_a
2023-09-02 00:00:00,3711.8,3737.764,XGBoost,region_a
2023-09-02 01:00:00,3431.43,3461.2964,XGBoost,region_a
2023-09-02 02:00:00,3290.18,3200.009,XGBoost,region_a
2023-09-02 03:00:00,3241.48,3145.6094,XGBoost,region_a
2023-09-02 04:00:00,3278.42,3490.92,XGBoost,region_a
2023-09-02 05:00:00,3937.13,3955.6125,XGBoost,region_a
2023-09-02 06:00:00,4739.48,4599.9883,XGBoost,region_a
2023-09-02 07:00:00,5346.97,5215.352,XGBoost,region_a
2023-09-02 08:00:00,5568.61,5504.675,XGBoost,region_a
2023-09-02 09:00:00,5456.25,5353.4805,XGBoost,region_a
2023-09-02 10:00:00,4885.43,5140.7495,XGBoost,region_a
2023-09-02 11:00:00,4793.65,4809.278,XGBoost,region_a
2023-09-02 12:00:00,4625.16,4540.1377,XGBoost,region_a
2023-09-02 13:00:00,4697.19,4558.922,XGBoost,region_a
2023-09-02 14:00:00,4784.58,4787.5005,XGBoost,region_a
2023-09-02 15:00:00,5010.08,5059.43,XGBoost,region_a
2023-09-02 16:00:00,5365.64,5547.6562,XGBoost,region_a
2023-09-02 17:00:00,5975.77,6060.324,XGBoost,region_a
2023-09-02 18:00:00,6721.47,6545.213,XGBoost,region_a
2023-09-02 19:00:00,6605.54,6894.258,XGBoost,region_a
2023-09-02 20:00:00,6257.15,6441.183,XGBoost,region_a
2023-09-02 21:00:00,5820.39,5764.638,XGBoost,region_a
2023-09-02 22:00:00,5090.89,5186.3774,XGBoost,region_a
2023-09-02 23:00:00,4603.37,4641.8843,XGBoost,region_a
2023-09-03 00:00:00,3832.23,3748.7168,XGBoost,region_a
2023-09-03 01:00:00,3439.31,3443.7773,XGBoost,region_a
2023-09-03 02:00:00,3269.88,3212.1077,XGBoost,region_a
2023-09-03 03:00:00,3179.18,3168.075,XGBoost,region_a
2023-09-03 04:00:00,3227.13,3386.8225,XGBoost,region_a
2023-09-03 05:00:00,4014.46,3951.723,XGBoost,region_a
2023-09-03 06:00:00,4584.09,4615.3535,XGBoost,region_a
2023-09-03 07:00:00,5087.52,5278.7056,XGBoost,region_a
2023-09-03 08:00:00,5602.56,5580.131,XGBoost,region_a
2023-09-03 09:00:00,5490.19,5598.1265,XGBoost,region_a
2023-09-03 10:00:00,5470.56,5211.213,XGBoost,region_a
2023-09-03 11:00:00,5141.11,5064.4277,XGBoost,region_a
2023-09-03 12:00:00,4958.9,4917.4478,XGBoost,region_a
2023-09-03 13:00:00,4957.11,4948.5205,XGBoost,region_a
2023-09-03 14:00:00,5010.51,5055.999,XGBoost,region_a
2023-09-03 15:00:00,5315.83,5344.425,XGBoost,region_a
2023-09-03 16:00:00,5862.27,5846.0923,XGBoost,region_a
2023-09-03 17:00:00,6466.33,6352.5674,XGBoost,region_a
2023-09-03 18:00:00,7065.04,7153.8066,XGBoost,region_a
2023-09-03 19:00:00,7274.73,7333.132,XGBoost,region_a
2023-09-03 20:00:00,7035.37,6837.3335,XGBoost,region_a
2023-09-03 21:00:00,5908.04,6153.235,XGBoost,region_a
2023-09-03 22:00:00,5247.01,4962.0176,XGBoost,region_a
2023-09-03 23:00:00,4782.33,4732.5996,XGBoost,region_a
2023-09-04 00:00:00,4071.88,4070.4062,XGBoost,region_a
2023-09-04 01:00:00,3672.94,3740.3044,XGBoost,region_a
2023-09-04 02:00:00,3438.12,3510.03,XGBoost,region_a
2023-09-04 03:00:00,3366.09,3412.8523,XGBoost,region_a
2023-09-04 04:00:00,3651.26,3652.5203,XGBoost,region_a
2023-09-04 05:00:00,4333.38,4278.5083,XGBoost,region_a
2023-09-04 06:00:00,4878.8,5107.411,XGBoost,region_a
2023-09-04 07:00:00,5562.82,5833.464,XGBoost,region_a
2023-09-04 08:00:00,6488.24,6212.2065,XGBoost,region_a
2023-09-04 09:00:00,6386.64,6486.508,XGBoost,region_a
2023-09-04 10:00:00,6158.3,6229.4985,XGBoost,region_a
2023-09-04 11:00:00,5856.58,5940.983,XGBoost,region_a
2023-09-04 12:00:00,5283.83,5616.352,XGBoost,region_a
2023-09-04 13:00:00,5429.53,5454.531,XGBoost,region_a
2023-09-04 14:00:00,5815.59,5577.7505,XGBoost,region_a
2023-09-04 15:00:00,6061.45,5949.729,XGBoost,region_a
2023-09-04 16:00:00,6296.14,6494.191,XGBoost,region_a
2023-09-04 17:00:00,7021.28,7172.5034,XGBoost,region_a
2023-09-04 18:00:00,7823.33,7873.4863,XGBoost,region_a
2023-09-04 19:00:00,7652.98,7796.82,XGBoost,region_a
2023-09-04 20:00:00,7243.51,7255.3867,XGBoost,region_a
2023-09-04 21:00:00,6469.42,6408.6025,XGBoost,region_a
2023-09-04 22:00:00,5644.75,5417.6836,XGBoost,region_a
2023-09-04 23:00:00,5096.15,5002.246,XGBoost,region_a
2023-09-05 00:00:00,4052.42,4042.9026,XGBoost,region_a
2023-09-05 01:00:00,3555.32,3722.1892,XGBoost,region_a
2023-09-05 02:00:00,3441.24,3411.198,XGBoost,region_a
2023-09-05 03:00:00,3400.15,3391.7817,XGBoost,region_a
2023-09-05 04:00:00,3620.91,3665.197,XGBoost,region_a
2023-09-05 05:00:00,4243.65,4271.543,XGBoost,region_a
2023-09-05 06:00:00,4953.05,4933.483,XGBoost,region_a
2023-09-05 07:00:00,5969.98,5731.4126,XGBoost,region_a
2023-09-05 08:00:00,6168.25,6237.0303,XGBoost,region_a
2023-09-05 09:00:00,5970.86,6299.1562,XGBoost,region_a
2023-09-05 10:00:00,5941.19,5927.0,XGBoost,region_a
2023-09-05 11:00:00,5347.32,5714.6455,XGBoost,region_a
2023-09-05 12:00:00,5447.09,5337.257,XGBoost,region_a
2023-09-05 13:00:00,5087.38,5353.8247,XGBoost,region_a
2023-09-05 14:00:00,5345.86,5456.8867,XGBoost,region_a
2023-09-05 15:00:00,5751.33,5742.8125,XGBoost,region_a
2023-09-05 16:00:00,6173.31,6264.979,XGBoost,region_a
2023-09-05 17:00:00,6753.94,6767.8823,XGBoost,region_a
2023-09-05 18:00:00,7061.14,7172.688,XGBoost,region_a
2023-09-05 19:00:00,6991.1,7331.7954,XGBoost,region_a
2023-09-05 20:00:00,6801.73,6957.993,XGBoost,region_a
2023-09-05 21:00:00,5976.95,5932.612,XGBoost,region_a
2023-09-05 22:00:00,5585.21,5253.566,XGBoost,region_a
2023-09-05 23:00:00,4913.14,4972.9966,XGBoost,region_a
2023-09-06 00:00:00,4027.35,4032.4912,XGBoost,region_a
2023-09-06 01:00:00,3660.6,3709.0305,XGBoost,region_a
2023-09-06 02:00:00,3584.8,3532.534,XGBoost,region_a
2023-09-06 03:00:00,3301.89,3394.8542,XGBoost,region_a
2023-09-06 04:00:00,3639.48,3662.5442,XGBoost,region_a
2023-09-06 05:00:00,4284.27,4287.8984,XGBoost,region_a
2023-09-06 06:00:00,5357.11,5042.366,XGBoost,region_a
2023-09-06 07:00:00,5866.28,5886.6733,XGBoost,region_a
2023-09-06 08:00:00,5978.63,6372.159,XGBoost,region_a
2023-09-06 09:00:00,5901.96,6084.1626,XGBoost,region_a
2023-09-06 10:00:00,5825.29,5801.9907,XGBoost,region_a
2023-09-06 11:00:00,5555.29,5479.0,XGBoost,region_a
2023-09-06 12:00:00,5241.08,5350.4634,XGBoost,region_a
2023-09-06 13:00:00,5039.63,5208.1045,XGBoost,region_a
2023-09-06 14:00:00,5281.08,5327.6646,XGBoost,region_a
2023-09-06 15:00:00,5280.28,5617.6206,XGBoost,region_a
2023-09-06 16:00:00,5959.64,5973.502,XGBoost,region_a
2023-09-06 17:00:00,6860.49,6643.584,XGBoost,region_a
2023-09-06 18:00:00,7068.86,7246.0728,XGBoost,region_a
2023-09-06 19:00:00,7426.12,7236.259,XGBoost,region_a
2023-09-06 20:00:00,6812.45,6926.5405,XGBoost,region_a
2023-09-06 21:00:00,6277.78,6188.7153,XGBoost,region_a
2023-09-06 22:00:00,5580.08,5405.8726,XGBoost,region_a
2023-09-06 23:00:00,4928.61,4986.533,XGBoost,region_a
2023-09-07 00:00:00,4091.35,4031.665,XGBoost,region_a
2023-09-07 01:00:00,3720.01,3738.6868,XGBoost,region_a
2023-09-07 02:00:00,3362.69,3479.6191,XGBoost,region_a
2023-09-07 03:00:00,3286.56,3370.8767,XGBoost,region_a
2023-09-07 04:00:00,3690.03,3642.4067,XGBoost,region_a
2023-09-07 05:00:00,4224.92,4350.204,XGBoost,region_a
2023-09-07 06:00:00,5037.42,5126.1025,XGBoost,region_a
2023-09-07 07:00:00,6052.775,5815.2617,XGBoost,region_a
2023-09-07 08:00:00,6232.7,6058.7173,XGBoost,region_a
2023-09-07 09:00:00,5844.4,6097.215,XGBoost,region_a
2023-09-07 10:00:00,5790.27,5694.5615,XGBoost,region_a
2023-09-07 11:00:00,5406.13,5477.44,XGBoost,region_a
2023-09-07 12:00:00,4983.45,5250.2983,XGBoost,region_a
2023-09-07 13:00:00,5121.36,5032.312,XGBoost,region_a
2023-09-07 14:00:00,4959.34,5275.4585,XGBoost,region_a
2023-09-07 15:00:00,5276.44,5359.04,XGBoost,region_a
2023-09-07 16:00:00,5878.62,5861.7866,XGBoost,region_a
2023-09-07 17:00:00,6405.44,6490.5894,XGBoost,region_a
2023-09-07 18:00:00,6916.55,6980.926,XGBoost,region_a
2023-09-07 19:00:00,7229.15,7159.7725,XGBoost,region_a
2023-09-07 20:00:00,6745.86,6878.5225,XGBoost,region_a
2023-09-07 21:00:00,6152.52,6199.09,XGBoost,region_a
2023-09-07 22:00:00,5539.41,5545.6904,XGBoost,region_a
2023-09-07 23:00:00,5047.06,5029.0137,XGBoost,region_a
2023-09-08 00:00:00,4110.3,4051.2825,XGBoost,region_a
2023-09-08 01:00:00,3717.44,3754.686,XGBoost,region_a
2023-09-08 02:00:00,3433.88,3461.5486,XGBoost,region_a
2023-09-08 03:00:00,3316.07,3401.94,XGBoost,region_a
2023-09-08 04:00:00,3620.51,3678.8062,XGBoost,region_a
2023-09-08 05:00:00,4213.12,4204.6763,XGBoost,region_a
2023-09-08 06:00:00,5027.9,5031.17,XGBoost,region_a
2023-09-08 07:00:00,5683.29,6581.459,XGBoost,region_a
2023-09-08 08:00:00,6076.92,6172.55,XGBoost,region_a
2023-09-08 09:00:00,6103.93,5958.2646,XGBoost,region_a
2023-09-08 10:00:00,5806.24,5761.2036,XGBoost,region_a
2023-09-08 11:00:00,5326.44,5393.379,XGBoost,region_a
2023-09-08 12:00:00,5065.88,5123.379,XGBoost,region_a
2023-09-08 13:00:00,5224.74,4993.8037,XGBoost,region_a
2023-09-08 14:00:00,5378.53,5116.5327,XGBoost,region_a
2023-09-08 15:00:00,5325.65,5478.1626,XGBoost,region_a
2023-09-08 16:00:00,6227.74,5863.25,XGBoost,region_a
2023-09-08 17:00:00,6588.61,6464.2876,XGBoost,region_a
2023-09-08 18:00:00,6679.68,6995.107,XGBoost,region_a
2023-09-08 19:00:00,7273.68,7110.0547,XGBoost,region_a
2023-09-08 20:00:00,6778.46,6909.587,XGBoost,region_a
2023-09-08 21:00:00,6287.35,6167.376,XGBoost,region_a
2023-09-08 22:00:00,5771.6,5456.8486,XGBoost,region_a
2023-09-08 23:00:00,4924.93,5045.481,XGBoost,region_a
2023-09-09 00:00:00,3685.91,3753.2,XGBoost,region_a
2023-09-09 01:00:00,3535.77,3470.1382,XGBoost,region_a
2023-09-09 02:00:00,3208.99,3235.7656,XGBoost,region_a
2023-09-09 03:00:00,3070.58,3140.9749,XGBoost,region_a
2023-09-09 04:00:00,3482.05,3362.0334,XGBoost,region_a
2023-09-09 05:00:00,3893.52,4008.4817,XGBoost,region_a
2023-09-09 06:00:00,4706.08,4625.174,XGBoost,region_a
2023-09-09 07:00:00,5274.84,5289.9897,XGBoost,region_a
2023-09-09 08:00:00,5602.99,5573.124,XGBoost,region_a
2023-09-09 09:00:00,5342.37,5534.0703,XGBoost,region_a
2023-09-09 10:00:00,5067.54,5148.312,XGBoost,region_a
2023-09-09 11:00:00,4711.4,4715.8003,XGBoost,region_a
2023-09-09 12:00:00,4467.09,4524.5166,XGBoost,region_a
2023-09-09 13:00:00,4685.96,4570.548,XGBoost,region_a
2023-09-09 14:00:00,4499.73,4727.2407,XGBoost,region_a
2023-09-09 15:00:00,4869.56,4858.5796,XGBoost,region_a
2023-09-09 16:00:00,5208.03,5356.883,XGBoost,region_a
2023-09-09 17:00:00,5874.21,5917.627,XGBoost,region_a
2023-09-09 18:00:00,6858.83,6523.5635,XGBoost,region_a
2023-09-09 19:00:00,7222.86,6956.5493,XGBoost,region_a
2023-09-09 20:00:00,6228.9,6582.5,XGBoost,region_a
2023-09-09 21:00:00,5880.24,5715.1606,XGBoost,region_a
2023-09-09 22:00:00,5303.99,5181.7544,XGBoost,region_a
2023-09-09 23:00:00,4632.87,4697.15,XGBoost,region_a
2023-09-10 00:00:00,3799.23,3774.3418,XGBoost,region_a
2023-09-10 01:00:00,3503.36,3454.7024,XGBoost,region_a
2023-09-10 02:00:00,3265.22,3252.7783,XGBoost,region_a
2023-09-10 03:00:00,3098.52,3163.4246,XGBoost,region_a
2023-09-10 04:00:00,3402.75,3337.15,XGBoost,region_a
2023-09-10 05:00:00,3886.4,3912.933,XGBoost,region_a
2023-09-10 06:00:00,4491.78,4640.165,XGBoost,region_a
2023-09-10 07:00:00,5234.97,5126.395,XGBoost,region_a
2023-09-10 08:00:00,5592.33,5556.4487,XGBoost,region_a
2023-09-10 09:00:00,5658.47,5453.64,XGBoost,region_a
2023-09-10 10:00:00,5275.21,5379.7217,XGBoost,region_a
2023-09-10 11:00:00,4943.64,5041.1313,XGBoost,region_a
2023-09-10 12:00:00,4802.07,4875.5234,XGBoost,region_a
2023-09-10 13:00:00,4880.58,4831.535,XGBoost,region_a
2023-09-10 14:00:00,5021.38,5001.652,XGBoost,region_a
2023-09-10 15:00:00,5417.61,5294.62,XGBoost,region_a
2023-09-10 16:00:00,5915.84,5922.115,XGBoost,region_a
2023-09-10 17:00:00,6373.92,6483.5654,XGBoost,region_a
2023-09-10 18:00:00,7112.86,7173.4253,XGBoost,region_a
2023-09-10 19:00:00,7201.85,7345.5103,XGBoost,region_a
2023-09-10 20:00:00,6915.2,6816.518,XGBoost,region_a
2023-09-10 21:00:00,6069.63,6072.2456,XGBoost,region_a
2023-09-10 22:00:00,5353.25,5175.6523,XGBoost,region_a
2023-09-10 23:00:00,4737.97,4625.149,XGBoost,region_a
2023-09-11 00:00:00,3961.5,4026.9885,XGBoost,region_a
2023-09-11 01:00:00,3575.66,3665.693,XGBoost,region_a
2023-09-11 02:00:00,3415.74,3414.533,XGBoost,region_a
2023-09-11 03:00:00,3233.06,3391.9177,XGBoost,region_a
2023-09-11 04:00:00,3808.43,3662.7996,XGBoost,region_a
2023-09-11 05:00:00,4230.45,4346.5464,XGBoost,region_a
2023-09-11 06:00:00,5104.93,5096.969,XGBoost,region_a
2023-09-11 07:00:00,6146.16,5824.4097,XGBoost,region_a
2023-09-11 08:00:00,6721.88,6571.9146,XGBoost,region_a
2023-09-11 09:00:00,6599.81,6488.3647,XGBoost,region_a
2023-09-11 10:00:00,6397.46,6311.0146,XGBoost,region_a
2023-09-11 11:00:00,5958.44,6108.854,XGBoost,region_a
2023-09-11 12:00:00,6024.31,5756.1953,XGBoost,region_a
2023-09-11 13:00:00,5674.21,5867.209,XGBoost,region_a
2023-09-11 14:00:00,5859.67,5732.536,XGBoost,region_a
2023-09-11 15:00:00,6052.89,6223.189,XGBoost,region_a
2023-09-11 16:00:00,6695.65,6475.6323,XGBoost,region_a
2023-09-11 17:00:00,7073.92,6974.87,XGBoost,region_a
2023-09-11 18:00:00,7533.48,7600.6304,XGBoost,region_a
2023-09-11 19:00:00,7620.85,7632.905,XGBoost,region_a
2023-09-11 20:00:00,7295.06,7098.0005,XGBoost,region_a
2023-09-11 21:00:00,6395.59,6250.372,XGBoost,region_a
2023-09-11 22:00:00,5540.39,5372.6753,XGBoost,region_a
2023-09-11 23:00:00,5106.68,5017.1094,XGBoost,region_a
2023-09-12 00:00:00,3945.02,4031.3,XGBoost,region_a
2023-09-12 01:00:00,3733.6,3644.301,XGBoost,region_a
2023-09-12 02:00:00,3358.81,3457.2363,XGBoost,region_a
2023-09-12 03:00:00,3466.29,3384.4631,XGBoost,region_a
2023-09-12 04:00:00,3578.95,3692.3784,XGBoost,region_a
2023-09-12 05:00:00,4321.39,4272.0186,XGBoost,region_a
2023-09-12 06:00:00,5232.43,5037.068,XGBoost,region_a
2023-09-12 07:00:00,5866.38,5950.1797,XGBoost,region_a
2023-09-12 08:00:00,6140.39,6279.163,XGBoost,region_a
2023-09-12 09:00:00,6196.66,6098.457,XGBoost,region_a
2023-09-12 10:00:00,5963.4,6025.57,XGBoost,region_a
2023-09-12 11:00:00,5776.55,5628.4746,XGBoost,region_a
2023-09-12 12:00:00,5331.8,5572.6216,XGBoost,region_a
2023-09-12 13:00:00,5382.86,5376.5522,XGBoost,region_a
2023-09-12 14:00:00,5714.33,5559.3604,XGBoost,region_a
2023-09-12 15:00:00,5836.38,5968.8545,XGBoost,region_a
2023-09-12 16:00:00,6312.27,6534.689,XGBoost,region_a
2023-09-12 17:00:00,7193.25,7011.395,XGBoost,region_a
2023-09-12 18:00:00,7369.55,7567.9697,XGBoost,region_a
2023-09-12 19:00:00,7947.84,7728.1865,XGBoost,region_a
2023-09-12 20:00:00,7178.58,7315.173,XGBoost,region_a
2023-09-12 21:00:00,6649.05,6318.7285,XGBoost,region_a
2023-09-12 22:00:00,5654.71,5456.2295,XGBoost,region_a
2023-09-12 23:00:00,5007.28,4991.144,XGBoost,region_a
2023-09-13 00:00:00,4042.21,4027.9182,XGBoost,region_a
2023-09-13 01:00:00,3753.31,3718.624,XGBoost,region_a
2023-09-13 02:00:00,3460.18,3513.3281,XGBoost,region_a
2023-09-13 03:00:00,3322.76,3388.7314,XGBoost,region_a
2023-09-13 04:00:00,3760.56,3675.269,XGBoost,region_a
2023-09-13 05:00:00,4241.29,4344.0083,XGBoost,region_a
2023-09-13 06:00:00,5054.68,5064.909,XGBoost,region_a
2023-09-13 07:00:00,5768.15,5843.9927,XGBoost,region_a
2023-09-13 08:00:00,6215.98,6161.601,XGBoost,region_a
2023-09-13 09:00:00,6196.89,6086.079,XGBoost,region_a
2023-09-13 10:00:00,5861.88,5843.8086,XGBoost,region_a
2023-09-13 11:00:00,5466.91,5671.454,XGBoost,region_a
2023-09-13 12:00:00,5469.1,5342.1924,XGBoost,region_a
2023-09-13 13:00:00,5580.73,5350.304,XGBoost,region_a
2023-09-13 14:00:00,5453.34,5501.3193,XGBoost,region_a
2023-09-13 15:00:00,5927.57,5649.803,XGBoost,region_a
2023-09-13 16:00:00,6156.84,6374.3877,XGBoost,region_a
2023-09-13 17:00:00,6955.85,6893.3267,XGBoost,region_a
2023-09-13 18:00:00,7284.13,7427.1113,XGBoost,region_a
2023-09-13 19:00:00,7509.29,7615.976,XGBoost,region_a
2023-09-13 20:00:00,7454.23,7124.2764,XGBoost,region_a
2023-09-13 21:00:00,6581.61,6298.949,XGBoost,region_a
2023-09-13 22:00:00,5817.17,5339.408,XGBoost,region_a
2023-09-13 23:00:00,5281.16,5025.466,XGBoost,region_a
2023-09-14 00:00:00,4022.33,4047.7388,XGBoost,region_a
2023-09-14 01:00:00,3728.29,3725.6606,XGBoost,region_a
2023-09-14 02:00:00,3408.27,3460.6826,XGBoost,region_a
2023-09-14 03:00:00,3424.42,3376.5732,XGBoost,region_a
2023-09-14 04:00:00,3563.02,3660.5422,XGBoost,region_a
2023-09-14 05:00:00,4276.14,4270.564,XGBoost,region_a
2023-09-14 06:00:00,5212.02,5136.7407,XGBoost,region_a
2023-09-14 07:00:00,6012.03,6541.856,XGBoost,region_a
2023-09-14 08:00:00,6479.91,6424.212,XGBoost,region_a
2023-09-14 09:00:00,6334.65,6377.3647,XGBoost,region_a
2023-09-14 10:00:00,6253.69,5967.0356,XGBoost,region_a
2023-09-14 11:00:00,5807.06,5823.191,XGBoost,region_a
2023-09-14 12:00:00,5597.44,5652.623,XGBoost,region_a
2023-09-14 13:00:00,5429.48,5634.0386,XGBoost,region_a
2023-09-14 14:00:00,5875.06,5548.488,XGBoost,region_a
2023-09-14 15:00:00,6036.58,5912.2603,XGBoost,region_a
2023-09-14 16:00:00,6506.53,6418.455,XGBoost,region_a
2023-09-14 17:00:00,7020.56,7068.0625,XGBoost,region_a
2023-09-14 18:00:00,7396.77,7723.551,XGBoost,region_a
2023-09-14 19:00:00,7921.91,7908.6274,XGBoost,region_a
2023-09-14 20:00:00,7516.98,7465.9688,XGBoost,region_a
2023-09-14 21:00:00,6693.4,6724.042,XGBoost,region_a
2023-09-14 22:00:00,6012.86,5692.3735,XGBoost,region_a
2023-09-14 23:00:00,5249.33,5314.41,XGBoost,region_a
2023-09-15 00:00:00,4180.61,4216.8047,XGBoost,region_a
2023-09-15 01:00:00,3829.75,3877.0913,XGBoost,region_a
2023-09-15 02:00:00,3424.79,3496.5696,XGBoost,region_a
2023-09-15 03:00:00,3427.34,3447.673,XGBoost,region_a
2023-09-15 04:00:00,3878.33,3691.806,XGBoost,region_a
2023-09-15 05:00:00,4271.8,4379.696,XGBoost,region_a
2023-09-15 06:00:00,5385.98,5159.991,XGBoost,region_a
2023-09-15 07:00:00,5947.12,6110.246,XGBoost,region_a
2023-09-15 08:00:00,6648.88,6528.912,XGBoost,region_a
2023-09-15 09:00:00,6412.56,6594.113,XGBoost,region_a
2023-09-15 10:00:00,6235.28,6157.3364,XGBoost,region_a
2023-09-15 11:00:00,5767.05,5809.538,XGBoost,region_a
2023-09-15 12:00:00,5535.36,5632.009,XGBoost,region_a
2023-09-15 13:00:00,5717.92,5557.0234,XGBoost,region_a
2023-09-15 14:00:00,5780.87,5732.785,XGBoost,region_a
2023-09-15 15:00:00,5958.4,5951.015,XGBoost,region_a
2023-09-15 16:00:00,6334.66,6453.0356,XGBoost,region_a
2023-09-15 17:00:00,6960.08,6998.463,XGBoost,region_a
2023-09-15 18:00:00,7250.29,7498.649,XGBoost,region_a
2023-09-15 19:00:00,7764.07,7561.4097,XGBoost,region_a
2023-09-15 20:00:00,7139.9,7213.1816,XGBoost,region_a
2023-09-15 21:00:00,6545.0,6455.199,XGBoost,region_a
2023-09-15 22:00:00,5532.55,5818.955,XGBoost,region_a
2023-09-15 23:00:00,4890.38,4975.408,XGBoost,region_a
2023-09-16 00:00:00,3759.26,3750.7437,XGBoost,region_a
2023-09-16 01:00:00,3559.42,3484.7341,XGBoost,region_a
2023-09-16 02:00:00,3282.29,3223.3298,XGBoost,region_a
2023-09-16 03:00:00,3042.13,3149.6213,XGBoost,region_a
2023-09-16 04:00:00,3243.09,3452.88,XGBoost,region_a
2023-09-16 05:00:00,3848.58,3939.2783,XGBoost,region_a
2023-09-16 06:00:00,4654.27,4661.1714,XGBoost,region_a
2023-09-16 07:00:00,5129.35,5438.8574,XGBoost,region_a
2023-09-16 08:00:00,5297.02,5585.3774,XGBoost,region_a
2023-09-16 09:00:00,5747.7,5417.7896,XGBoost,region_a
2023-09-16 10:00:00,5093.34,5372.804,XGBoost,region_a
2023-09-16 11:00:00,5215.07,4861.8853,XGBoost,region_a
2023-09-16 12:00:00,4613.2,4828.5986,XGBoost,region_a
2023-09-16 13:00:00,4843.6,4698.58,XGBoost,region_a
2023-09-16 14:00:00,4959.44,4886.876,XGBoost,region_a
2023-09-16 15:00:00,4969.0,5183.5264,XGBoost,region_a
2023-09-16 16:00:00,5637.38,5415.5713,XGBoost,region_a
2023-09-16 17:00:00,6313.82,6259.488,XGBoost,region_a
2023-09-16 18:00:00,6558.94,6699.7085,XGBoost,region_a
2023-09-16 19:00:00,6750.58,6889.1475,XGBoost,region_a
2023-09-16 20:00:00,6507.54,6451.6177,XGBoost,region_a
2023-09-16 21:00:00,5891.03,5855.1445,XGBoost,region_a
2023-09-16 22:00:00,5077.59,5161.2104,XGBoost,region_a
2023-09-16 23:00:00,4633.24,4619.1846,XGBoost,region_a
2023-09-17 00:00:00,3563.02,3772.472,XGBoost,region_a
2023-09-17 01:00:00,3489.45,3406.0176,XGBoost,region_a
2023-09-17 02:00:00,3145.4,3236.6597,XGBoost,region_a
2023-09-17 03:00:00,3077.9,3147.241,XGBoost,region_a
2023-09-17 04:00:00,3375.47,3393.7654,XGBoost,region_a
2023-09-17 05:00:00,3719.2,3883.2302,XGBoost,region_a
2023-09-17 06:00:00,4596.31,4588.8228,XGBoost,region_a
2023-09-17 07:00:00,5114.42,5264.4917,XGBoost,region_a
2023-09-17 08:00:00,5609.12,5401.9487,XGBoost,region_a
2023-09-17 09:00:00,5282.16,5528.057,XGBoost,region_a
2023-09-17 10:00:00,4934.46,5127.7124,XGBoost,region_a
2023-09-17 11:00:00,4622.06,4844.7427,XGBoost,region_a
2023-09-17 12:00:00,4658.71,4556.213,XGBoost,region_a
2023-09-17 13:00:00,4307.01,4749.897,XGBoost,region_a
2023-09-17 14:00:00,4563.6,4815.4985,XGBoost,region_a
2023-09-17 15:00:00,4832.66,5024.104,XGBoost,region_a
2023-09-17 16:00:00,5411.77,5421.5312,XGBoost,region_a
2023-09-17 17:00:00,5937.63,6030.735,XGBoost,region_a
2023-09-17 18:00:00,6320.71,6500.866,XGBoost,region_a
2023-09-17 19:00:00,6802.17,6681.366,XGBoost,region_a
2023-09-17 20:00:00,6289.49,6484.6924,XGBoost,region_a
2023-09-17 21:00:00,5948.8,5793.4077,XGBoost,region_a
2023-09-17 22:00:00,5153.62,5101.022,XGBoost,region_a
2023-09-17 23:00:00,4553.53,4592.996,XGBoost,region_a
2023-09-18 00:00:00,4009.55,4002.513,XGBoost,region_a
2023-09-18 01:00:00,3719.62,3693.2483,XGBoost,region_a
2023-09-18 02:00:00,3503.6,3456.7852,XGBoost,region_a
2023-09-18 03:00:00,3475.91,3361.524,XGBoost,region_a
2023-09-18 04:00:00,3664.56,3699.7542,XGBoost,region_a
2023-09-18 05:00:00,4283.15,4223.9053,XGBoost,region_a
2023-09-18 06:00:00,5096.97,5091.0806,XGBoost,region_a
2023-09-18 07:00:00,5858.91,5802.4116,XGBoost,region_a
2023-09-18 08:00:00,6169.65,6401.496,XGBoost,region_a
2023-09-18 09:00:00,6108.7,6169.0815,XGBoost,region_a
2023-09-18 10:00:00,5577.3,5795.5503,XGBoost,region_a
2023-09-18 11:00:00,5114.47,4983.031,XGBoost,region_a
2023-09-18 12:00:00,5043.94,5149.2383,XGBoost,region_a
2023-09-18 13:00:00,4948.5,5179.3936,XGBoost,region_a
2023-09-18 14:00:00,5044.64,5266.8076,XGBoost,region_a
2023-09-18 15:00:00,5305.54,5413.9536,XGBoost,region_a
2023-09-18 16:00:00,6003.05,5865.4766,XGBoost,region_a
2023-09-18 17:00:00,6629.53,6561.419,XGBoost,region_a
2023-09-18 18:00:00,7211.05,6988.0835,XGBoost,region_a
2023-09-18 19:00:00,7266.88,7222.112,XGBoost,region_a
2023-09-18 20:00:00,6832.51,6901.6094,XGBoost,region_a
2023-09-18 21:00:00,6293.42,6240.8115,XGBoost,region_a
2023-09-18 22:00:00,5781.2,5490.8765,XGBoost,region_a
2023-09-18 23:00:00,5063.17,5014.452,XGBoost,region_a
2023-09-19 00:00:00,4092.81,4033.5845,XGBoost,region_a
2023-09-19 01:00:00,3701.76,3745.191,XGBoost,region_a
2023-09-19 02:00:00,3501.97,3463.6687,XGBoost,region_a
2023-09-19 03:00:00,3409.65,3396.0867,XGBoost,region_a
2023-09-19 04:00:00,3699.64,3668.1038,XGBoost,region_a
2023-09-19 05:00:00,4239.46,4426.8057,XGBoost,region_a
2023-09-19 06:00:00,5140.4,5015.549,XGBoost,region_a
2023-09-19 07:00:00,5826.42,5842.3364,XGBoost,region_a
2023-09-19 08:00:00,6024.36,6194.0063,XGBoost,region_a
2023-09-19 09:00:00,6263.13,6123.7715,XGBoost,region_a
2023-09-19 10:00:00,5827.44,5732.1724,XGBoost,region_a
2023-09-19 11:00:00,5529.05,5486.9727,XGBoost,region_a
2023-09-19 12:00:00,5402.01,5299.2856,XGBoost,region_a
2023-09-19 13:00:00,5112.89,5312.9126,XGBoost,region_a
2023-09-19 14:00:00,5510.1,5335.907,XGBoost,region_a
2023-09-19 15:00:00,5717.62,5652.056,XGBoost,region_a
2023-09-19 16:00:00,6144.49,6191.693,XGBoost,region_a
2023-09-19 17:00:00,6884.27,6802.1304,XGBoost,region_a
2023-09-19 18:00:00,7499.27,7396.655,XGBoost,region_a
2023-09-19 19:00:00,7464.91,7558.7334,XGBoost,region_a
2023-09-19 20:00:00,7086.83,7004.085,XGBoost,region_a
2023-09-19 21:00:00,6363.94,6113.5093,XGBoost,region_a
2023-09-19 22:00:00,5529.58,5034.6523,XGBoost,region_a
2023-09-19 23:00:00,5021.74,4859.847,XGBoost,region_a
2023-09-20 00:00:00,4133.52,4051.03,XGBoost,region_a
2023-09-20 01:00:00,3751.47,3753.4778,XGBoost,region_a
2023-09-20 02:00:00,3362.21,3460.4495,XGBoost,region_a
2023-09-20 03:00:00,3322.99,3386.5625,XGBoost,region_a
2023-09-20 04:00:00,3534.15,3679.9473,XGBoost,region_a
2023-09-20 05:00:00,4176.23,4279.8066,XGBoost,region_a
2023-09-20 06:00:00,5126.53,5018.561,XGBoost,region_a
2023-09-20 07:00:00,5684.75,5877.4404,XGBoost,region_a
2023-09-20 08:00:00,6078.14,6152.4106,XGBoost,region_a
2023-09-20 09:00:00,6005.98,6169.4634,XGBoost,region_a
2023-09-20 10:00:00,5717.56,5746.015,XGBoost,region_a
2023-09-20 11:00:00,5422.02,5403.0947,XGBoost,region_a
2023-09-20 12:00:00,5260.2,5325.915,XGBoost,region_a
2023-09-20 13:00:00,5194.15,5210.7153,XGBoost,region_a
2023-09-20 14:00:00,5218.3,5378.942,XGBoost,region_a
2023-09-20 15:00:00,5451.21,5576.432,XGBoost,region_a
2023-09-20 16:00:00,6003.6,6014.814,XGBoost,region_a
2023-09-20 17:00:00,6763.05,6579.1865,XGBoost,region_a
2023-09-20 18:00:00,7468.01,7236.681,XGBoost,region_a
2023-09-20 19:00:00,7608.69,7520.7974,XGBoost,region_a
2023-09-20 20:00:00,6917.39,7209.478,XGBoost,region_a
2023-09-20 21:00:00,6238.65,6121.7876,XGBoost,region_a
2023-09-20 22:00:00,5611.26,5261.9805,XGBoost,region_a
2023-09-20 23:00:00,4980.85,4996.0615,XGBoost,region_a
2023-09-21 00:00:00,3829.89,4057.88,XGBoost,region_a
2023-09-21 01:00:00,3741.57,3619.286,XGBoost,region_a
2023-09-21 02:00:00,3478.74,3437.1116,XGBoost,region_a
2023-09-21 03:00:00,3232.0,3395.7405,XGBoost,region_a
2023-09-21 04:00:00,3592.64,3556.9211,XGBoost,region_a
2023-09-21 05:00:00,4284.77,4185.7876,XGBoost,region_a
2023-09-21 06:00:00,4957.53,5053.265,XGBoost,region_a
2023-09-21 07:00:00,5896.19,5785.07,XGBoost,region_a
2023-09-21 08:00:00,6282.0,6194.8203,XGBoost,region_a
2023-09-21 09:00:00,5923.31,6125.678,XGBoost,region_a
2023-09-21 10:00:00,5869.45,5809.8774,XGBoost,region_a
2023-09-21 11:00:00,5406.49,5414.3335,XGBoost,region_a
2023-09-21 12:00:00,5064.69,5255.7866,XGBoost,region_a
2023-09-21 13:00:00,5203.9,5143.531,XGBoost,region_a
2023-09-21 14:00:00,5421.16,5385.8306,XGBoost,region_a
2023-09-21 15:00:00,5760.68,5657.3154,XGBoost,region_a
2023-09-21 16:00:00,5981.0,6230.304,XGBoost,region_a
2023-09-21 17:00:00,6891.26,6649.663,XGBoost,region_a
2023-09-21 18:00:00,7307.12,7284.915,XGBoost,region_a
2023-09-21 19:00:00,7456.37,7383.644,XGBoost,region_a
2023-09-21 20:00:00,6904.16,6979.6304,XGBoost,region_a
2023-09-21 21:00:00,6177.33,6131.8403,XGBoost,region_a
2023-09-21 22:00:00,5636.13,5485.9487,XGBoost,region_a
2023-09-21 23:00:00,4832.82,4936.9863,XGBoost,region_a
2023-09-22 00:00:00,4092.24,3988.2646,XGBoost,region_a
2023-09-22 01:00:00,3590.98,3730.5903,XGBoost,region_a
2023-09-22 02:00:00,3473.46,3406.735,XGBoost,region_a
2023-09-22 03:00:00,3401.53,3390.7593,XGBoost,region_a
2023-09-22 04:00:00,3671.08,3744.841,XGBoost,region_a
2023-09-22 05:00:00,4254.76,4322.9697,XGBoost,region_a
2023-09-22 06:00:00,4922.84,5105.1147,XGBoost,region_a
2023-09-22 07:00:00,5887.2,5785.915,XGBoost,region_a
2023-09-22 08:00:00,6353.21,6228.645,XGBoost,region_a
2023-09-22 09:00:00,5826.6,6053.839,XGBoost,region_a
2023-09-22 10:00:00,5862.51,5768.4277,XGBoost,region_a
2023-09-22 11:00:00,5398.99,5442.3667,XGBoost,region_a
2023-09-22 12:00:00,5197.27,5294.8545,XGBoost,region_a
2023-09-22 13:00:00,4975.65,5253.0913,XGBoost,region_a
2023-09-22 14:00:00,5047.46,5307.105,XGBoost,region_a
2023-09-22 15:00:00,5493.63,5484.1133,XGBoost,region_a
2023-09-22 16:00:00,5999.71,5964.2393,XGBoost,region_a
2023-09-22 17:00:00,6474.39,6543.4087,XGBoost,region_a
2023-09-22 18:00:00,7348.01,7020.6157,XGBoost,region_a
2023-09-22 19:00:00,7185.15,7401.9795,XGBoost,region_a
2023-09-22 20:00:00,7277.59,6956.52,XGBoost,region_a
2023-09-22 21:00:00,6298.76,6324.2485,XGBoost,region_a
2023-09-22 22:00:00,5465.48,5358.3057,XGBoost,region_a
2023-09-22 23:00:00,4859.35,4970.282,XGBoost,region_a
2023-09-23 00:00:00,3611.62,3755.1472,XGBoost,region_a
2023-09-23 01:00:00,3592.44,3449.3447,XGBoost,region_a
2023-09-23 02:00:00,3157.27,3264.14,XGBoost,region_a
2023-09-23 03:00:00,3165.21,3153.5625,XGBoost,region_a
2023-09-23 04:00:00,3337.4,3350.2344,XGBoost,region_a
2023-09-23 05:00:00,3918.68,3912.0305,XGBoost,region_a
2023-09-23 06:00:00,4652.63,4605.028,XGBoost,region_a
2023-09-23 07:00:00,5366.51,5164.4595,XGBoost,region_a
2023-09-23 08:00:00,5549.15,5462.681,XGBoost,region_a
2023-09-23 09:00:00,5575.26,5477.347,XGBoost,region_a
2023-09-23 10:00:00,5005.01,5132.5435,XGBoost,region_a
2023-09-23 11:00:00,4888.96,4860.1797,XGBoost,region_a
2023-09-23 12:00:00,4389.66,4601.486,XGBoost,region_a
2023-09-23 13:00:00,4410.75,4570.1587,XGBoost,region_a
2023-09-23 14:00:00,4758.58,4713.272,XGBoost,region_a
2023-09-23 15:00:00,4859.7,4968.0093,XGBoost,region_a
2023-09-23 16:00:00,5332.83,5385.261,XGBoost,region_a
2023-09-23 17:00:00,5813.34,5937.2534,XGBoost,region_a
2023-09-23 18:00:00,6300.17,6478.906,XGBoost,region_a
2023-09-23 19:00:00,6950.52,6638.6504,XGBoost,region_a
2023-09-23 20:00:00,6436.84,6646.067,XGBoost,region_a
2023-09-23 21:00:00,5688.9,5688.8506,XGBoost,region_a
2023-09-23 22:00:00,5246.05,4981.1436,XGBoost,region_a
2023-09-23 23:00:00,4650.17,4645.618,XGBoost,region_a
2023-09-24 00:00:00,3827.41,3728.4033,XGBoost,region_a
2023-09-24 01:00:00,3453.79,3457.8516,XGBoost,region_a
2023-09-24 02:00:00,3147.07,3219.3264,XGBoost,region_a
2023-09-24 03:00:00,3182.59,3163.3086,XGBoost,region_a
2023-09-24 04:00:00,3402.25,3394.5693,XGBoost,region_a
2023-09-24 05:00:00,4073.95,3844.0889,XGBoost,region_a
2023-09-24 06:00:00,4594.61,4700.33,XGBoost,region_a
2023-09-24 07:00:00,5467.59,5255.1123,XGBoost,region_a
2023-09-24 08:00:00,5472.04,5594.3184,XGBoost,region_a
2023-09-24 09:00:00,5424.23,5447.4497,XGBoost,region_a
2023-09-24 10:00:00,5416.83,5053.8506,XGBoost,region_a
2023-09-24 11:00:00,4896.88,4885.225,XGBoost,region_a
2023-09-24 12:00:00,4583.01,4558.97,XGBoost,region_a
2023-09-24 13:00:00,4538.83,4449.855,XGBoost,region_a
2023-09-24 14:00:00,4527.53,4604.243,XGBoost,region_a
2023-09-24 15:00:00,4836.54,4843.962,XGBoost,region_a
2023-09-24 16:00:00,5281.05,5274.3125,XGBoost,region_a
2023-09-24 17:00:00,6057.87,5960.1045,XGBoost,region_a
2023-09-24 18:00:00,6325.3,6388.5903,XGBoost,region_a
2023-09-24 19:00:00,6732.98,6683.265,XGBoost,region_a
2023-09-24 20:00:00,6403.99,6408.5415,XGBoost,region_a
2023-09-24 21:00:00,5861.83,5797.4556,XGBoost,region_a
2023-09-24 22:00:00,5354.08,4831.3965,XGBoost,region_a
2023-09-24 23:00:00,4593.32,4652.1387,XGBoost,region_a
2023-09-25 00:00:00,4114.14,4067.16,XGBoost,region_a
2023-09-25 01:00:00,3620.22,3743.3708,XGBoost,region_a
2023-09-25 02:00:00,3542.02,3452.0254,XGBoost,region_a
2023-09-25 03:00:00,3463.82,3413.3413,XGBoost,region_a
2023-09-25 04:00:00,3707.39,3680.6475,XGBoost,region_a
2023-09-25 05:00:00,4115.78,4318.3027,XGBoost,region_a
2023-09-25 06:00:00,4962.64,5026.6006,XGBoost,region_a
2023-09-25 07:00:00,5877.87,5768.9165,XGBoost,region_a
2023-09-25 08:00:00,6257.73,6225.091,XGBoost,region_a
2023-09-25 09:00:00,6142.57,6166.43,XGBoost,region_a
2023-09-25 10:00:00,5517.74,5786.042,XGBoost,region_a
2023-09-25 11:00:00,5253.7,5221.086,XGBoost,region_a
2023-09-25 12:00:00,4989.66,5080.8955,XGBoost,region_a
2023-09-25 13:00:00,4869.72,4934.941,XGBoost,region_a
2023-09-25 14:00:00,4817.04,5053.2627,XGBoost,region_a
2023-09-25 15:00:00,5352.02,5174.441,XGBoost,region_a
2023-09-25 16:00:00,5637.19,5778.4844,XGBoost,region_a
2023-09-25 17:00:00,6230.26,6378.6484,XGBoost,region_a
2023-09-25 18:00:00,7113.03,6892.2217,XGBoost,region_a
2023-09-25 19:00:00,7187.86,7289.7646,XGBoost,region_a
2023-09-25 20:00:00,6805.89,6926.133,XGBoost,region_a
2023-09-25 21:00:00,6252.07,6247.788,XGBoost,region_a
2023-09-25 22:00:00,5618.86,5627.627,XGBoost,region_a
2023-09-25 23:00:00,5003.03,5039.4653,XGBoost,region_a
2023-09-26 00:00:00,4055.09,4062.1558,XGBoost,region_a
2023-09-26 01:00:00,3717.28,3725.8035,XGBoost,region_a
2023-09-26 02:00:00,3499.1,3468.2573,XGBoost,region_a
2023-09-26 03:00:00,3420.11,3403.3164,XGBoost,region_a
2023-09-26 04:00:00,3619.6,3693.1384,XGBoost,region_a
2023-09-26 05:00:00,4247.6,4243.53,XGBoost,region_a
2023-09-26 06:00:00,5014.76,5044.28,XGBoost,region_a
2023-09-26 07:00:00,5856.23,5805.781,XGBoost,region_a
2023-09-26 08:00:00,6173.48,6157.382,XGBoost,region_a
2023-09-26 09:00:00,6091.7,6153.3086,XGBoost,region_a
2023-09-26 10:00:00,5702.78,5686.301,XGBoost,region_a
2023-09-26 11:00:00,5393.77,5354.9146,XGBoost,region_a
2023-09-26 12:00:00,5081.76,5174.672,XGBoost,region_a
2023-09-26 13:00:00,5242.77,5037.8716,XGBoost,region_a
2023-09-26 14:00:00,5251.84,5324.5654,XGBoost,region_a
2023-09-26 15:00:00,5182.69,5512.0103,XGBoost,region_a
2023-09-26 16:00:00,5921.27,5782.1963,XGBoost,region_a
2023-09-26 17:00:00,6512.88,6498.278,XGBoost,region_a
2023-09-26 18:00:00,7099.86,7010.6865,XGBoost,region_a
2023-09-26 19:00:00,7117.46,7243.799,XGBoost,region_a
2023-09-26 20:00:00,6801.82,6929.7437,XGBoost,region_a
2023-09-26 21:00:00,6268.17,6224.827,XGBoost,region_a
2023-09-26 22:00:00,5550.4,5582.5083,XGBoost,region_a
2023-09-26 23:00:00,5058.83,5008.2524,XGBoost,region_a
2023-09-27 00:00:00,4088.52,4048.1462,XGBoost,region_a
2023-09-27 01:00:00,3728.41,3731.168,XGBoost,region_a
2023-09-27 02:00:00,3468.82,3461.0972,XGBoost,region_a
2023-09-27 03:00:00,3384.23,3392.7502,XGBoost,region_a
2023-09-27 04:00:00,3700.31,3601.627,XGBoost,region_a
2023-09-27 05:00:00,4385.21,4213.4224,XGBoost,region_a
2023-09-27 06:00:00,4982.61,5099.279,XGBoost,region_a
2023-09-27 07:00:00,5894.59,5798.971,XGBoost,region_a
2023-09-27 08:00:00,5879.96,6204.8516,XGBoost,region_a
2023-09-27 09:00:00,5955.6,6046.431,XGBoost,region_a
2023-09-27 10:00:00,5630.85,5677.2256,XGBoost,region_a
2023-09-27 11:00:00,5291.63,5309.7173,XGBoost,region_a
2023-09-27 12:00:00,5095.92,5058.1265,XGBoost,region_a
2023-09-27 13:00:00,4976.12,5045.414,XGBoost,region_a
2023-09-27 14:00:00,4905.68,5113.959,XGBoost,region_a
2023-09-27 15:00:00,5168.76,5252.079,XGBoost,region_a
2023-09-27 16:00:00,5763.71,5817.4253,XGBoost,region_a
2023-09-27 17:00:00,6295.31,6370.958,XGBoost,region_a
2023-09-27 18:00:00,6932.88,6940.826,XGBoost,region_a
2023-09-27 19:00:00,7148.13,7127.9917,XGBoost,region_a
2023-09-27 20:00:00,6873.39,6911.186,XGBoost,region_a
2023-09-27 21:00:00,6238.75,6240.753,XGBoost,region_a
2023-09-27 22:00:00,5655.89,5576.5874,XGBoost,region_a
2023-09-27 23:00:00,5079.72,5034.201,XGBoost,region_a
2023-09-28 00:00:00,3897.74,3937.2761,XGBoost,region_a
2023-09-28 01:00:00,3862.87,3662.9143,XGBoost,region_a
2023-09-28 02:00:00,3484.64,3500.7063,XGBoost,region_a
2023-09-28 03:00:00,3384.45,3352.2908,XGBoost,region_a
2023-09-28 04:00:00,3686.15,3677.8857,XGBoost,region_a
2023-09-28 05:00:00,4296.39,4333.227,XGBoost,region_a
2023-09-28 06:00:00,5027.97,5034.127,XGBoost,region_a
2023-09-28 07:00:00,5908.01,5807.395,XGBoost,region_a
2023-09-28 08:00:00,6227.93,6092.235,XGBoost,region_a
2023-09-28 09:00:00,6128.03,5989.695,XGBoost,region_a
2023-09-28 10:00:00,5728.8,5725.4004,XGBoost,region_a
2023-09-28 11:00:00,5452.59,5360.0747,XGBoost,region_a
2023-09-28 12:00:00,5206.59,5107.735,XGBoost,region_a
2023-09-28 13:00:00,4924.83,5098.529,XGBoost,region_a
2023-09-28 14:00:00,4963.93,5123.19,XGBoost,region_a
2023-09-28 15:00:00,5298.59,5386.194,XGBoost,region_a
2023-09-28 16:00:00,5775.62,5828.0186,XGBoost,region_a
2023-09-28 17:00:00,6331.94,6422.6953,XGBoost,region_a
2023-09-28 18:00:00,6925.64,6966.0,XGBoost,region_a
2023-09-28 19:00:00,7319.46,7181.4453,XGBoost,region_a
2023-09-28 20:00:00,7177.02,6981.7974,XGBoost,region_a
2023-09-28 21:00:00,6067.2,6345.7285,XGBoost,region_a
2023-09-28 22:00:00,5621.59,5502.9956,XGBoost,region_a
2023-09-28 23:00:00,5183.18,4949.101,XGBoost,region_a
2023-09-29 00:00:00,4029.52,4020.9434,XGBoost,region_a
2023-09-29 01:00:00,3697.71,3753.0637,XGBoost,region_a
2023-09-29 02:00:00,3460.51,3458.7722,XGBoost,region_a
2023-09-29 03:00:00,3334.27,3398.094,XGBoost,region_a
2023-09-29 04:00:00,3641.1,3673.2056,XGBoost,region_a
2023-09-29 05:00:00,4127.78,4298.4414,XGBoost,region_a
2023-09-29 06:00:00,5082.37,4986.704,XGBoost,region_a
2023-09-29 07:00:00,5723.22,5818.1094,XGBoost,region_a
2023-09-29 08:00:00,6208.38,6151.8784,XGBoost,region_a
2023-09-29 09:00:00,6013.98,6027.23,XGBoost,region_a
2023-09-29 10:00:00,5619.56,5784.9526,XGBoost,region_a
2023-09-29 11:00:00,5370.23,5356.086,XGBoost,region_a
2023-09-29 12:00:00,5151.82,5130.77,XGBoost,region_a
2023-09-29 13:00:00,4815.08,5004.674,XGBoost,region_a
2023-09-29 14:00:00,5056.08,5008.597,XGBoost,region_a
2023-09-29 15:00:00,5150.21,5299.355,XGBoost,region_a
2023-09-29 16:00:00,5732.25,5810.593,XGBoost,region_a
2023-09-29 17:00:00,6031.16,6309.963,XGBoost,region_a
2023-09-29 18:00:00,6713.8,6782.244,XGBoost,region_a
2023-09-29 19:00:00,6907.62,7064.582,XGBoost,region_a
2023-09-29 20:00:00,6723.87,6814.6772,XGBoost,region_a
2023-09-29 21:00:00,6301.21,6145.8545,XGBoost,region_a
2023-09-29 22:00:00,5602.11,5554.5186,XGBoost,region_a
2023-09-29 23:00:00,5133.1,4993.9565,XGBoost,region_a
2023-09-30 00:00:00,3814.88,3794.4143,XGBoost,region_a
2023-09-30 01:00:00,3604.03,3528.2302,XGBoost,region_a
2023-09-30 02:00:00,3103.11,3245.5178,XGBoost,region_a
2023-09-30 03:00:00,3211.48,3149.9578,XGBoost,region_a
2023-09-30 04:00:00,3367.06,3395.4453,XGBoost,region_a
2023-09-30 05:00:00,3936.53,3921.0586,XGBoost,region_a
2023-09-30 06:00:00,4659.82,4604.003,XGBoost,region_a
2023-09-30 07:00:00,5232.32,5316.797,XGBoost,region_a
2023-09-30 08:00:00,5302.14,5610.8037,XGBoost,region_a
2023-09-30 09:00:00,5296.71,5451.3335,XGBoost,region_a
2023-09-30 10:00:00,5208.96,5071.9766,XGBoost,region_a
2023-09-30 11:00:00,4700.52,4831.2197,XGBoost,region_a
2023-09-30 12:00:00,4456.9,4512.2754,XGBoost,region_a
2023-09-30 13:00:00,4235.05,4435.447,XGBoost,region_a
2023-09-30 14:00:00,4348.15,4419.9414,XGBoost,region_a
2023-09-30 15:00:00,4755.99,4710.173,XGBoost,region_a
2023-09-30 16:00:00,5235.83,5280.9087,XGBoost,region_a
2023-09-30 17:00:00,5960.8,5751.781,XGBoost,region_a
2023-09-30 18:00:00,6687.17,6457.967,XGBoost,region_a
2023-09-30 19:00:00,6726.87,6792.7476,XGBoost,region_a
2023-09-30 20:00:00,6421.74,6498.4395,XGBoost,region_a
2023-09-30 21:00:00,5779.31,5809.6045,XGBoost,region_a
2023-09-30 22:00:00,5192.85,5204.4004,XGBoost,region_a
2023-09-30 23:00:00,4750.54,4649.0566,XGBoost,region_a
2023-10-01 00:00:00,3805.8,3789.3792,XGBoost,region_a
2023-10-01 01:00:00,3492.73,3479.7292,XGBoost,region_a
2023-10-01 02:00:00,3178.25,3229.9062,XGBoost,region_a
2023-10-01 03:00:00,3212.09,3184.1929,XGBoost,region_a
2023-10-01 04:00:00,3378.82,3424.9426,XGBoost,region_a
2023-10-01 05:00:00,3970.71,3976.6492,XGBoost,region_a
2023-10-01 06:00:00,4688.66,4649.0894,XGBoost,region_a
2023-10-01 07:00:00,5296.95,5299.9824,XGBoost,region_a
2023-10-01 08:00:00,5590.58,5448.3813,XGBoost,region_a
2023-10-01 09:00:00,5293.24,5393.587,XGBoost,region_a
2023-10-01 10:00:00,5108.43,5141.22,XGBoost,region_a
2023-10-01 11:00:00,4629.02,4783.8774,XGBoost,region_a
2023-10-01 12:00:00,4491.13,4512.1235,XGBoost,region_a
2023-10-01 13:00:00,4211.91,4387.5615,XGBoost,region_a
2023-10-01 14:00:00,4474.92,4368.608,XGBoost,region_a
2023-10-01 15:00:00,4840.47,4739.2563,XGBoost,region_a
2023-10-01 16:00:00,5353.12,5259.701,XGBoost,region_a
2023-10-01 17:00:00,5932.93,5882.999,XGBoost,region_a
2023-10-01 18:00:00,6131.83,6471.9907,XGBoost,region_a
2023-10-01 19:00:00,6889.74,6645.247,XGBoost,region_a
2023-10-01 20:00:00,6275.12,6363.9404,XGBoost,region_a
2023-10-01 21:00:00,5833.7,5734.083,XGBoost,region_a
2023-10-01 22:00:00,5066.19,5246.2026,XGBoost,region_a
2023-10-01 23:00:00,4567.69,4663.5957,XGBoost,region_a
2023-10-02 00:00:00,3966.18,4048.7297,XGBoost,region_a
2023-10-02 01:00:00,3896.52,3736.9138,XGBoost,region_a
2023-10-02 02:00:00,3630.26,3574.349,XGBoost,region_a
2023-10-02 03:00:00,3535.97,3510.801,XGBoost,region_a
2023-10-02 04:00:00,3637.75,3735.135,XGBoost,region_a
2023-10-02 05:00:00,4331.64,4211.4355,XGBoost,region_a
2023-10-02 06:00:00,5155.31,5081.2817,XGBoost,region_a
2023-10-02 07:00:00,5800.82,5810.41,XGBoost,region_a
2023-10-02 08:00:00,6069.27,6256.253,XGBoost,region_a
2023-10-02 09:00:00,6151.89,6132.895,XGBoost,region_a
2023-10-02 10:00:00,5779.76,5785.0483,XGBoost,region_a
2023-10-02 11:00:00,5479.38,5288.3057,XGBoost,region_a
2023-10-02 12:00:00,5114.78,5152.4683,XGBoost,region_a
2023-10-02 13:00:00,5058.49,5028.3228,XGBoost,region_a
2023-10-02 14:00:00,5001.28,5021.8794,XGBoost,region_a
2023-10-02 15:00:00,5300.18,5329.564,XGBoost,region_a
2023-10-02 16:00:00,5901.04,5744.312,XGBoost,region_a
2023-10-02 17:00:00,6364.33,6399.6533,XGBoost,region_a
2023-10-02 18:00:00,7142.01,7059.5854,XGBoost,region_a
2023-10-02 19:00:00,7373.82,7271.2188,XGBoost,region_a
2023-10-02 20:00:00,6723.29,6982.701,XGBoost,region_a
2023-10-02 21:00:00,6198.95,6251.4194,XGBoost,region_a
2023-10-02 22:00:00,5458.21,5587.1064,XGBoost,region_a
2023-10-02 23:00:00,4937.27,4991.0747,XGBoost,region_a
2023-10-03 00:00:00,4088.31,4023.1995,XGBoost,region_a
2023-10-03 01:00:00,3834.83,3765.322,XGBoost,region_a
2023-10-03 02:00:00,3384.77,3500.8699,XGBoost,region_a
2023-10-03 03:00:00,3457.55,3399.155,XGBoost,region_a
2023-10-03 04:00:00,3754.64,3675.099,XGBoost,region_a
2023-10-03 05:00:00,4125.65,4325.8877,XGBoost,region_a
2023-10-03 06:00:00,4936.44,5013.6284,XGBoost,region_a
2023-10-03 07:00:00,5534.94,5778.6084,XGBoost,region_a
2023-10-03 08:00:00,6167.81,6033.321,XGBoost,region_a
2023-10-03 09:00:00,6090.37,6159.9326,XGBoost,region_a
2023-10-03 10:00:00,5599.25,5780.2666,XGBoost,region_a
2023-10-03 11:00:00,5263.63,5365.0005,XGBoost,region_a
2023-10-03 12:00:00,5280.62,5068.131,XGBoost,region_a
2023-10-03 13:00:00,4940.16,5183.098,XGBoost,region_a
2023-10-03 14:00:00,5158.71,5097.242,XGBoost,region_a
2023-10-03 15:00:00,5338.32,5316.251,XGBoost,region_a
2023-10-03 16:00:00,6089.74,5881.105,XGBoost,region_a
2023-10-03 17:00:00,6446.95,6449.505,XGBoost,region_a
2023-10-03 18:00:00,6688.860000000001,7026.825,XGBoost,region_a
2023-10-03 19:00:00,6930.77,7127.4844,XGBoost,region_a
2023-10-03 20:00:00,7019.98,6826.9375,XGBoost,region_a
2023-10-03 21:00:00,6071.85,6305.6367,XGBoost,region_a
2023-10-03 22:00:00,5575.73,5455.238,XGBoost,region_a
2023-10-03 23:00:00,4907.89,4999.8315,XGBoost,region_a
2023-10-04 00:00:00,4005.98,4050.9265,XGBoost,region_a
2023-10-04 01:00:00,3734.7,3719.6829,XGBoost,region_a
2023-10-04 02:00:00,3275.92,3463.6821,XGBoost,region_a
2023-10-04 03:00:00,3519.0,3359.8477,XGBoost,region_a
2023-10-04 04:00:00,3805.3,3702.401,XGBoost,region_a
2023-10-04 05:00:00,4401.34,4313.4756,XGBoost,region_a
2023-10-04 06:00:00,5096.22,5067.452,XGBoost,region_a
2023-10-04 07:00:00,5791.64,5750.868,XGBoost,region_a
2023-10-04 08:00:00,6176.6,6066.1113,XGBoost,region_a
2023-10-04 09:00:00,6029.02,6086.3643,XGBoost,region_a
2023-10-04 10:00:00,5440.59,5637.105,XGBoost,region_a
2023-10-04 11:00:00,5309.32,5234.209,XGBoost,region_a
2023-10-04 12:00:00,5118.95,5121.1523,XGBoost,region_a
2023-10-04 13:00:00,4958.41,4984.897,XGBoost,region_a
2023-10-04 14:00:00,5154.4,5050.914,XGBoost,region_a
2023-10-04 15:00:00,5090.36,5311.076,XGBoost,region_a
2023-10-04 16:00:00,5694.07,5799.6997,XGBoost,region_a
2023-10-04 17:00:00,6515.57,6338.4146,XGBoost,region_a
2023-10-04 18:00:00,6660.96,6935.946,XGBoost,region_a
2023-10-04 19:00:00,7267.37,7089.88,XGBoost,region_a
2023-10-04 20:00:00,6546.99,6646.886,XGBoost,region_a
2023-10-04 21:00:00,6237.14,6106.4346,XGBoost,region_a
2023-10-04 22:00:00,5537.32,5563.7593,XGBoost,region_a
2023-10-04 23:00:00,4740.95,4978.4946,XGBoost,region_a
2023-10-05 00:00:00,3954.58,4006.088,XGBoost,region_a
2023-10-05 01:00:00,3545.64,3688.9324,XGBoost,region_a
2023-10-05 02:00:00,3386.84,3428.3813,XGBoost,region_a
2023-10-05 03:00:00,3237.14,3384.1416,XGBoost,region_a
2023-10-05 04:00:00,3633.18,3643.7617,XGBoost,region_a
2023-10-05 05:00:00,4195.11,4262.7007,XGBoost,region_a
2023-10-05 06:00:00,4880.01,5031.572,XGBoost,region_a
2023-10-05 07:00:00,5734.11,5694.2705,XGBoost,region_a
2023-10-05 08:00:00,6026.34,6209.9644,XGBoost,region_a
2023-10-05 09:00:00,5967.81,6109.991,XGBoost,region_a
2023-10-05 10:00:00,5784.92,5627.831,XGBoost,region_a
2023-10-05 11:00:00,5283.23,5360.121,XGBoost,region_a
2023-10-05 12:00:00,5036.81,5102.3823,XGBoost,region_a
2023-10-05 13:00:00,5012.52,4954.1333,XGBoost,region_a
2023-10-05 14:00:00,5011.67,5039.849,XGBoost,region_a
2023-10-05 15:00:00,5390.23,5223.201,XGBoost,region_a
2023-10-05 16:00:00,5904.889999999999,5830.882,XGBoost,region_a
2023-10-05 17:00:00,6419.55,6355.9507,XGBoost,region_a
2023-10-05 18:00:00,6873.45,6867.2124,XGBoost,region_a
2023-10-05 19:00:00,7316.43,7029.054,XGBoost,region_a
2023-10-05 20:00:00,6946.66,6876.8574,XGBoost,region_a
2023-10-05 21:00:00,6095.77,6203.45,XGBoost,region_a
2023-10-05 22:00:00,5482.19,5526.2515,XGBoost,region_a
2023-10-05 23:00:00,5003.54,5015.12,XGBoost,region_a
2023-10-06 00:00:00,4026.1,4033.3962,XGBoost,region_a
2023-10-06 01:00:00,3748.1,3708.0322,XGBoost,region_a
2023-10-06 02:00:00,3538.11,3465.54,XGBoost,region_a
2023-10-06 03:00:00,3376.04,3426.7002,XGBoost,region_a
2023-10-06 04:00:00,3661.51,3665.5496,XGBoost,region_a
2023-10-06 05:00:00,4282.67,4196.585,XGBoost,region_a
2023-10-06 06:00:00,4925.91,5047.184,XGBoost,region_a
2023-10-06 07:00:00,5795.02,5747.091,XGBoost,region_a
2023-10-06 08:00:00,6178.56,6154.4497,XGBoost,region_a
2023-10-06 09:00:00,6013.43,5993.9487,XGBoost,region_a
2023-10-06 10:00:00,5641.97,5679.7803,XGBoost,region_a
2023-10-06 11:00:00,5249.26,5292.206,XGBoost,region_a
2023-10-06 12:00:00,4767.19,5013.39,XGBoost,region_a
2023-10-06 13:00:00,5162.48,4958.823,XGBoost,region_a
2023-10-06 14:00:00,5131.38,5211.1904,XGBoost,region_a
2023-10-06 15:00:00,5390.85,5407.6055,XGBoost,region_a
2023-10-06 16:00:00,6049.47,5894.093,XGBoost,region_a
2023-10-06 17:00:00,6494.8,6359.981,XGBoost,region_a
2023-10-06 18:00:00,7121.38,6992.0166,XGBoost,region_a
2023-10-06 19:00:00,7274.48,7259.6514,XGBoost,region_a
2023-10-06 20:00:00,6886.23,6943.792,XGBoost,region_a
2023-10-06 21:00:00,6220.2,6253.1733,XGBoost,region_a
2023-10-06 22:00:00,5850.8,5548.5586,XGBoost,region_a
2023-10-06 23:00:00,4973.24,5084.1943,XGBoost,region_a
2023-10-07 00:00:00,3752.19,3753.2732,XGBoost,region_a
2023-10-07 01:00:00,3386.76,3540.9473,XGBoost,region_a
2023-10-07 02:00:00,3128.66,3204.64,XGBoost,region_a
2023-10-07 03:00:00,3066.96,3131.2747,XGBoost,region_a
2023-10-07 04:00:00,3388.89,3393.0,XGBoost,region_a
2023-10-07 05:00:00,4069.05,3969.3018,XGBoost,region_a
2023-10-07 06:00:00,4571.16,4663.561,XGBoost,region_a
2023-10-07 07:00:00,5184.27,5231.1943,XGBoost,region_a
2023-10-07 08:00:00,5495.4,5949.238,XGBoost,region_a
2023-10-07 09:00:00,5268.24,5336.5327,XGBoost,region_a
2023-10-07 10:00:00,5095.3,5101.4077,XGBoost,region_a
2023-10-07 11:00:00,4684.81,4665.047,XGBoost,region_a
2023-10-07 12:00:00,4457.52,4496.5244,XGBoost,region_a
2023-10-07 13:00:00,4232.99,4481.999,XGBoost,region_a
2023-10-07 14:00:00,4509.75,4415.3027,XGBoost,region_a
2023-10-07 15:00:00,4760.82,4787.8457,XGBoost,region_a
2023-10-07 16:00:00,5329.86,5303.278,XGBoost,region_a
2023-10-07 17:00:00,5850.5,5912.7637,XGBoost,region_a
2023-10-07 18:00:00,6570.1,6529.486,XGBoost,region_a
2023-10-07 19:00:00,6772.37,6722.1655,XGBoost,region_a
2023-10-07 20:00:00,6442.57,6537.42,XGBoost,region_a
2023-10-07 21:00:00,5809.31,5785.408,XGBoost,region_a
2023-10-07 22:00:00,5161.82,5243.9136,XGBoost,region_a
2023-10-07 23:00:00,4648.85,4631.8794,XGBoost,region_a
2023-10-08 00:00:00,3691.88,3789.6003,XGBoost,region_a
2023-10-08 01:00:00,3436.64,3446.9001,XGBoost,region_a
2023-10-08 02:00:00,3120.25,3228.6716,XGBoost,region_a
2023-10-08 03:00:00,3078.75,3158.1973,XGBoost,region_a
2023-10-08 04:00:00,3314.92,3394.7168,XGBoost,region_a
2023-10-08 05:00:00,3944.48,3997.8,XGBoost,region_a
2023-10-08 06:00:00,4504.15,4577.4463,XGBoost,region_a
2023-10-08 07:00:00,5210.36,5172.254,XGBoost,region_a
2023-10-08 08:00:00,5290.89,5494.222,XGBoost,region_a
2023-10-08 09:00:00,5494.65,5288.789,XGBoost,region_a
2023-10-08 10:00:00,5012.89,5047.1606,XGBoost,region_a
2023-10-08 11:00:00,4766.51,4667.026,XGBoost,region_a
2023-10-08 12:00:00,4536.72,4498.7495,XGBoost,region_a
2023-10-08 13:00:00,4536.08,4314.93,XGBoost,region_a
2023-10-08 14:00:00,4556.23,4566.1855,XGBoost,region_a
2023-10-08 15:00:00,4982.77,4835.597,XGBoost,region_a
2023-10-08 16:00:00,5468.43,5387.0386,XGBoost,region_a
2023-10-08 17:00:00,6128.19,6009.0854,XGBoost,region_a
2023-10-08 18:00:00,6476.91,6557.735,XGBoost,region_a
2023-10-08 19:00:00,6773.38,6728.9365,XGBoost,region_a
2023-10-08 20:00:00,6458.16,6430.808,XGBoost,region_a
2023-10-08 21:00:00,5805.63,5728.638,XGBoost,region_a
2023-10-08 22:00:00,5210.52,5112.4756,XGBoost,region_a
2023-10-08 23:00:00,4628.53,4640.4194,XGBoost,region_a
2023-10-09 00:00:00,4053.12,4023.8704,XGBoost,region_a
2023-10-09 01:00:00,3639.92,3771.08,XGBoost,region_a
2023-10-09 02:00:00,3509.37,3512.2534,XGBoost,region_a
2023-10-09 03:00:00,3352.64,3425.1255,XGBoost,region_a
2023-10-09 04:00:00,3645.08,3674.221,XGBoost,region_a
2023-10-09 05:00:00,4406.81,4270.6978,XGBoost,region_a
2023-10-09 06:00:00,4958.74,5093.375,XGBoost,region_a
2023-10-09 07:00:00,5733.07,5723.416,XGBoost,region_a
2023-10-09 08:00:00,6192.67,6045.6006,XGBoost,region_a
2023-10-09 09:00:00,5943.06,6132.6577,XGBoost,region_a
2023-10-09 10:00:00,5779.4,5618.3804,XGBoost,region_a
2023-10-09 11:00:00,5055.18,5344.6587,XGBoost,region_a
2023-10-09 12:00:00,5264.9,5087.8833,XGBoost,region_a
2023-10-09 13:00:00,5106.38,5191.7026,XGBoost,region_a
2023-10-09 14:00:00,5314.65,5262.7393,XGBoost,region_a
2023-10-09 15:00:00,5699.16,5468.537,XGBoost,region_a
2023-10-09 16:00:00,6085.51,6043.8765,XGBoost,region_a
2023-10-09 17:00:00,6718.35,6605.984,XGBoost,region_a
2023-10-09 18:00:00,7051.1,7076.324,XGBoost,region_a
2023-10-09 19:00:00,7212.58,7274.1807,XGBoost,region_a
2023-10-09 20:00:00,6902.84,6928.1587,XGBoost,region_a
2023-10-09 21:00:00,6056.57,6193.146,XGBoost,region_a
2023-10-09 22:00:00,5459.54,5445.2544,XGBoost,region_a
2023-10-09 23:00:00,4817.2,5007.1567,XGBoost,region_a
2023-10-10 00:00:00,3946.28,4043.9412,XGBoost,region_a
2023-10-10 01:00:00,3710.18,3680.1362,XGBoost,region_a
2023-10-10 02:00:00,3518.75,3470.7832,XGBoost,region_a
2023-10-10 03:00:00,3376.62,3402.4995,XGBoost,region_a
2023-10-10 04:00:00,3720.25,3672.7468,XGBoost,region_a
2023-10-10 05:00:00,4344.0,4281.7017,XGBoost,region_a
2023-10-10 06:00:00,5041.92,5042.3013,XGBoost,region_a
2023-10-10 07:00:00,5777.03,5671.4146,XGBoost,region_a
2023-10-10 08:00:00,6049.7,6166.298,XGBoost,region_a
2023-10-10 09:00:00,5955.26,5990.9023,XGBoost,region_a
2023-10-10 10:00:00,5704.92,5656.6597,XGBoost,region_a
2023-10-10 11:00:00,5323.2,5189.445,XGBoost,region_a
2023-10-10 12:00:00,5071.26,5149.4824,XGBoost,region_a
2023-10-10 13:00:00,5027.43,5047.5977,XGBoost,region_a
2023-10-10 14:00:00,5112.58,5122.701,XGBoost,region_a
2023-10-10 15:00:00,5390.51,5488.0093,XGBoost,region_a
2023-10-10 16:00:00,5720.02,5933.397,XGBoost,region_a
2023-10-10 17:00:00,6540.35,6360.789,XGBoost,region_a
2023-10-10 18:00:00,7166.89,6983.1943,XGBoost,region_a
2023-10-10 19:00:00,7092.37,7241.0723,XGBoost,region_a
2023-10-10 20:00:00,6800.48,6934.935,XGBoost,region_a
2023-10-10 21:00:00,6263.94,6169.244,XGBoost,region_a
2023-10-10 22:00:00,5788.06,5539.9805,XGBoost,region_a
2023-10-10 23:00:00,5032.37,5018.1284,XGBoost,region_a
2023-10-11 00:00:00,4106.25,4031.3225,XGBoost,region_a
2023-10-11 01:00:00,3544.15,3750.263,XGBoost,region_a
2023-10-11 02:00:00,3393.93,3387.1821,XGBoost,region_a
2023-10-11 03:00:00,3360.73,3377.1934,XGBoost,region_a
2023-10-11 04:00:00,3494.4,3650.5503,XGBoost,region_a
2023-10-11 05:00:00,4205.16,4276.892,XGBoost,region_a
2023-10-11 06:00:00,5006.52,5012.5503,XGBoost,region_a
2023-10-11 07:00:00,5874.26,5812.5327,XGBoost,region_a
2023-10-11 08:00:00,5966.29,6161.505,XGBoost,region_a
2023-10-11 09:00:00,6053.1,5975.8584,XGBoost,region_a
2023-10-11 10:00:00,5621.37,5606.5596,XGBoost,region_a
2023-10-11 11:00:00,5241.75,5239.39,XGBoost,region_a
2023-10-11 12:00:00,5110.08,5038.0776,XGBoost,region_a
2023-10-11 13:00:00,4896.89,5007.36,XGBoost,region_a
2023-10-11 14:00:00,5022.2,5111.649,XGBoost,region_a
2023-10-11 15:00:00,5411.89,5366.9336,XGBoost,region_a
2023-10-11 16:00:00,6048.98,5877.0757,XGBoost,region_a
2023-10-11 17:00:00,6553.57,6554.724,XGBoost,region_a
2023-10-11 18:00:00,6696.12,7009.1797,XGBoost,region_a
2023-10-11 19:00:00,7300.94,7142.378,XGBoost,region_a
2023-10-11 20:00:00,6810.58,6942.867,XGBoost,region_a
2023-10-11 21:00:00,6193.97,6222.1377,XGBoost,region_a
2023-10-11 22:00:00,5786.32,5629.832,XGBoost,region_a
2023-10-11 23:00:00,5155.43,4968.31,XGBoost,region_a
2023-10-12 00:00:00,3986.48,4091.926,XGBoost,region_a
2023-10-12 01:00:00,3651.72,3663.3572,XGBoost,region_a
2023-10-12 02:00:00,3375.86,3445.3472,XGBoost,region_a
2023-10-12 03:00:00,3301.43,3313.802,XGBoost,region_a
2023-10-12 04:00:00,3685.72,3605.2722,XGBoost,region_a
2023-10-12 05:00:00,4319.0,4245.8887,XGBoost,region_a
2023-10-12 06:00:00,5138.08,4968.0425,XGBoost,region_a
2023-10-12 07:00:00,5787.96,5954.8574,XGBoost,region_a
2023-10-12 08:00:00,6134.35,5998.7144,XGBoost,region_a
2023-10-12 09:00:00,6015.87,6054.1675,XGBoost,region_a
2023-10-12 10:00:00,5653.87,5681.6772,XGBoost,region_a
2023-10-12 11:00:00,5412.82,5267.8154,XGBoost,region_a
2023-10-12 12:00:00,4959.58,5053.4697,XGBoost,region_a
2023-10-12 13:00:00,5017.37,4926.919,XGBoost,region_a
2023-10-12 14:00:00,5077.95,5013.788,XGBoost,region_a
2023-10-12 15:00:00,5477.96,5361.6045,XGBoost,region_a
2023-10-12 16:00:00,5769.28,5933.0356,XGBoost,region_a
2023-10-12 17:00:00,6288.93,6452.964,XGBoost,region_a
2023-10-12 18:00:00,7167.64,6956.9766,XGBoost,region_a
2023-10-12 19:00:00,7226.15,7238.119,XGBoost,region_a
2023-10-12 20:00:00,7115.92,6933.645,XGBoost,region_a
2023-10-12 21:00:00,6272.38,6302.7363,XGBoost,region_a
2023-10-12 22:00:00,5497.75,5671.2954,XGBoost,region_a
2023-10-12 23:00:00,4917.06,5008.1685,XGBoost,region_a
2023-10-13 00:00:00,3978.34,4038.3467,XGBoost,region_a
2023-10-13 01:00:00,3734.49,3681.5627,XGBoost,region_a
2023-10-13 02:00:00,3426.76,3457.356,XGBoost,region_a
2023-10-13 03:00:00,3349.15,3395.1943,XGBoost,region_a
2023-10-13 04:00:00,3786.02,3662.8662,XGBoost,region_a
2023-10-13 05:00:00,4342.8,4311.541,XGBoost,region_a
2023-10-13 06:00:00,5163.96,5046.0713,XGBoost,region_a
2023-10-13 07:00:00,5616.4,5840.5835,XGBoost,region_a
2023-10-13 08:00:00,6231.54,6156.584,XGBoost,region_a
2023-10-13 09:00:00,5970.46,6052.76,XGBoost,region_a
2023-10-13 10:00:00,5520.33,5655.8315,XGBoost,region_a
2023-10-13 11:00:00,5437.17,5257.8135,XGBoost,region_a
2023-10-13 12:00:00,4893.11,5010.76,XGBoost,region_a
2023-10-13 13:00:00,4907.9,4943.7183,XGBoost,region_a
2023-10-13 14:00:00,5119.41,5041.7964,XGBoost,region_a
2023-10-13 15:00:00,5371.65,5383.8125,XGBoost,region_a
2023-10-13 16:00:00,5766.4,5831.888,XGBoost,region_a
2023-10-13 17:00:00,6336.67,6367.8164,XGBoost,region_a
2023-10-13 18:00:00,6951.6,6937.3774,XGBoost,region_a
2023-10-13 19:00:00,7213.04,7182.7285,XGBoost,region_a
2023-10-13 20:00:00,6914.88,6915.009,XGBoost,region_a
2023-10-13 21:00:00,6333.01,6215.506,XGBoost,region_a
2023-10-13 22:00:00,5517.15,5601.978,XGBoost,region_a
2023-10-13 23:00:00,5032.34,4997.387,XGBoost,region_a
2023-10-14 00:00:00,3856.98,3725.3674,XGBoost,region_a
2023-10-14 01:00:00,3430.07,3500.6743,XGBoost,region_a
2023-10-14 02:00:00,3182.42,3213.767,XGBoost,region_a
2023-10-14 03:00:00,3104.13,3165.0205,XGBoost,region_a
2023-10-14 04:00:00,3377.6,3445.1445,XGBoost,region_a
2023-10-14 05:00:00,3928.15,3970.0776,XGBoost,region_a
2023-10-14 06:00:00,4675.18,4612.8765,XGBoost,region_a
2023-10-14 07:00:00,5193.19,5199.4976,XGBoost,region_a
2023-10-14 08:00:00,5498.76,5546.5796,XGBoost,region_a
2023-10-14 09:00:00,5387.43,5331.4204,XGBoost,region_a
2023-10-14 10:00:00,4904.18,5055.9336,XGBoost,region_a
2023-10-14 11:00:00,4609.76,4698.4233,XGBoost,region_a
2023-10-14 12:00:00,4456.36,4485.918,XGBoost,region_a
2023-10-14 13:00:00,4494.78,4462.08,XGBoost,region_a
2023-10-14 14:00:00,4531.66,4584.4287,XGBoost,region_a
2023-10-14 15:00:00,4758.76,4822.7466,XGBoost,region_a
2023-10-14 16:00:00,5313.09,5314.346,XGBoost,region_a
2023-10-14 17:00:00,6039.43,5891.474,XGBoost,region_a
2023-10-14 18:00:00,6324.48,6587.058,XGBoost,region_a
2023-10-14 19:00:00,6681.68,6679.0015,XGBoost,region_a
2023-10-14 20:00:00,6607.19,6474.4575,XGBoost,region_a
2023-10-14 21:00:00,5877.83,5889.798,XGBoost,region_a
2023-10-14 22:00:00,5179.98,5163.305,XGBoost,region_a
2023-10-14 23:00:00,4501.26,4619.9785,XGBoost,region_a
2023-10-15 00:00:00,3706.14,3768.573,XGBoost,region_a
2023-10-15 01:00:00,3441.96,3436.4924,XGBoost,region_a
2023-10-15 02:00:00,3136.39,3210.9827,XGBoost,region_a
2023-10-15 03:00:00,3202.45,3147.1155,XGBoost,region_a
2023-10-15 04:00:00,3367.88,3402.7258,XGBoost,region_a
2023-10-15 05:00:00,3829.57,3950.4612,XGBoost,region_a
2023-10-15 06:00:00,4500.45,4603.769,XGBoost,region_a
2023-10-15 07:00:00,5040.43,5155.1216,XGBoost,region_a
2023-10-15 08:00:00,5451.87,5431.094,XGBoost,region_a
2023-10-15 09:00:00,5467.36,5407.6104,XGBoost,region_a
2023-10-15 10:00:00,5158.05,4991.383,XGBoost,region_a
2023-10-15 11:00:00,4835.76,4676.3833,XGBoost,region_a
2023-10-15 12:00:00,4396.1,4540.2593,XGBoost,region_a
2023-10-15 13:00:00,4447.82,4480.1494,XGBoost,region_a
2023-10-15 14:00:00,4379.32,4535.812,XGBoost,region_a
2023-10-15 15:00:00,4769.78,4834.961,XGBoost,region_a
2023-10-15 16:00:00,5241.42,5298.55,XGBoost,region_a
2023-10-15 17:00:00,5903.01,5925.1147,XGBoost,region_a
2023-10-15 18:00:00,6449.97,6431.116,XGBoost,region_a
2023-10-15 19:00:00,6496.68,6695.802,XGBoost,region_a
2023-10-15 20:00:00,6686.24,6463.9478,XGBoost,region_a
2023-10-15 21:00:00,5661.43,5934.585,XGBoost,region_a
2023-10-15 22:00:00,5287.54,5096.953,XGBoost,region_a
2023-10-15 23:00:00,4561.37,4625.9663,XGBoost,region_a
2023-10-16 00:00:00,4025.14,4030.6536,XGBoost,region_a
2023-10-16 01:00:00,3713.24,3683.522,XGBoost,region_a
2023-10-16 02:00:00,3422.07,3458.9036,XGBoost,region_a
2023-10-16 03:00:00,3344.77,3414.6592,XGBoost,region_a
2023-10-16 04:00:00,3633.09,3664.0808,XGBoost,region_a
2023-10-16 05:00:00,4228.12,4282.1343,XGBoost,region_a
2023-10-16 06:00:00,4968.47,4968.699,XGBoost,region_a
2023-10-16 07:00:00,5716.57,5668.573,XGBoost,region_a
2023-10-16 08:00:00,6110.03,6164.5894,XGBoost,region_a
2023-10-16 09:00:00,6094.59,6094.809,XGBoost,region_a
2023-10-16 10:00:00,5573.34,5719.154,XGBoost,region_a
2023-10-16 11:00:00,5329.0,5191.298,XGBoost,region_a
2023-10-16 12:00:00,5229.13,5106.9062,XGBoost,region_a
2023-10-16 13:00:00,4845.6,5057.9595,XGBoost,region_a
2023-10-16 14:00:00,5078.74,5049.5635,XGBoost,region_a
2023-10-16 15:00:00,5221.6,5456.652,XGBoost,region_a
2023-10-16 16:00:00,5763.75,5837.8843,XGBoost,region_a
2023-10-16 17:00:00,6236.0,6397.599,XGBoost,region_a
2023-10-16 18:00:00,6873.27,6856.7065,XGBoost,region_a
2023-10-16 19:00:00,7213.85,6679.1865,XGBoost,region_a
2023-10-16 20:00:00,6768.84,6961.5054,XGBoost,region_a
2023-10-16 21:00:00,6051.73,6094.069,XGBoost,region_a
2023-10-16 22:00:00,5601.57,5487.773,XGBoost,region_a
2023-10-16 23:00:00,4845.25,4885.4536,XGBoost,region_a
2023-10-17 00:00:00,3971.39,4019.4187,XGBoost,region_a
2023-10-17 01:00:00,3709.16,3696.1682,XGBoost,region_a
2023-10-17 02:00:00,3494.32,3451.9111,XGBoost,region_a
2023-10-17 03:00:00,3524.22,3394.5254,XGBoost,region_a
2023-10-17 04:00:00,3749.23,3723.534,XGBoost,region_a
2023-10-17 05:00:00,4485.42,4350.3765,XGBoost,region_a
2023-10-17 06:00:00,4855.89,5088.063,XGBoost,region_a
2023-10-17 07:00:00,5720.33,5679.8267,XGBoost,region_a
2023-10-17 08:00:00,6093.42,6114.9985,XGBoost,region_a
2023-10-17 09:00:00,5845.08,6060.4517,XGBoost,region_a
2023-10-17 10:00:00,5727.15,5636.1226,XGBoost,region_a
2023-10-17 11:00:00,5239.56,5259.451,XGBoost,region_a
2023-10-17 12:00:00,4976.06,5050.1284,XGBoost,region_a
2023-10-17 13:00:00,4746.65,4950.9155,XGBoost,region_a
2023-10-17 14:00:00,4980.95,4973.738,XGBoost,region_a
2023-10-17 15:00:00,5357.68,5224.1753,XGBoost,region_a
2023-10-17 16:00:00,5819.55,5787.374,XGBoost,region_a
2023-10-17 17:00:00,6449.68,6364.198,XGBoost,region_a
2023-10-17 18:00:00,7005.2,6962.0767,XGBoost,region_a
2023-10-17 19:00:00,7231.02,7204.3394,XGBoost,region_a
2023-10-17 20:00:00,6885.84,6899.8335,XGBoost,region_a
2023-10-17 21:00:00,6339.43,6203.0234,XGBoost,region_a
2023-10-17 22:00:00,5527.7,5633.9956,XGBoost,region_a
2023-10-17 23:00:00,5215.9,4993.5786,XGBoost,region_a
2023-10-18 00:00:00,4140.81,4096.705,XGBoost,region_a
2023-10-18 01:00:00,3802.11,3751.5674,XGBoost,region_a
2023-10-18 02:00:00,3628.4,3538.5737,XGBoost,region_a
2023-10-18 03:00:00,3653.05,3550.9966,XGBoost,region_a
2023-10-18 04:00:00,3924.69,3830.4292,XGBoost,region_a
2023-10-18 05:00:00,4615.53,4535.2637,XGBoost,region_a
2023-10-18 06:00:00,5374.3,5282.422,XGBoost,region_a
2023-10-18 07:00:00,6112.33,5931.9395,XGBoost,region_a
2023-10-18 08:00:00,6221.19,6244.5493,XGBoost,region_a
2023-10-18 09:00:00,6193.8,6041.32,XGBoost,region_a
2023-10-18 10:00:00,5698.15,5721.874,XGBoost,region_a
2023-10-18 11:00:00,5248.34,5262.6846,XGBoost,region_a
2023-10-18 12:00:00,5036.56,5036.647,XGBoost,region_a
2023-10-18 13:00:00,4921.28,4914.5854,XGBoost,region_a
2023-10-18 14:00:00,4978.96,5029.0483,XGBoost,region_a
2023-10-18 15:00:00,5379.98,5315.7695,XGBoost,region_a
2023-10-18 16:00:00,5756.39,5866.6143,XGBoost,region_a
2023-10-18 17:00:00,6279.925,6385.6543,XGBoost,region_a
2023-10-18 18:00:00,6803.46,6950.859,XGBoost,region_a
2023-10-18 19:00:00,7060.98,7139.1313,XGBoost,region_a
2023-10-18 20:00:00,7061.72,6878.298,XGBoost,region_a
2023-10-18 21:00:00,6183.79,6317.124,XGBoost,region_a
2023-10-18 22:00:00,5417.99,5601.2744,XGBoost,region_a
2023-10-18 23:00:00,5218.04,5073.0386,XGBoost,region_a
2023-10-19 00:00:00,4168.905000000001,4204.1694,XGBoost,region_a
2023-10-19 01:00:00,3883.49,3835.7056,XGBoost,region_a
2023-10-19 02:00:00,3657.03,3611.5496,XGBoost,region_a
2023-10-19 03:00:00,3646.58,3577.9712,XGBoost,region_a
2023-10-19 04:00:00,3880.23,3916.72,XGBoost,region_a
2023-10-19 05:00:00,4312.92,4543.0156,XGBoost,region_a
2023-10-19 06:00:00,5447.81,5198.3306,XGBoost,region_a
2023-10-19 07:00:00,5846.74,5981.499,XGBoost,region_a
2023-10-19 08:00:00,6218.64,6236.1787,XGBoost,region_a
2023-10-19 09:00:00,6085.12,6088.1743,XGBoost,region_a
2023-10-19 10:00:00,5801.469999999999,5692.9404,XGBoost,region_a
2023-10-19 11:00:00,5517.82,5328.565,XGBoost,region_a
2023-10-19 12:00:00,4963.54,5075.237,XGBoost,region_a
2023-10-19 13:00:00,4864.61,4944.4365,XGBoost,region_a
2023-10-19 14:00:00,5030.97,5016.7456,XGBoost,region_a
2023-10-19 15:00:00,5311.44,5340.925,XGBoost,region_a
2023-10-19 16:00:00,5837.95,5779.2686,XGBoost,region_a
2023-10-19 17:00:00,6283.65,6344.5034,XGBoost,region_a
2023-10-19 18:00:00,6915.48,6921.3066,XGBoost,region_a
2023-10-19 19:00:00,7149.68,7088.0522,XGBoost,region_a
2023-10-19 20:00:00,6793.72,6925.9727,XGBoost,region_a
2023-10-19 21:00:00,6181.43,6207.6445,XGBoost,region_a
2023-10-19 22:00:00,5619.0,5560.61,XGBoost,region_a
2023-10-19 23:00:00,4991.92,5067.1753,XGBoost,region_a
2023-10-20 00:00:00,4129.42,4113.909,XGBoost,region_a
2023-10-20 01:00:00,3827.13,3794.8875,XGBoost,region_a
2023-10-20 02:00:00,3557.35,3526.5662,XGBoost,region_a
2023-10-20 03:00:00,3559.47,3478.667,XGBoost,region_a
2023-10-20 04:00:00,3768.71,3790.0298,XGBoost,region_a
2023-10-20 05:00:00,4367.08,4384.802,XGBoost,region_a
2023-10-20 06:00:00,5177.62,5226.5,XGBoost,region_a
2023-10-20 07:00:00,5884.34,5813.4287,XGBoost,region_a
2023-10-20 08:00:00,6064.99,6209.1313,XGBoost,region_a
2023-10-20 09:00:00,6249.28,6055.148,XGBoost,region_a
2023-10-20 10:00:00,5847.12,5680.8096,XGBoost,region_a
2023-10-20 11:00:00,5306.93,5391.5312,XGBoost,region_a
2023-10-20 12:00:00,4871.47,5011.1143,XGBoost,region_a
2023-10-20 13:00:00,4729.54,4940.4653,XGBoost,region_a
2023-10-20 14:00:00,5065.98,4990.195,XGBoost,region_a
2023-10-20 15:00:00,5487.46,5298.14,XGBoost,region_a
2023-10-20 16:00:00,5767.44,5858.0796,XGBoost,region_a
2023-10-20 17:00:00,6335.75,6365.2646,XGBoost,region_a
2023-10-20 18:00:00,6947.97,6897.3525,XGBoost,region_a
2023-10-20 19:00:00,7192.46,6993.1836,XGBoost,region_a
2023-10-20 20:00:00,6670.29,6921.085,XGBoost,region_a
2023-10-20 21:00:00,6214.89,6187.4316,XGBoost,region_a
2023-10-20 22:00:00,5526.56,5538.4473,XGBoost,region_a
2023-10-20 23:00:00,5001.76,5005.5083,XGBoost,region_a
2023-10-21 00:00:00,3781.83,3810.9177,XGBoost,region_a
2023-10-21 01:00:00,3495.51,3477.636,XGBoost,region_a
2023-10-21 02:00:00,3208.69,3224.9924,XGBoost,region_a
2023-10-21 03:00:00,3165.69,3180.0884,XGBoost,region_a
2023-10-21 04:00:00,3423.05,3436.4617,XGBoost,region_a
2023-10-21 05:00:00,3904.0,3968.0002,XGBoost,region_a
2023-10-21 06:00:00,4651.77,4630.465,XGBoost,region_a
2023-10-21 07:00:00,5358.63,5245.729,XGBoost,region_a
2023-10-21 08:00:00,5710.72,5571.653,XGBoost,region_a
2023-10-21 09:00:00,5513.85,5500.3755,XGBoost,region_a
2023-10-21 10:00:00,5213.23,5134.2773,XGBoost,region_a
2023-10-21 11:00:00,4563.74,4787.093,XGBoost,region_a
2023-10-21 12:00:00,4342.37,4496.576,XGBoost,region_a
2023-10-21 13:00:00,4468.37,4445.1235,XGBoost,region_a
2023-10-21 14:00:00,4549.87,4549.3506,XGBoost,region_a
2023-10-21 15:00:00,4728.45,4837.399,XGBoost,region_a
2023-10-21 16:00:00,5386.46,5268.67,XGBoost,region_a
2023-10-21 17:00:00,5893.2,5928.568,XGBoost,region_a
2023-10-21 18:00:00,6340.96,6427.1562,XGBoost,region_a
2023-10-21 19:00:00,6813.98,6670.406,XGBoost,region_a
2023-10-21 20:00:00,6701.66,6525.7812,XGBoost,region_a
2023-10-21 21:00:00,6144.37,6022.946,XGBoost,region_a
2023-10-21 22:00:00,5478.41,5356.5273,XGBoost,region_a
2023-10-21 23:00:00,4891.12,4844.673,XGBoost,region_a
2023-10-22 00:00:00,4026.72,3954.0876,XGBoost,region_a
2023-10-22 01:00:00,3896.72,3747.843,XGBoost,region_a
2023-10-22 02:00:00,3564.75,3553.107,XGBoost,region_a
2023-10-22 03:00:00,3572.02,3399.1997,XGBoost,region_a
2023-10-22 04:00:00,3725.53,3693.8174,XGBoost,region_a
2023-10-22 05:00:00,4338.11,4095.9275,XGBoost,region_a
2023-10-22 06:00:00,4865.83,4887.9395,XGBoost,region_a
2023-10-22 07:00:00,5552.6,5398.4756,XGBoost,region_a
2023-10-22 08:00:00,5595.43,5773.2183,XGBoost,region_a
2023-10-22 09:00:00,5532.99,5513.5703,XGBoost,region_a
2023-10-22 10:00:00,5234.58,5118.6895,XGBoost,region_a
2023-10-22 11:00:00,4731.58,4699.2905,XGBoost,region_a
2023-10-22 12:00:00,4522.99,4446.579,XGBoost,region_a
2023-10-22 13:00:00,4321.26,4459.467,XGBoost,region_a
2023-10-22 14:00:00,4488.68,4502.394,XGBoost,region_a
2023-10-22 15:00:00,4853.86,4791.3335,XGBoost,region_a
2023-10-22 16:00:00,5200.49,5369.612,XGBoost,region_a
2023-10-22 17:00:00,6055.93,5920.0874,XGBoost,region_a
2023-10-22 18:00:00,6614.66,6445.837,XGBoost,region_a
2023-10-22 19:00:00,6552.235000000001,6750.85,XGBoost,region_a
2023-10-22 20:00:00,6489.81,6509.416,XGBoost,region_a
2023-10-22 21:00:00,5724.36,5908.128,XGBoost,region_a
2023-10-22 22:00:00,4987.94,5316.8193,XGBoost,region_a
2023-10-22 23:00:00,4570.69,4692.554,XGBoost,region_a
2023-10-23 00:00:00,3955.45,4120.8315,XGBoost,region_a
2023-10-23 01:00:00,3861.29,3775.5803,XGBoost,region_a
2023-10-23 02:00:00,3527.78,3567.5024,XGBoost,region_a
2023-10-23 03:00:00,3496.58,3536.4321,XGBoost,region_a
2023-10-23 04:00:00,3777.43,3832.3728,XGBoost,region_a
2023-10-23 05:00:00,4305.41,4500.8433,XGBoost,region_a
2023-10-23 06:00:00,5167.65,5167.708,XGBoost,region_a
2023-10-23 07:00:00,6013.24,5946.4766,XGBoost,region_a
2023-10-23 08:00:00,6390.03,6326.6514,XGBoost,region_a
2023-10-23 09:00:00,6216.81,6225.953,XGBoost,region_a
2023-10-23 10:00:00,5905.94,5704.734,XGBoost,region_a
2023-10-23 11:00:00,5349.45,5347.8027,XGBoost,region_a
2023-10-23 12:00:00,5055.19,5153.3438,XGBoost,region_a
2023-10-23 13:00:00,5036.86,5026.19,XGBoost,region_a
2023-10-23 14:00:00,5140.51,5117.851,XGBoost,region_a
2023-10-23 15:00:00,5374.92,5312.2466,XGBoost,region_a
2023-10-23 16:00:00,5686.0,5769.532,XGBoost,region_a
2023-10-23 17:00:00,6113.26,6424.7437,XGBoost,region_a
2023-10-23 18:00:00,7044.12,6910.457,XGBoost,region_a
2023-10-23 19:00:00,7381.39,6720.5723,XGBoost,region_a
2023-10-23 20:00:00,6774.56,6977.909,XGBoost,region_a
2023-10-23 21:00:00,6301.4,6305.5767,XGBoost,region_a
2023-10-23 22:00:00,5643.77,5632.092,XGBoost,region_a
2023-10-23 23:00:00,5120.78,5045.793,XGBoost,region_a
2023-10-24 00:00:00,14951.41,3820.0388,XGBoost,region_a
2023-10-24 01:00:00,3552.41,3903.275,XGBoost,region_a
2023-10-24 02:00:00,3308.03,3173.7004,XGBoost,region_a
2023-10-24 03:00:00,3119.81,3184.8323,XGBoost,region_a
2023-10-24 04:00:00,3299.81,3388.5657,XGBoost,region_a
2023-10-24 05:00:00,3834.7299999999996,3910.714,XGBoost,region_a
2023-10-24 06:00:00,4369.65,4470.867,XGBoost,region_a
2023-10-24 07:00:00,4907.28,4975.847,XGBoost,region_a
2023-10-24 08:00:00,5393.91,5408.738,XGBoost,region_a
2023-10-24 09:00:00,5100.97,5295.3867,XGBoost,region_a
2023-10-24 10:00:00,4877.29,4988.9653,XGBoost,region_a
2023-10-24 11:00:00,4606.08,4588.283,XGBoost,region_a
2023-10-24 12:00:00,4324.32,4363.18,XGBoost,region_a
2023-10-24 13:00:00,4259.57,4324.728,XGBoost,region_a
2023-10-24 14:00:00,4277.75,4433.8438,XGBoost,region_a
2023-10-24 15:00:00,4589.06,4546.841,XGBoost,region_a
2023-10-24 16:00:00,4903.52,4894.1187,XGBoost,region_a
2023-10-24 17:00:00,5385.27,5550.401,XGBoost,region_a
2023-10-24 18:00:00,6304.58,6193.207,XGBoost,region_a
2023-10-24 19:00:00,6150.74,6617.6787,XGBoost,region_a
2023-10-24 20:00:00,6109.01,6049.0293,XGBoost,region_a
2023-10-24 21:00:00,5527.35,5724.3203,XGBoost,region_a
2023-10-24 22:00:00,5008.29,4783.9937,XGBoost,region_a
2023-10-24 23:00:00,4296.95,4494.5635,XGBoost,region_a
2023-10-25 00:00:00,4058.56,5163.081,XGBoost,region_a
2023-10-25 01:00:00,3700.37,3698.1973,XGBoost,region_a
2023-10-25 02:00:00,3418.07,3517.1316,XGBoost,region_a
2023-10-25 03:00:00,3243.28,3485.8923,XGBoost,region_a
2023-10-25 04:00:00,3677.46,3758.8186,XGBoost,region_a
2023-10-25 05:00:00,4393.85,4229.1978,XGBoost,region_a
2023-10-25 06:00:00,5008.5,5083.9297,XGBoost,region_a
2023-10-25 07:00:00,5993.4,5777.3115,XGBoost,region_a
2023-10-25 08:00:00,6104.99,6401.7515,XGBoost,region_a
2023-10-25 09:00:00,5926.89,6023.075,XGBoost,region_a
2023-10-25 10:00:00,5698.24,5516.568,XGBoost,region_a
2023-10-25 11:00:00,5012.45,5184.076,XGBoost,region_a
2023-10-25 12:00:00,5153.49,4886.016,XGBoost,region_a
2023-10-25 13:00:00,5129.81,4901.8286,XGBoost,region_a
2023-10-25 14:00:00,5093.77,4961.5605,XGBoost,region_a
2023-10-25 15:00:00,5343.02,5222.6177,XGBoost,region_a
2023-10-25 16:00:00,5724.63,5611.8564,XGBoost,region_a
2023-10-25 17:00:00,6535.63,6063.266,XGBoost,region_a
2023-10-25 18:00:00,7136.7,6612.5938,XGBoost,region_a
2023-10-25 19:00:00,7324.1,6874.0386,XGBoost,region_a
2023-10-25 20:00:00,6649.7,6701.6416,XGBoost,region_a
2023-10-25 21:00:00,6264.54,5977.72,XGBoost,region_a
2023-10-25 22:00:00,5681.21,5461.151,XGBoost,region_a
2023-10-25 23:00:00,5341.79,5017.3584,XGBoost,region_a
2023-10-26 00:00:00,4270.52,4276.814,XGBoost,region_a
2023-10-26 01:00:00,3872.72,3925.4363,XGBoost,region_a
2023-10-26 02:00:00,3754.66,3609.8833,XGBoost,region_a
2023-10-26 03:00:00,3638.52,3563.7407,XGBoost,region_a
2023-10-26 04:00:00,3939.98,3821.764,XGBoost,region_a
2023-10-26 05:00:00,4473.71,4377.2627,XGBoost,region_a
2023-10-26 06:00:00,5493.78,5168.226,XGBoost,region_a
2023-10-26 07:00:00,5990.35,5941.028,XGBoost,region_a
2023-10-26 08:00:00,6348.75,6202.0996,XGBoost,region_a
2023-10-26 09:00:00,5930.05,5962.2373,XGBoost,region_a
2023-10-26 10:00:00,5673.28,5613.273,XGBoost,region_a
2023-10-26 11:00:00,5288.05,5237.629,XGBoost,region_a
2023-10-26 12:00:00,4996.9,5002.6206,XGBoost,region_a
2023-10-26 13:00:00,4944.95,4919.875,XGBoost,region_a
2023-10-26 14:00:00,5059.79,4998.6416,XGBoost,region_a
2023-10-26 15:00:00,5530.87,5218.819,XGBoost,region_a
2023-10-26 16:00:00,5608.41,5767.122,XGBoost,region_a
2023-10-26 17:00:00,6302.14,6278.9155,XGBoost,region_a
2023-10-26 18:00:00,6777.6,6922.5615,XGBoost,region_a
2023-10-26 19:00:00,7384.0,7064.0615,XGBoost,region_a
2023-10-26 20:00:00,7005.59,6851.9507,XGBoost,region_a
2023-10-26 21:00:00,6105.46,6219.0454,XGBoost,region_a
2023-10-26 22:00:00,5420.9,5529.77,XGBoost,region_a
2023-10-26 23:00:00,5073.38,4988.5254,XGBoost,region_a
2023-10-27 00:00:00,4249.78,4106.9956,XGBoost,region_a
2023-10-27 01:00:00,3908.2,3801.2605,XGBoost,region_a
2023-10-27 02:00:00,3709.35,3597.3777,XGBoost,region_a
2023-10-27 03:00:00,3497.24,3591.6934,XGBoost,region_a
2023-10-27 04:00:00,3861.01,3802.8557,XGBoost,region_a
2023-10-27 05:00:00,4571.76,4470.3486,XGBoost,region_a
2023-10-27 06:00:00,5162.66,5281.3716,XGBoost,region_a
2023-10-27 07:00:00,5800.15,5899.3374,XGBoost,region_a
2023-10-27 08:00:00,5994.76,6199.063,XGBoost,region_a
2023-10-27 09:00:00,5816.77,5970.3633,XGBoost,region_a
2023-10-27 10:00:00,5611.24,5602.184,XGBoost,region_a
2023-10-27 11:00:00,5302.55,5214.449,XGBoost,region_a
2023-10-27 12:00:00,5012.98,4990.0938,XGBoost,region_a
2023-10-27 13:00:00,4966.31,4847.5537,XGBoost,region_a
2023-10-27 14:00:00,4920.5,4983.892,XGBoost,region_a
2023-10-27 15:00:00,5387.18,5319.471,XGBoost,region_a
2023-10-27 16:00:00,5689.51,5817.387,XGBoost,region_a
2023-10-27 17:00:00,6434.56,6324.465,XGBoost,region_a
2023-10-27 18:00:00,6853.05,6978.6357,XGBoost,region_a
2023-10-27 19:00:00,7108.6,7153.6763,XGBoost,region_a
2023-10-27 20:00:00,7043.17,6869.531,XGBoost,region_a
2023-10-27 21:00:00,6198.25,6226.234,XGBoost,region_a
2023-10-27 22:00:00,5596.65,5447.6504,XGBoost,region_a
2023-10-27 23:00:00,4995.05,4964.2183,XGBoost,region_a
2023-10-28 00:00:00,3748.01,3775.4688,XGBoost,region_a
2023-10-28 01:00:00,3431.5,3533.735,XGBoost,region_a
2023-10-28 02:00:00,3222.34,3289.0676,XGBoost,region_a
2023-10-28 03:00:00,3119.6,3156.8127,XGBoost,region_a
2023-10-28 04:00:00,3526.65,3437.9407,XGBoost,region_a
2023-10-28 05:00:00,3941.67,4043.5574,XGBoost,region_a
2023-10-28 06:00:00,4594.43,4637.114,XGBoost,region_a
2023-10-28 07:00:00,5026.55,5247.6987,XGBoost,region_a
2023-10-28 08:00:00,5597.65,5455.1694,XGBoost,region_a
2023-10-28 09:00:00,5281.23,5392.395,XGBoost,region_a
2023-10-28 10:00:00,4913.03,5048.9224,XGBoost,region_a
2023-10-28 11:00:00,4676.46,4642.7725,XGBoost,region_a
2023-10-28 12:00:00,4379.81,4470.378,XGBoost,region_a
2023-10-28 13:00:00,4472.02,4458.2407,XGBoost,region_a
2023-10-28 14:00:00,4697.72,4536.15,XGBoost,region_a
2023-10-28 15:00:00,4772.19,4853.209,XGBoost,region_a
2023-10-28 16:00:00,5222.2,5255.73,XGBoost,region_a
2023-10-28 17:00:00,6005.31,5861.29,XGBoost,region_a
2023-10-28 18:00:00,6303.31,6466.526,XGBoost,region_a
2023-10-28 19:00:00,6637.06,6642.941,XGBoost,region_a
2023-10-28 20:00:00,6285.16,6483.3516,XGBoost,region_a
2023-10-28 21:00:00,5946.07,5794.7007,XGBoost,region_a
2023-10-28 22:00:00,5329.27,5176.969,XGBoost,region_a
2023-10-28 23:00:00,4653.0,4721.0723,XGBoost,region_a
2023-10-29 00:00:00,3894.79,3898.8337,XGBoost,region_a
2023-10-29 01:00:00,3554.97,3646.613,XGBoost,region_a
2023-10-29 02:00:00,3392.5,3352.979,XGBoost,region_a
2023-10-29 03:00:00,3222.1,3276.7905,XGBoost,region_a
2023-10-29 04:00:00,3644.69,3463.455,XGBoost,region_a
2023-10-29 05:00:00,4129.49,4079.9417,XGBoost,region_a
2023-10-29 06:00:00,4641.84,4714.1064,XGBoost,region_a
2023-10-29 07:00:00,5470.08,5258.6675,XGBoost,region_a
2023-10-29 08:00:00,5511.19,5577.152,XGBoost,region_a
2023-10-29 09:00:00,5417.94,5377.5044,XGBoost,region_a
2023-10-29 10:00:00,4983.7,5065.8726,XGBoost,region_a
2023-10-29 11:00:00,4743.95,4611.113,XGBoost,region_a
2023-10-29 12:00:00,4438.5,4402.048,XGBoost,region_a
2023-10-29 13:00:00,4361.14,4378.2427,XGBoost,region_a
2023-10-29 14:00:00,4504.03,4490.1206,XGBoost,region_a
2023-10-29 15:00:00,4713.76,4685.072,XGBoost,region_a
2023-10-29 16:00:00,5277.78,5149.196,XGBoost,region_a
2023-10-29 17:00:00,6044.96,5901.8535,XGBoost,region_a
2023-10-29 18:00:00,6575.21,6479.6426,XGBoost,region_a
2023-10-29 19:00:00,6709.99,6696.74,XGBoost,region_a
2023-10-29 20:00:00,6492.92,6347.7935,XGBoost,region_a
2023-10-29 21:00:00,5985.65,5752.9844,XGBoost,region_a
2023-10-29 22:00:00,5067.12,5148.2876,XGBoost,region_a
2023-10-29 23:00:00,4561.97,4600.5654,XGBoost,region_a
2023-10-30 00:00:00,3974.74,4004.962,XGBoost,region_a
2023-10-30 01:00:00,3713.6,3756.3628,XGBoost,region_a
2023-10-30 02:00:00,3418.85,3444.9722,XGBoost,region_a
2023-10-30 03:00:00,3532.03,3392.9783,XGBoost,region_a
2023-10-30 04:00:00,3651.04,3740.485,XGBoost,region_a
2023-10-30 05:00:00,4545.08,4321.9434,XGBoost,region_a
2023-10-30 06:00:00,5076.78,5103.8027,XGBoost,region_a
2023-10-30 07:00:00,5910.25,5857.9507,XGBoost,region_a
2023-10-30 08:00:00,6330.04,6230.1045,XGBoost,region_a
2023-10-30 09:00:00,6138.31,6088.3687,XGBoost,region_a
2023-10-30 10:00:00,5595.25,5673.1943,XGBoost,region_a
2023-10-30 11:00:00,5372.82,5240.1704,XGBoost,region_a
2023-10-30 12:00:00,4854.4,5039.2886,XGBoost,region_a
2023-10-30 13:00:00,4937.32,4889.607,XGBoost,region_a
2023-10-30 14:00:00,5017.25,5022.5806,XGBoost,region_a
2023-10-30 15:00:00,5268.7,5177.8755,XGBoost,region_a
2023-10-30 16:00:00,5777.42,5673.9976,XGBoost,region_a
2023-10-30 17:00:00,6325.49,6352.4478,XGBoost,region_a
2023-10-30 18:00:00,6894.21,6912.289,XGBoost,region_a
2023-10-30 19:00:00,7280.96,7081.292,XGBoost,region_a
2023-10-30 20:00:00,6944.0,6878.5474,XGBoost,region_a
2023-10-30 21:00:00,6142.48,6281.9507,XGBoost,region_a
2023-10-30 22:00:00,5787.67,5624.988,XGBoost,region_a
2023-10-30 23:00:00,4970.31,5090.1587,XGBoost,region_a
2023-10-31 00:00:00,4193.0,5168.783,XGBoost,region_a
2023-10-31 01:00:00,4067.81,3847.034,XGBoost,region_a
2023-10-31 02:00:00,3663.18,3745.315,XGBoost,region_a
2023-10-31 03:00:00,3765.47,3533.6396,XGBoost,region_a
2023-10-31 04:00:00,3754.71,3853.6248,XGBoost,region_a
2023-10-31 05:00:00,4527.75,4495.786,XGBoost,region_a
2023-10-31 06:00:00,4965.01,5073.2563,XGBoost,region_a
2023-10-31 07:00:00,5725.32,5607.5347,XGBoost,region_a
2023-10-31 08:00:00,6278.83,5965.1284,XGBoost,region_a
2023-10-31 09:00:00,6065.53,5901.9507,XGBoost,region_a
2023-10-31 10:00:00,5732.19,5577.2324,XGBoost,region_a
2023-10-31 11:00:00,5210.66,5406.9233,XGBoost,region_a
2023-10-31 12:00:00,5031.76,4906.669,XGBoost,region_a
2023-10-31 13:00:00,5042.13,4871.3916,XGBoost,region_a
2023-10-31 14:00:00,5079.88,4935.3086,XGBoost,region_a
2023-10-31 15:00:00,5326.47,5167.761,XGBoost,region_a
2023-10-31 16:00:00,5754.2,5766.8096,XGBoost,region_a
2023-10-31 17:00:00,6155.67,6242.2485,XGBoost,region_a
2023-10-31 18:00:00,7037.47,6784.2583,XGBoost,region_a
2023-10-31 19:00:00,7378.93,6937.3125,XGBoost,region_a
2023-10-31 20:00:00,6925.21,7005.115,XGBoost,region_a
2023-10-31 21:00:00,6171.14,6215.736,XGBoost,region_a
2023-10-31 22:00:00,5584.4,5552.2397,XGBoost,region_a
2023-10-31 23:00:00,5167.32,4951.405,XGBoost,region_a
2023-11-01 00:00:00,4149.87,4139.2837,XGBoost,region_a
2023-11-01 01:00:00,3877.17,3913.6147,XGBoost,region_a
2023-11-01 02:00:00,3489.14,3600.8096,XGBoost,region_a
2023-11-01 03:00:00,3623.94,3483.8352,XGBoost,region_a
2023-11-01 04:00:00,3684.95,3784.2302,XGBoost,region_a
2023-11-01 05:00:00,4639.98,4452.783,XGBoost,region_a
2023-11-01 06:00:00,5283.34,5188.2754,XGBoost,region_a
2023-11-01 07:00:00,5713.43,5909.6,XGBoost,region_a
2023-11-01 08:00:00,6045.08,6227.053,XGBoost,region_a
2023-11-01 09:00:00,6087.02,6047.3354,XGBoost,region_a
2023-11-01 10:00:00,5760.39,5719.1826,XGBoost,region_a
2023-11-01 11:00:00,5129.03,5252.9814,XGBoost,region_a
2023-11-01 12:00:00,4932.93,5003.952,XGBoost,region_a
2023-11-01 13:00:00,5004.66,4957.1025,XGBoost,region_a
2023-11-01 14:00:00,5099.83,5047.569,XGBoost,region_a
2023-11-01 15:00:00,5333.31,5325.112,XGBoost,region_a
2023-11-01 16:00:00,5762.53,5767.5444,XGBoost,region_a
2023-11-01 17:00:00,6451.6,6330.2607,XGBoost,region_a
2023-11-01 18:00:00,6952.96,7010.029,XGBoost,region_a
2023-11-01 19:00:00,7193.07,7253.3774,XGBoost,region_a
2023-11-01 20:00:00,6942.6,6895.1924,XGBoost,region_a
2023-11-01 21:00:00,6165.2,6230.183,XGBoost,region_a
2023-11-01 22:00:00,5543.43,5610.3853,XGBoost,region_a
2023-11-01 23:00:00,5168.95,5117.1807,XGBoost,region_a
2023-11-02 00:00:00,4209.86,4176.348,XGBoost,region_a
2023-11-02 01:00:00,3849.51,3899.9478,XGBoost,region_a
2023-11-02 02:00:00,3655.87,3583.601,XGBoost,region_a
2023-11-02 03:00:00,3281.08,3595.6824,XGBoost,region_a
2023-11-02 04:00:00,3759.97,3784.2842,XGBoost,region_a
2023-11-02 05:00:00,4377.79,4470.476,XGBoost,region_a
2023-11-02 06:00:00,5243.25,5179.818,XGBoost,region_a
2023-11-02 07:00:00,5934.83,5868.7866,XGBoost,region_a
2023-11-02 08:00:00,6336.26,6190.502,XGBoost,region_a
2023-11-02 09:00:00,6247.5,6041.702,XGBoost,region_a
2023-11-02 10:00:00,5815.99,5733.796,XGBoost,region_a
2023-11-02 11:00:00,5444.93,5278.9,XGBoost,region_a
2023-11-02 12:00:00,5053.69,5081.745,XGBoost,region_a
2023-11-02 13:00:00,5032.42,4972.255,XGBoost,region_a
2023-11-02 14:00:00,5083.5,5062.906,XGBoost,region_a
2023-11-02 15:00:00,5361.27,5395.1978,XGBoost,region_a
2023-11-02 16:00:00,5808.79,5780.4126,XGBoost,region_a
2023-11-02 17:00:00,6566.62,6374.2173,XGBoost,region_a
2023-11-02 18:00:00,6776.24,6955.0947,XGBoost,region_a
2023-11-02 19:00:00,7240.43,7136.7134,XGBoost,region_a
2023-11-02 20:00:00,7071.74,6796.451,XGBoost,region_a
2023-11-02 21:00:00,6185.72,6213.9487,XGBoost,region_a
2023-11-02 22:00:00,5482.36,5504.2476,XGBoost,region_a
2023-11-02 23:00:00,5051.69,5099.923,XGBoost,region_a
2023-11-03 00:00:00,4196.05,4227.5913,XGBoost,region_a
2023-11-03 01:00:00,3873.89,3891.1147,XGBoost,region_a
2023-11-03 02:00:00,3640.42,3673.619,XGBoost,region_a
2023-11-03 03:00:00,3510.43,3570.1472,XGBoost,region_a
2023-11-03 04:00:00,4008.66,3858.2378,XGBoost,region_a
2023-11-03 05:00:00,4553.05,4484.295,XGBoost,region_a
2023-11-03 06:00:00,5333.67,5301.2246,XGBoost,region_a
2023-11-03 07:00:00,5856.59,5969.036,XGBoost,region_a
2023-11-03 08:00:00,6452.42,6274.832,XGBoost,region_a
2023-11-03 09:00:00,6098.17,6147.3145,XGBoost,region_a
2023-11-03 10:00:00,5626.91,5743.072,XGBoost,region_a
2023-11-03 11:00:00,5200.7,5316.0537,XGBoost,region_a
2023-11-03 12:00:00,5109.2,5010.987,XGBoost,region_a
2023-11-03 13:00:00,4982.16,4976.1304,XGBoost,region_a
2023-11-03 14:00:00,4969.22,5042.225,XGBoost,region_a
2023-11-03 15:00:00,5308.5,5358.8125,XGBoost,region_a
2023-11-03 16:00:00,5840.44,5838.7456,XGBoost,region_a
2023-11-03 17:00:00,6211.83,6506.782,XGBoost,region_a
2023-11-03 18:00:00,7095.42,6936.027,XGBoost,region_a
2023-11-03 19:00:00,7445.95,7198.0366,XGBoost,region_a
2023-11-03 20:00:00,7193.42,7121.3794,XGBoost,region_a
2023-11-03 21:00:00,6447.07,6417.42,XGBoost,region_a
2023-11-03 22:00:00,5819.32,5675.684,XGBoost,region_a
2023-11-03 23:00:00,5254.59,5178.8623,XGBoost,region_a
2023-11-04 00:00:00,3952.12,3924.575,XGBoost,region_a
2023-11-04 01:00:00,3631.15,3675.771,XGBoost,region_a
2023-11-04 02:00:00,3478.18,3448.2673,XGBoost,region_a
2023-11-04 03:00:00,3357.0,3306.963,XGBoost,region_a
2023-11-04 04:00:00,3598.36,3675.9944,XGBoost,region_a
2023-11-04 05:00:00,4104.38,4219.18,XGBoost,region_a
2023-11-04 06:00:00,4763.18,4798.62,XGBoost,region_a
2023-11-04 07:00:00,5497.0,5302.7505,XGBoost,region_a
2023-11-04 08:00:00,5576.97,5681.838,XGBoost,region_a
2023-11-04 09:00:00,5659.24,5396.391,XGBoost,region_a
2023-11-04 10:00:00,5153.34,5101.4272,XGBoost,region_a
2023-11-04 11:00:00,4701.99,4702.5757,XGBoost,region_a
2023-11-04 12:00:00,4525.29,4509.7656,XGBoost,region_a
2023-11-04 13:00:00,4497.9,4505.6353,XGBoost,region_a
2023-11-04 14:00:00,4567.01,4584.2505,XGBoost,region_a
2023-11-04 15:00:00,4812.26,4794.235,XGBoost,region_a
2023-11-04 16:00:00,5392.58,5305.776,XGBoost,region_a
2023-11-04 17:00:00,5848.51,5949.3345,XGBoost,region_a
2023-11-04 18:00:00,6450.31,6511.1226,XGBoost,region_a
2023-11-04 19:00:00,6608.68,6732.567,XGBoost,region_a
2023-11-04 20:00:00,6481.23,6451.31,XGBoost,region_a
2023-11-04 21:00:00,5931.5,5902.296,XGBoost,region_a
2023-11-04 22:00:00,5310.06,5264.694,XGBoost,region_a
2023-11-04 23:00:00,4562.45,4746.4727,XGBoost,region_a
2023-11-05 00:00:00,4015.35,3953.4717,XGBoost,region_a
2023-11-05 01:00:00,3479.67,3643.3062,XGBoost,region_a
2023-11-05 02:00:00,3396.2,3372.0403,XGBoost,region_a
2023-11-05 03:00:00,3368.6,3279.8162,XGBoost,region_a
2023-11-05 04:00:00,3379.38,3670.0337,XGBoost,region_a
2023-11-05 05:00:00,4246.79,4132.486,XGBoost,region_a
2023-11-05 06:00:00,4782.24,4787.312,XGBoost,region_a
2023-11-05 07:00:00,5432.12,5425.946,XGBoost,region_a
2023-11-05 08:00:00,5507.16,5643.8867,XGBoost,region_a
2023-11-05 09:00:00,5500.38,5496.562,XGBoost,region_a
2023-11-05 10:00:00,5215.65,5079.849,XGBoost,region_a
2023-11-05 11:00:00,4827.28,4756.1685,XGBoost,region_a
2023-11-05 12:00:00,4455.36,4571.615,XGBoost,region_a
2023-11-05 13:00:00,4351.17,4467.076,XGBoost,region_a
2023-11-05 14:00:00,4418.13,4548.46,XGBoost,region_a
2023-11-05 15:00:00,4817.81,4798.855,XGBoost,region_a
2023-11-05 16:00:00,5380.48,5329.5376,XGBoost,region_a
2023-11-05 17:00:00,5938.14,5919.4556,XGBoost,region_a
2023-11-05 18:00:00,6482.64,6513.7334,XGBoost,region_a
2023-11-05 19:00:00,6783.7,6763.9917,XGBoost,region_a
2023-11-05 20:00:00,6330.47,6483.274,XGBoost,region_a
2023-11-05 21:00:00,5691.65,5791.8306,XGBoost,region_a
2023-11-05 22:00:00,5025.22,5124.8706,XGBoost,region_a
2023-11-05 23:00:00,4673.7,4605.983,XGBoost,region_a
2023-11-06 00:00:00,4157.51,4128.4917,XGBoost,region_a
2023-11-06 01:00:00,3807.57,3778.108,XGBoost,region_a
2023-11-06 02:00:00,3493.83,3529.2197,XGBoost,region_a
2023-11-06 03:00:00,3469.06,3465.0452,XGBoost,region_a
2023-11-06 04:00:00,3684.02,3726.171,XGBoost,region_a
2023-11-06 05:00:00,4486.52,4468.8823,XGBoost,region_a
2023-11-06 06:00:00,5205.0,5209.8936,XGBoost,region_a
2023-11-06 07:00:00,5760.87,5865.7144,XGBoost,region_a
2023-11-06 08:00:00,6331.83,6242.6094,XGBoost,region_a
2023-11-06 09:00:00,5947.62,6162.2944,XGBoost,region_a
2023-11-06 10:00:00,5631.84,6430.0913,XGBoost,region_a
2023-11-06 11:00:00,5142.89,5292.9976,XGBoost,region_a
2023-11-06 12:00:00,4833.72,4972.1655,XGBoost,region_a
2023-11-06 13:00:00,4938.61,4932.752,XGBoost,region_a
2023-11-06 14:00:00,4896.43,5048.632,XGBoost,region_a
2023-11-06 15:00:00,5228.96,5217.8145,XGBoost,region_a
2023-11-06 16:00:00,5839.03,5737.4604,XGBoost,region_a
2023-11-06 17:00:00,6389.41,6285.4004,XGBoost,region_a
2023-11-06 18:00:00,6939.16,6905.6426,XGBoost,region_a
2023-11-06 19:00:00,7200.9,7175.856,XGBoost,region_a
2023-11-06 20:00:00,6854.6,6941.6123,XGBoost,region_a
2023-11-06 21:00:00,6273.85,6213.9673,XGBoost,region_a
2023-11-06 22:00:00,5399.13,5714.7056,XGBoost,region_a
2023-11-06 23:00:00,5136.3,5063.256,XGBoost,region_a
2023-11-07 00:00:00,4153.82,4197.6777,XGBoost,region_a
2023-11-07 01:00:00,3981.56,3872.9124,XGBoost,region_a
2023-11-07 02:00:00,3649.72,3727.541,XGBoost,region_a
2023-11-07 03:00:00,3689.21,3616.2502,XGBoost,region_a
2023-11-07 04:00:00,3790.93,3900.6235,XGBoost,region_a
2023-11-07 05:00:00,4523.44,4537.2466,XGBoost,region_a
2023-11-07 06:00:00,5428.49,5193.9434,XGBoost,region_a
2023-11-07 07:00:00,6074.11,5945.755,XGBoost,region_a
2023-11-07 08:00:00,6387.14,6304.62,XGBoost,region_a
2023-11-07 09:00:00,6029.48,6058.6123,XGBoost,region_a
2023-11-07 10:00:00,5660.96,5669.6836,XGBoost,region_a
2023-11-07 11:00:00,5157.3,5205.937,XGBoost,region_a
2023-11-07 12:00:00,5016.24,5000.0103,XGBoost,region_a
2023-11-07 13:00:00,4938.63,4970.464,XGBoost,region_a
2023-11-07 14:00:00,4945.46,5042.572,XGBoost,region_a
2023-11-07 15:00:00,5147.18,5218.0605,XGBoost,region_a
2023-11-07 16:00:00,5714.86,5818.147,XGBoost,region_a
2023-11-07 17:00:00,6350.27,6354.8745,XGBoost,region_a
2023-11-07 18:00:00,6605.93,6933.353,XGBoost,region_a
2023-11-07 19:00:00,7310.05,7051.666,XGBoost,region_a
2023-11-07 20:00:00,7040.38,6967.3213,XGBoost,region_a
2023-11-07 21:00:00,6241.4,6324.5376,XGBoost,region_a
2023-11-07 22:00:00,5562.87,5517.507,XGBoost,region_a
2023-11-07 23:00:00,4999.35,5010.42,XGBoost,region_a
2023-11-08 00:00:00,4105.62,4045.9014,XGBoost,region_a
2023-11-08 01:00:00,3936.3,3886.9045,XGBoost,region_a
2023-11-08 02:00:00,3614.85,3616.4978,XGBoost,region_a
2023-11-08 03:00:00,3568.81,3573.0884,XGBoost,region_a
2023-11-08 04:00:00,3829.19,3754.4714,XGBoost,region_a
2023-11-08 05:00:00,4273.52,4459.141,XGBoost,region_a
2023-11-08 06:00:00,5320.62,5160.4297,XGBoost,region_a
2023-11-08 07:00:00,5658.84,5907.469,XGBoost,region_a
2023-11-08 08:00:00,6124.39,6187.76,XGBoost,region_a
2023-11-08 09:00:00,6081.85,6084.4033,XGBoost,region_a
2023-11-08 10:00:00,5702.73,5720.9854,XGBoost,region_a
2023-11-08 11:00:00,5163.87,5178.086,XGBoost,region_a
2023-11-08 12:00:00,5058.87,4994.5,XGBoost,region_a
2023-11-08 13:00:00,5024.52,4951.6016,XGBoost,region_a
2023-11-08 14:00:00,4942.76,5047.8237,XGBoost,region_a
2023-11-08 15:00:00,5218.52,5240.6343,XGBoost,region_a
2023-11-08 16:00:00,5714.83,5783.623,XGBoost,region_a
2023-11-08 17:00:00,6404.96,6332.927,XGBoost,region_a
2023-11-08 18:00:00,7032.45,6988.0596,XGBoost,region_a
2023-11-08 19:00:00,6998.39,7235.5537,XGBoost,region_a
2023-11-08 20:00:00,6720.67,6907.8765,XGBoost,region_a
2023-11-08 21:00:00,6189.99,6195.5327,XGBoost,region_a
2023-11-08 22:00:00,5588.74,5551.9375,XGBoost,region_a
2023-11-08 23:00:00,4955.28,5022.7637,XGBoost,region_a
2023-11-09 00:00:00,4024.97,4102.6475,XGBoost,region_a
2023-11-09 01:00:00,3983.53,3811.3706,XGBoost,region_a
2023-11-09 02:00:00,3542.64,3711.8064,XGBoost,region_a
2023-11-09 03:00:00,3478.08,3451.506,XGBoost,region_a
2023-11-09 04:00:00,3874.73,3776.8232,XGBoost,region_a
2023-11-09 05:00:00,4339.83,4391.91,XGBoost,region_a
2023-11-09 06:00:00,5029.28,5179.2305,XGBoost,region_a
2023-11-09 07:00:00,6004.76,5746.1914,XGBoost,region_a
2023-11-09 08:00:00,6263.33,6246.0415,XGBoost,region_a
2023-11-09 09:00:00,6148.18,6147.92,XGBoost,region_a
2023-11-09 10:00:00,5602.46,5710.993,XGBoost,region_a
2023-11-09 11:00:00,5394.77,5305.624,XGBoost,region_a
2023-11-09 12:00:00,4916.45,5080.593,XGBoost,region_a
2023-11-09 13:00:00,5001.97,4966.7285,XGBoost,region_a
2023-11-09 14:00:00,4861.55,5049.8667,XGBoost,region_a
2023-11-09 15:00:00,5338.87,5231.4946,XGBoost,region_a
2023-11-09 16:00:00,5728.09,5782.938,XGBoost,region_a
2023-11-09 17:00:00,6378.39,6352.7036,XGBoost,region_a
2023-11-09 18:00:00,6972.81,6972.694,XGBoost,region_a
2023-11-09 19:00:00,7215.95,7216.693,XGBoost,region_a
2023-11-09 20:00:00,6711.195,6932.406,XGBoost,region_a
2023-11-09 21:00:00,6206.44,6207.7876,XGBoost,region_a
2023-11-09 22:00:00,5602.68,5541.4526,XGBoost,region_a
2023-11-09 23:00:00,4956.01,5008.15,XGBoost,region_a
2023-11-10 00:00:00,4011.06,4053.129,XGBoost,region_a
2023-11-10 01:00:00,3867.92,3903.288,XGBoost,region_a
2023-11-10 02:00:00,3446.69,3555.8672,XGBoost,region_a
2023-11-10 03:00:00,3449.51,3396.8594,XGBoost,region_a
2023-11-10 04:00:00,3641.42,3802.578,XGBoost,region_a
2023-11-10 05:00:00,4170.0,4347.6206,XGBoost,region_a
2023-11-10 06:00:00,5191.82,5034.7183,XGBoost,region_a
2023-11-10 07:00:00,5451.14,5861.2876,XGBoost,region_a
2023-11-10 08:00:00,6245.45,6037.0386,XGBoost,region_a
2023-11-10 09:00:00,6026.87,6135.3896,XGBoost,region_a
2023-11-10 10:00:00,5787.55,5641.313,XGBoost,region_a
2023-11-10 11:00:00,5094.28,5328.6978,XGBoost,region_a
2023-11-10 12:00:00,4999.78,4966.115,XGBoost,region_a
2023-11-10 13:00:00,4952.89,4935.1704,XGBoost,region_a
2023-11-10 14:00:00,5131.8,5012.0483,XGBoost,region_a
2023-11-10 15:00:00,5065.58,5335.2817,XGBoost,region_a
2023-11-10 16:00:00,5928.42,5664.317,XGBoost,region_a
2023-11-10 17:00:00,6530.11,6399.899,XGBoost,region_a
2023-11-10 18:00:00,6849.31,6985.102,XGBoost,region_a
2023-11-10 19:00:00,7197.26,7174.221,XGBoost,region_a
2023-11-10 20:00:00,6855.27,6934.811,XGBoost,region_a
2023-11-10 21:00:00,6317.94,6236.9395,XGBoost,region_a
2023-11-10 22:00:00,5694.58,5632.653,XGBoost,region_a
2023-11-10 23:00:00,5232.25,5126.21,XGBoost,region_a
2023-11-11 00:00:00,3879.13,4009.5127,XGBoost,region_a
2023-11-11 01:00:00,3663.35,3639.8455,XGBoost,region_a
2023-11-11 02:00:00,3489.76,3427.044,XGBoost,region_a
2023-11-11 03:00:00,3291.74,3344.3506,XGBoost,region_a
2023-11-11 04:00:00,3609.01,3614.7524,XGBoost,region_a
2023-11-11 05:00:00,4329.5,4088.4138,XGBoost,region_a
2023-11-11 06:00:00,5053.51,4805.5156,XGBoost,region_a
2023-11-11 07:00:00,5415.54,5506.7183,XGBoost,region_a
2023-11-11 08:00:00,5708.91,5703.5103,XGBoost,region_a
2023-11-11 09:00:00,5566.04,5550.2305,XGBoost,region_a
2023-11-11 10:00:00,5203.43,5139.5645,XGBoost,region_a
2023-11-11 11:00:00,4649.12,4668.7554,XGBoost,region_a
2023-11-11 12:00:00,4502.64,4528.6577,XGBoost,region_a
2023-11-11 13:00:00,4498.2,4489.619,XGBoost,region_a
2023-11-11 14:00:00,4607.7,4585.724,XGBoost,region_a
2023-11-11 15:00:00,4827.99,4756.2715,XGBoost,region_a
2023-11-11 16:00:00,5289.1,5372.1797,XGBoost,region_a
2023-11-11 17:00:00,5860.28,5955.2285,XGBoost,region_a
2023-11-11 18:00:00,6603.75,6535.435,XGBoost,region_a
2023-11-11 19:00:00,6680.84,6766.525,XGBoost,region_a
2023-11-11 20:00:00,6686.76,6518.5776,XGBoost,region_a
2023-11-11 21:00:00,5838.15,5989.4316,XGBoost,region_a
2023-11-11 22:00:00,5343.66,5294.049,XGBoost,region_a
2023-11-11 23:00:00,4912.26,4778.0645,XGBoost,region_a
2023-11-12 00:00:00,3358.12,3573.4219,XGBoost,region_a
2023-11-12 01:00:00,3236.84,3150.9675,XGBoost,region_a
2023-11-12 02:00:00,2893.24,2980.9053,XGBoost,region_a
2023-11-12 03:00:00,2948.17,3018.1465,XGBoost,region_a
2023-11-12 04:00:00,3205.99,3173.1248,XGBoost,region_a
2023-11-12 05:00:00,3686.01,3758.1052,XGBoost,region_a
2023-11-12 06:00:00,4280.64,4336.4565,XGBoost,region_a
2023-11-12 07:00:00,4968.25,4729.528,XGBoost,region_a
2023-11-12 08:00:00,5102.61,5092.906,XGBoost,region_a
2023-11-12 09:00:00,5007.1,4919.514,XGBoost,region_a
2023-11-12 10:00:00,4510.38,4344.9404,XGBoost,region_a
2023-11-12 11:00:00,4173.54,4075.8706,XGBoost,region_a
2023-11-12 12:00:00,3836.7,3990.902,XGBoost,region_a
2023-11-12 13:00:00,3798.71,3740.6472,XGBoost,region_a
2023-11-12 14:00:00,3908.94,3773.7332,XGBoost,region_a
2023-11-12 15:00:00,4199.58,4063.4016,XGBoost,region_a
2023-11-12 16:00:00,4698.69,4522.7476,XGBoost,region_a
2023-11-12 17:00:00,5187.79,5345.8228,XGBoost,region_a
2023-11-12 18:00:00,5646.3,5724.202,XGBoost,region_a
2023-11-12 19:00:00,5860.07,5872.258,XGBoost,region_a
2023-11-12 20:00:00,5966.02,5847.391,XGBoost,region_a
2023-11-12 21:00:00,4972.36,5193.1733,XGBoost,region_a
2023-11-12 22:00:00,4655.07,4472.9883,XGBoost,region_a
2023-11-12 23:00:00,4219.77,4235.5693,XGBoost,region_a
2023-11-13 00:00:00,4224.64,4029.1584,XGBoost,region_a
2023-11-13 01:00:00,3848.26,3918.1326,XGBoost,region_a
2023-11-13 02:00:00,3683.24,3584.158,XGBoost,region_a
2023-11-13 03:00:00,3545.53,3579.3367,XGBoost,region_a
2023-11-13 04:00:00,3954.02,3805.9202,XGBoost,region_a
2023-11-13 05:00:00,4525.13,4518.17,XGBoost,region_a
2023-11-13 06:00:00,5351.91,5179.068,XGBoost,region_a
2023-11-13 07:00:00,5776.68,5922.4224,XGBoost,region_a
2023-11-13 08:00:00,6243.57,6141.0747,XGBoost,region_a
2023-11-13 09:00:00,6089.31,6151.2114,XGBoost,region_a
2023-11-13 10:00:00,5713.55,5760.6777,XGBoost,region_a
2023-11-13 11:00:00,5138.73,5154.0127,XGBoost,region_a
2023-11-13 12:00:00,5139.68,5011.1084,XGBoost,region_a
2023-11-13 13:00:00,4949.32,5031.552,XGBoost,region_a
2023-11-13 14:00:00,4951.05,5057.5986,XGBoost,region_a
2023-11-13 15:00:00,5369.57,5231.0186,XGBoost,region_a
2023-11-13 16:00:00,5752.275,5809.6006,XGBoost,region_a
2023-11-13 17:00:00,6134.98,6291.0923,XGBoost,region_a
2023-11-13 18:00:00,7081.3,6896.214,XGBoost,region_a
2023-11-13 19:00:00,7339.58,6891.477,XGBoost,region_a
2023-11-13 20:00:00,7105.11,6776.3325,XGBoost,region_a
2023-11-13 21:00:00,6546.23,6339.0474,XGBoost,region_a
2023-11-13 22:00:00,5673.91,5773.3228,XGBoost,region_a
2023-11-13 23:00:00,5163.63,5194.925,XGBoost,region_a
2023-11-14 00:00:00,4204.62,4236.185,XGBoost,region_a
2023-11-14 01:00:00,4160.99,3862.4507,XGBoost,region_a
2023-11-14 02:00:00,3625.11,3767.7456,XGBoost,region_a
2023-11-14 03:00:00,3553.33,3568.3616,XGBoost,region_a
2023-11-14 04:00:00,3752.02,3848.6116,XGBoost,region_a
2023-11-14 05:00:00,4475.22,4429.7007,XGBoost,region_a
2023-11-14 06:00:00,5230.16,5199.8213,XGBoost,region_a
2023-11-14 07:00:00,6055.86,6387.2476,XGBoost,region_a
2023-11-14 08:00:00,6263.44,6260.7925,XGBoost,region_a
2023-11-14 09:00:00,5993.73,6024.238,XGBoost,region_a
2023-11-14 10:00:00,5661.71,5650.471,XGBoost,region_a
2023-11-14 11:00:00,5118.61,5134.911,XGBoost,region_a
2023-11-14 12:00:00,4855.17,4945.091,XGBoost,region_a
2023-11-14 13:00:00,4828.68,4909.237,XGBoost,region_a
2023-11-14 14:00:00,5040.86,4977.9375,XGBoost,region_a
2023-11-14 15:00:00,5017.58,5256.2437,XGBoost,region_a
2023-11-14 16:00:00,5738.09,5641.101,XGBoost,region_a
2023-11-14 17:00:00,6293.69,6288.533,XGBoost,region_a
2023-11-14 18:00:00,6948.26,6873.568,XGBoost,region_a
2023-11-14 19:00:00,7325.45,7197.3013,XGBoost,region_a
2023-11-14 20:00:00,7009.09,7102.9756,XGBoost,region_a
2023-11-14 21:00:00,6361.67,6454.238,XGBoost,region_a
2023-11-14 22:00:00,5869.49,5728.555,XGBoost,region_a
2023-11-14 23:00:00,5383.29,5220.2925,XGBoost,region_a
2023-11-15 00:00:00,4348.81,4352.2036,XGBoost,region_a
2023-11-15 01:00:00,4016.55,4113.5503,XGBoost,region_a
2023-11-15 02:00:00,3760.06,3734.0688,XGBoost,region_a
2023-11-15 03:00:00,3699.14,3612.4429,XGBoost,region_a
2023-11-15 04:00:00,4165.12,3949.9812,XGBoost,region_a
2023-11-15 05:00:00,4962.82,4676.28,XGBoost,region_a
2023-11-15 06:00:00,5450.03,5556.68,XGBoost,region_a
2023-11-15 07:00:00,6191.9,6149.626,XGBoost,region_a
2023-11-15 08:00:00,6260.39,6473.189,XGBoost,region_a
2023-11-15 09:00:00,6231.53,6218.045,XGBoost,region_a
2023-11-15 10:00:00,5915.16,5763.407,XGBoost,region_a
2023-11-15 11:00:00,5225.53,5314.9077,XGBoost,region_a
2023-11-15 12:00:00,5156.92,5025.821,XGBoost,region_a
2023-11-15 13:00:00,4952.19,5029.5005,XGBoost,region_a
2023-11-15 14:00:00,5154.48,5032.8936,XGBoost,region_a
2023-11-15 15:00:00,5093.58,5271.9697,XGBoost,region_a
2023-11-15 16:00:00,5681.45,5706.415,XGBoost,region_a
2023-11-15 17:00:00,6347.19,6331.576,XGBoost,region_a
2023-11-15 18:00:00,7039.13,7020.2173,XGBoost,region_a
2023-11-15 19:00:00,7473.2,7373.625,XGBoost,region_a
2023-11-15 20:00:00,7250.67,7248.197,XGBoost,region_a
2023-11-15 21:00:00,6987.11,6660.8413,XGBoost,region_a
2023-11-15 22:00:00,5944.69,6100.4243,XGBoost,region_a
2023-11-15 23:00:00,5671.63,5406.8174,XGBoost,region_a
2023-11-16 00:00:00,4628.14,4409.6465,XGBoost,region_a
2023-11-16 01:00:00,4120.46,4200.991,XGBoost,region_a
2023-11-16 02:00:00,3943.47,3863.8794,XGBoost,region_a
2023-11-16 03:00:00,3873.42,3826.4944,XGBoost,region_a
2023-11-16 04:00:00,4084.87,4196.1655,XGBoost,region_a
2023-11-16 05:00:00,4926.9,4822.99,XGBoost,region_a
2023-11-16 06:00:00,5771.42,5585.566,XGBoost,region_a
2023-11-16 07:00:00,6487.63,6405.4,XGBoost,region_a
2023-11-16 08:00:00,6752.66,6572.0244,XGBoost,region_a
2023-11-16 09:00:00,6519.73,6489.573,XGBoost,region_a
2023-11-16 10:00:00,6200.92,5952.231,XGBoost,region_a
2023-11-16 11:00:00,5564.97,5671.413,XGBoost,region_a
2023-11-16 12:00:00,5148.74,5189.136,XGBoost,region_a
2023-11-16 13:00:00,5175.52,5094.362,XGBoost,region_a
2023-11-16 14:00:00,4985.4,5103.0054,XGBoost,region_a
2023-11-16 15:00:00,5369.67,5300.4854,XGBoost,region_a
2023-11-16 16:00:00,5807.97,5832.875,XGBoost,region_a
2023-11-16 17:00:00,6724.88,6544.969,XGBoost,region_a
2023-11-16 18:00:00,7193.73,7357.56,XGBoost,region_a
2023-11-16 19:00:00,7478.15,7489.2437,XGBoost,region_a
2023-11-16 20:00:00,7302.03,7291.228,XGBoost,region_a
2023-11-16 21:00:00,6725.12,6763.6904,XGBoost,region_a
2023-11-16 22:00:00,5810.93,6001.324,XGBoost,region_a
2023-11-16 23:00:00,5574.46,5493.647,XGBoost,region_a
2023-11-17 00:00:00,4583.87,4438.069,XGBoost,region_a
2023-11-17 01:00:00,4240.77,4138.922,XGBoost,region_a
2023-11-17 02:00:00,3974.12,3896.564,XGBoost,region_a
2023-11-17 03:00:00,3860.1,3831.8572,XGBoost,region_a
2023-11-17 04:00:00,4262.35,4194.586,XGBoost,region_a
2023-11-17 05:00:00,5248.03,4916.7397,XGBoost,region_a
2023-11-17 06:00:00,5625.13,5903.584,XGBoost,region_a
2023-11-17 07:00:00,6649.08,6337.451,XGBoost,region_a
2023-11-17 08:00:00,6976.12,6877.0044,XGBoost,region_a
2023-11-17 09:00:00,6704.44,6646.5454,XGBoost,region_a
2023-11-17 10:00:00,6209.84,6254.5034,XGBoost,region_a
2023-11-17 11:00:00,5469.95,5639.0967,XGBoost,region_a
2023-11-17 12:00:00,5155.33,5190.0405,XGBoost,region_a
2023-11-17 13:00:00,4973.05,5095.424,XGBoost,region_a
2023-11-17 14:00:00,5074.28,5082.6562,XGBoost,region_a
2023-11-17 15:00:00,5408.88,5294.6567,XGBoost,region_a
2023-11-17 16:00:00,5781.08,5913.9385,XGBoost,region_a
2023-11-17 17:00:00,6258.65,6516.2334,XGBoost,region_a
2023-11-17 18:00:00,7091.33,7068.6553,XGBoost,region_a
2023-11-17 19:00:00,7543.62,7419.021,XGBoost,region_a
2023-11-17 20:00:00,7119.43,7296.0386,XGBoost,region_a
2023-11-17 21:00:00,6375.25,6651.9873,XGBoost,region_a
2023-11-17 22:00:00,5986.41,5804.645,XGBoost,region_a
2023-11-17 23:00:00,5424.78,5521.7246,XGBoost,region_a
2023-11-18 00:00:00,4260.5,4263.0957,XGBoost,region_a
2023-11-18 01:00:00,3942.51,3890.4504,XGBoost,region_a
2023-11-18 02:00:00,3654.89,3688.6863,XGBoost,region_a
2023-11-18 03:00:00,3427.52,3582.1328,XGBoost,region_a
2023-11-18 04:00:00,3755.5,3783.1013,XGBoost,region_a
2023-11-18 05:00:00,4432.38,4527.4717,XGBoost,region_a
2023-11-18 06:00:00,4896.27,5210.9624,XGBoost,region_a
2023-11-18 07:00:00,5628.27,5683.859,XGBoost,region_a
2023-11-18 08:00:00,5766.96,6071.054,XGBoost,region_a
2023-11-18 09:00:00,5805.17,5824.6523,XGBoost,region_a
2023-11-18 10:00:00,5206.59,5384.9214,XGBoost,region_a
2023-11-18 11:00:00,4805.47,4803.271,XGBoost,region_a
2023-11-18 12:00:00,4533.31,4558.671,XGBoost,region_a
2023-11-18 13:00:00,4535.8,4529.8145,XGBoost,region_a
2023-11-18 14:00:00,4762.61,4602.139,XGBoost,region_a
2023-11-18 15:00:00,4643.98,4884.332,XGBoost,region_a
2023-11-18 16:00:00,5244.6,5355.625,XGBoost,region_a
2023-11-18 17:00:00,6197.02,6021.79,XGBoost,region_a
2023-11-18 18:00:00,6570.01,6788.28,XGBoost,region_a
2023-11-18 19:00:00,6662.82,6943.8145,XGBoost,region_a
2023-11-18 20:00:00,6773.66,6672.218,XGBoost,region_a
2023-11-18 21:00:00,6305.21,6132.153,XGBoost,region_a
2023-11-18 22:00:00,5520.68,5575.5215,XGBoost,region_a
2023-11-18 23:00:00,4926.32,5130.477,XGBoost,region_a
2023-11-19 00:00:00,4099.6,3996.6475,XGBoost,region_a
2023-11-19 01:00:00,3894.08,3851.6353,XGBoost,region_a
2023-11-19 02:00:00,3627.54,3583.4192,XGBoost,region_a
2023-11-19 03:00:00,3449.85,3493.1733,XGBoost,region_a
2023-11-19 04:00:00,3735.41,3663.1035,XGBoost,region_a
2023-11-19 05:00:00,4476.83,4410.6094,XGBoost,region_a
2023-11-19 06:00:00,5244.57,5044.642,XGBoost,region_a
2023-11-19 07:00:00,5666.1,5772.571,XGBoost,region_a
2023-11-19 08:00:00,6113.32,5841.9336,XGBoost,region_a
2023-11-19 09:00:00,5858.55,5860.3857,XGBoost,region_a
2023-11-19 10:00:00,5404.0,5284.0146,XGBoost,region_a
2023-11-19 11:00:00,5005.97,4850.891,XGBoost,region_a
2023-11-19 12:00:00,4691.69,4653.556,XGBoost,region_a
2023-11-19 13:00:00,4644.83,4566.1763,XGBoost,region_a
2023-11-19 14:00:00,4618.52,4679.842,XGBoost,region_a
2023-11-19 15:00:00,4868.08,4803.06,XGBoost,region_a
2023-11-19 16:00:00,5295.19,5236.4355,XGBoost,region_a
2023-11-19 17:00:00,6195.79,6054.369,XGBoost,region_a
2023-11-19 18:00:00,6615.48,6900.11,XGBoost,region_a
2023-11-19 19:00:00,6941.26,6980.3135,XGBoost,region_a
2023-11-19 20:00:00,6609.96,6795.4663,XGBoost,region_a
2023-11-19 21:00:00,5988.95,6270.5615,XGBoost,region_a
2023-11-19 22:00:00,5508.16,5544.4746,XGBoost,region_a
2023-11-19 23:00:00,5065.22,4954.216,XGBoost,region_a
2023-11-20 00:00:00,4410.86,4383.3154,XGBoost,region_a
2023-11-20 01:00:00,4204.38,4096.912,XGBoost,region_a
2023-11-20 02:00:00,3748.63,3899.1384,XGBoost,region_a
2023-11-20 03:00:00,3849.94,3699.7954,XGBoost,region_a
2023-11-20 04:00:00,4096.53,4121.191,XGBoost,region_a
2023-11-20 05:00:00,4822.31,4836.7295,XGBoost,region_a
2023-11-20 06:00:00,5478.86,5643.7124,XGBoost,region_a
2023-11-20 07:00:00,6481.89,6212.842,XGBoost,region_a
2023-11-20 08:00:00,6656.75,6705.7207,XGBoost,region_a
2023-11-20 09:00:00,6448.88,6568.0215,XGBoost,region_a
2023-11-20 10:00:00,6083.98,6021.315,XGBoost,region_a
2023-11-20 11:00:00,5521.22,5553.636,XGBoost,region_a
2023-11-20 12:00:00,5301.64,5229.826,XGBoost,region_a
2023-11-20 13:00:00,5044.99,5100.9033,XGBoost,region_a
2023-11-20 14:00:00,4908.25,5092.1743,XGBoost,region_a
2023-11-20 15:00:00,5292.94,5309.872,XGBoost,region_a
2023-11-20 16:00:00,5849.23,5753.4155,XGBoost,region_a
2023-11-20 17:00:00,6497.37,6517.74,XGBoost,region_a
2023-11-20 18:00:00,7300.4,7049.551,XGBoost,region_a
2023-11-20 19:00:00,7359.41,7498.561,XGBoost,region_a
2023-11-20 20:00:00,7241.59,7306.708,XGBoost,region_a
2023-11-20 21:00:00,6573.71,6661.673,XGBoost,region_a
2023-11-20 22:00:00,5866.36,6020.565,XGBoost,region_a
2023-11-20 23:00:00,5495.16,5339.507,XGBoost,region_a
2023-11-21 00:00:00,4347.58,4463.181,XGBoost,region_a
2023-11-21 01:00:00,4108.78,4148.121,XGBoost,region_a
2023-11-21 02:00:00,3618.19,3806.8052,XGBoost,region_a
2023-11-21 03:00:00,3669.8,3634.1638,XGBoost,region_a
2023-11-21 04:00:00,3962.44,3943.6843,XGBoost,region_a
2023-11-21 05:00:00,4537.83,4677.7754,XGBoost,region_a
2023-11-21 06:00:00,5295.78,5344.633,XGBoost,region_a
2023-11-21 07:00:00,6084.53,6082.5444,XGBoost,region_a
2023-11-21 08:00:00,6448.79,6441.6885,XGBoost,region_a
2023-11-21 09:00:00,6147.25,6258.0522,XGBoost,region_a
2023-11-21 10:00:00,5706.01,5881.0933,XGBoost,region_a
2023-11-21 11:00:00,5232.37,5349.467,XGBoost,region_a
2023-11-21 12:00:00,4950.65,5055.1006,XGBoost,region_a
2023-11-21 13:00:00,5014.18,4904.4805,XGBoost,region_a
2023-11-21 14:00:00,4973.2,5015.6567,XGBoost,region_a
2023-11-21 15:00:00,5170.01,5190.1294,XGBoost,region_a
2023-11-21 16:00:00,5847.08,5801.2812,XGBoost,region_a
2023-11-21 17:00:00,6008.95,6369.0215,XGBoost,region_a
2023-11-21 18:00:00,6795.88,6775.693,XGBoost,region_a
2023-11-21 19:00:00,7484.52,7138.6655,XGBoost,region_a
2023-11-21 20:00:00,6967.62,7100.922,XGBoost,region_a
2023-11-21 21:00:00,6400.5,6506.77,XGBoost,region_a
2023-11-21 22:00:00,5994.02,5835.1006,XGBoost,region_a
2023-11-21 23:00:00,5421.9,5431.0903,XGBoost,region_a
2023-11-22 00:00:00,4298.06,4466.762,XGBoost,region_a
2023-11-22 01:00:00,4191.26,4098.166,XGBoost,region_a
2023-11-22 02:00:00,3831.87,3825.3975,XGBoost,region_a
2023-11-22 03:00:00,3595.38,3686.5498,XGBoost,region_a
2023-11-22 04:00:00,4026.66,3996.0552,XGBoost,region_a
2023-11-22 05:00:00,4714.11,4718.1973,XGBoost,region_a
2023-11-22 06:00:00,5435.78,5409.066,XGBoost,region_a
2023-11-22 07:00:00,6149.76,6212.2744,XGBoost,region_a
2023-11-22 08:00:00,6322.45,6408.6777,XGBoost,region_a
2023-11-22 09:00:00,5982.71,6242.7773,XGBoost,region_a
2023-11-22 10:00:00,5797.81,5756.6675,XGBoost,region_a
2023-11-22 11:00:00,5139.85,5298.1846,XGBoost,region_a
2023-11-22 12:00:00,4953.77,5011.448,XGBoost,region_a
2023-11-22 13:00:00,4771.84,4924.141,XGBoost,region_a
2023-11-22 14:00:00,4920.37,4998.3374,XGBoost,region_a
2023-11-22 15:00:00,5262.85,5178.905,XGBoost,region_a
2023-11-22 16:00:00,5949.88,5831.769,XGBoost,region_a
2023-11-22 17:00:00,6374.26,6322.9883,XGBoost,region_a
2023-11-22 18:00:00,7072.02,6977.8604,XGBoost,region_a
2023-11-22 19:00:00,7308.63,7240.116,XGBoost,region_a
2023-11-22 20:00:00,7049.73,7148.0703,XGBoost,region_a
2023-11-22 21:00:00,6584.77,6544.471,XGBoost,region_a
2023-11-22 22:00:00,5778.17,6023.826,XGBoost,region_a
2023-11-22 23:00:00,5323.54,5409.0063,XGBoost,region_a
2023-11-23 00:00:00,4293.27,4421.9385,XGBoost,region_a
2023-11-23 01:00:00,4079.45,4089.943,XGBoost,region_a
2023-11-23 02:00:00,3774.66,3861.7437,XGBoost,region_a
2023-11-23 03:00:00,3859.13,3785.146,XGBoost,region_a
2023-11-23 04:00:00,4069.55,4092.0786,XGBoost,region_a
2023-11-23 05:00:00,4806.53,4898.9834,XGBoost,region_a
2023-11-23 06:00:00,5596.71,5731.059,XGBoost,region_a
2023-11-23 07:00:00,6199.11,6378.8677,XGBoost,region_a
2023-11-23 08:00:00,6710.99,6627.345,XGBoost,region_a
2023-11-23 09:00:00,6714.75,6432.8877,XGBoost,region_a
2023-11-23 10:00:00,5941.04,6115.3555,XGBoost,region_a
2023-11-23 11:00:00,5407.37,5443.6235,XGBoost,region_a
2023-11-23 12:00:00,5230.42,5129.12,XGBoost,region_a
2023-11-23 13:00:00,4992.66,5076.9194,XGBoost,region_a
2023-11-23 14:00:00,5245.5,5084.6123,XGBoost,region_a
2023-11-23 15:00:00,5407.1,5407.602,XGBoost,region_a
2023-11-23 16:00:00,5903.11,5946.988,XGBoost,region_a
2023-11-23 17:00:00,6343.47,6555.3574,XGBoost,region_a
2023-11-23 18:00:00,6889.95,7077.1694,XGBoost,region_a
2023-11-23 19:00:00,7493.14,7393.6675,XGBoost,region_a
2023-11-23 20:00:00,7142.98,7276.176,XGBoost,region_a
2023-11-23 21:00:00,6397.98,6593.2666,XGBoost,region_a
2023-11-23 22:00:00,5700.11,5804.4414,XGBoost,region_a
2023-11-23 23:00:00,5391.18,5306.7505,XGBoost,region_a
2023-11-24 00:00:00,4350.54,4411.909,XGBoost,region_a
2023-11-24 01:00:00,4107.25,4092.894,XGBoost,region_a
2023-11-24 02:00:00,3736.19,3857.8909,XGBoost,region_a
2023-11-24 03:00:00,3839.86,3833.4395,XGBoost,region_a
2023-11-24 04:00:00,4046.97,4170.455,XGBoost,region_a
2023-11-24 05:00:00,4787.64,4839.409,XGBoost,region_a
2023-11-24 06:00:00,5702.7,5668.183,XGBoost,region_a
2023-11-24 07:00:00,6370.9,6403.2466,XGBoost,region_a
2023-11-24 08:00:00,6728.46,6782.3545,XGBoost,region_a
2023-11-24 09:00:00,6315.44,6633.5117,XGBoost,region_a
2023-11-24 10:00:00,5871.11,5930.2515,XGBoost,region_a
2023-11-24 11:00:00,5553.55,5428.8677,XGBoost,region_a
2023-11-24 12:00:00,5168.37,5183.875,XGBoost,region_a
2023-11-24 13:00:00,5104.01,5052.8486,XGBoost,region_a
2023-11-24 14:00:00,5187.87,5187.244,XGBoost,region_a
2023-11-24 15:00:00,5482.78,5498.4404,XGBoost,region_a
2023-11-24 16:00:00,6009.34,5993.876,XGBoost,region_a
2023-11-24 17:00:00,6830.86,6671.0815,XGBoost,region_a
2023-11-24 18:00:00,7164.055,7498.8438,XGBoost,region_a
2023-11-24 19:00:00,7497.25,7620.1597,XGBoost,region_a
2023-11-24 20:00:00,7356.22,7383.127,XGBoost,region_a
2023-11-24 21:00:00,6900.87,6708.2534,XGBoost,region_a
2023-11-24 22:00:00,6356.57,5986.665,XGBoost,region_a
2023-11-24 23:00:00,5588.06,5703.52,XGBoost,region_a
2023-11-25 00:00:00,4393.16,4387.4404,XGBoost,region_a
2023-11-25 01:00:00,4081.54,4060.2678,XGBoost,region_a
2023-11-25 02:00:00,3658.6,3836.5881,XGBoost,region_a
2023-11-25 03:00:00,3776.38,3653.6172,XGBoost,region_a
2023-11-25 04:00:00,3944.19,3937.4023,XGBoost,region_a
2023-11-25 05:00:00,4550.35,4587.4453,XGBoost,region_a
2023-11-25 06:00:00,5404.31,5281.437,XGBoost,region_a
2023-11-25 07:00:00,6069.56,6018.4663,XGBoost,region_a
2023-11-25 08:00:00,6521.04,6396.2764,XGBoost,region_a
2023-11-25 09:00:00,6081.07,6122.285,XGBoost,region_a
2023-11-25 10:00:00,5397.7,5473.047,XGBoost,region_a
2023-11-25 11:00:00,5088.73,5076.346,XGBoost,region_a
2023-11-25 12:00:00,4803.84,4825.5103,XGBoost,region_a
2023-11-25 13:00:00,4855.31,4731.1934,XGBoost,region_a
2023-11-25 14:00:00,4916.46,4896.365,XGBoost,region_a
2023-11-25 15:00:00,5174.81,5109.1733,XGBoost,region_a
2023-11-25 16:00:00,5650.62,5649.457,XGBoost,region_a
2023-11-25 17:00:00,6628.13,6456.7095,XGBoost,region_a
2023-11-25 18:00:00,7135.49,7155.9404,XGBoost,region_a
2023-11-25 19:00:00,7065.55,7427.777,XGBoost,region_a
2023-11-25 20:00:00,7357.55,7120.3774,XGBoost,region_a
2023-11-25 21:00:00,6356.35,6677.935,XGBoost,region_a
2023-11-25 22:00:00,5993.58,5684.4243,XGBoost,region_a
2023-11-25 23:00:00,5330.08,5367.011,XGBoost,region_a
2023-11-26 00:00:00,4339.05,4408.523,XGBoost,region_a
2023-11-26 01:00:00,4212.02,4091.6174,XGBoost,region_a
2023-11-26 02:00:00,3855.4,3877.367,XGBoost,region_a
2023-11-26 03:00:00,3724.32,3813.319,XGBoost,region_a
2023-11-26 04:00:00,4070.22,4101.332,XGBoost,region_a
2023-11-26 05:00:00,4443.58,4706.049,XGBoost,region_a
2023-11-26 06:00:00,5243.82,5430.129,XGBoost,region_a
2023-11-26 07:00:00,5783.03,6142.3926,XGBoost,region_a
2023-11-26 08:00:00,6190.12,6427.9336,XGBoost,region_a
2023-11-26 09:00:00,5740.93,6080.327,XGBoost,region_a
2023-11-26 10:00:00,5526.09,5483.169,XGBoost,region_a
2023-11-26 11:00:00,4923.44,5148.392,XGBoost,region_a
2023-11-26 12:00:00,4583.1,4706.393,XGBoost,region_a
2023-11-26 13:00:00,4579.84,4692.9146,XGBoost,region_a
2023-11-26 14:00:00,4661.99,4769.5186,XGBoost,region_a
2023-11-26 15:00:00,5040.71,5012.0537,XGBoost,region_a
2023-11-26 16:00:00,5407.73,5586.5117,XGBoost,region_a
2023-11-26 17:00:00,5875.57,6083.4487,XGBoost,region_a
2023-11-26 18:00:00,6782.69,6661.302,XGBoost,region_a
2023-11-26 19:00:00,6856.39,7072.43,XGBoost,region_a
2023-11-26 20:00:00,6680.32,6934.491,XGBoost,region_a
2023-11-26 21:00:00,6103.52,6200.161,XGBoost,region_a
2023-11-26 22:00:00,5357.29,5667.4536,XGBoost,region_a
2023-11-26 23:00:00,4753.19,5112.425,XGBoost,region_a
2023-11-27 00:00:00,4184.23,4349.2896,XGBoost,region_a
2023-11-27 01:00:00,3852.97,4205.879,XGBoost,region_a
2023-11-27 02:00:00,3739.66,3768.5254,XGBoost,region_a
2023-11-27 03:00:00,3517.02,3774.147,XGBoost,region_a
2023-11-27 04:00:00,3974.36,4097.108,XGBoost,region_a
2023-11-27 05:00:00,4580.73,4614.909,XGBoost,region_a
2023-11-27 06:00:00,5311.2,5361.357,XGBoost,region_a
2023-11-27 07:00:00,5837.49,6195.116,XGBoost,region_a
2023-11-27 08:00:00,6165.11,6533.919,XGBoost,region_a
2023-11-27 09:00:00,5790.03,6287.9697,XGBoost,region_a
2023-11-27 10:00:00,5631.23,5893.9067,XGBoost,region_a
2023-11-27 11:00:00,5265.8,5404.159,XGBoost,region_a
2023-11-27 12:00:00,5157.24,5131.4243,XGBoost,region_a
2023-11-27 13:00:00,5063.08,5079.562,XGBoost,region_a
2023-11-27 14:00:00,4932.06,5064.9414,XGBoost,region_a
2023-11-27 15:00:00,5380.1,5299.0093,XGBoost,region_a
2023-11-27 16:00:00,5731.66,5842.633,XGBoost,region_a
2023-11-27 17:00:00,6423.04,6427.6543,XGBoost,region_a
2023-11-27 18:00:00,6875.7,7036.729,XGBoost,region_a
2023-11-27 19:00:00,7037.59,7228.8076,XGBoost,region_a
2023-11-27 20:00:00,7048.29,6978.8677,XGBoost,region_a
2023-11-27 21:00:00,6277.16,6478.992,XGBoost,region_a
2023-11-27 22:00:00,5741.34,5737.0664,XGBoost,region_a
2023-11-27 23:00:00,4928.68,5265.018,XGBoost,region_a
2023-11-28 00:00:00,4250.03,4196.9214,XGBoost,region_a
2023-11-28 01:00:00,3917.07,3958.0854,XGBoost,region_a
2023-11-28 02:00:00,3735.45,3674.1438,XGBoost,region_a
2023-11-28 03:00:00,3697.16,3619.8806,XGBoost,region_a
2023-11-28 04:00:00,3953.94,4034.6653,XGBoost,region_a
2023-11-28 05:00:00,4575.9,4573.0454,XGBoost,region_a
2023-11-28 06:00:00,5355.18,5287.1875,XGBoost,region_a
2023-11-28 07:00:00,5831.7,5987.341,XGBoost,region_a
2023-11-28 08:00:00,6368.57,6404.475,XGBoost,region_a
2023-11-28 09:00:00,6033.81,6012.695,XGBoost,region_a
2023-11-28 10:00:00,5694.16,5693.192,XGBoost,region_a
2023-11-28 11:00:00,5420.19,5276.0645,XGBoost,region_a
2023-11-28 12:00:00,5047.44,5166.9487,XGBoost,region_a
2023-11-28 13:00:00,5004.75,4973.925,XGBoost,region_a
2023-11-28 14:00:00,4916.13,5041.2295,XGBoost,region_a
2023-11-28 15:00:00,5273.92,5266.082,XGBoost,region_a
2023-11-28 16:00:00,5815.51,5783.236,XGBoost,region_a
2023-11-28 17:00:00,6342.62,6290.2207,XGBoost,region_a
2023-11-28 18:00:00,6650.52,6945.22,XGBoost,region_a
2023-11-28 19:00:00,7010.7,7150.2266,XGBoost,region_a
2023-11-28 20:00:00,6994.99,6914.51,XGBoost,region_a
2023-11-28 21:00:00,6229.03,6255.754,XGBoost,region_a
2023-11-28 22:00:00,5545.68,5651.4634,XGBoost,region_a
2023-11-28 23:00:00,5105.26,5110.052,XGBoost,region_a
2023-11-29 00:00:00,4042.34,4208.686,XGBoost,region_a
2023-11-29 01:00:00,3987.84,3947.4065,XGBoost,region_a
2023-11-29 02:00:00,3609.06,3732.4124,XGBoost,region_a
2023-11-29 03:00:00,3563.46,3621.8232,XGBoost,region_a
2023-11-29 04:00:00,3714.96,3972.2246,XGBoost,region_a
2023-11-29 05:00:00,4609.04,4460.7383,XGBoost,region_a
2023-11-29 06:00:00,5557.38,5400.0884,XGBoost,region_a
2023-11-29 07:00:00,6304.72,6067.71,XGBoost,region_a
2023-11-29 08:00:00,6383.09,6301.4614,XGBoost,region_a
2023-11-29 09:00:00,6238.82,6154.1035,XGBoost,region_a
2023-11-29 10:00:00,5926.65,5818.509,XGBoost,region_a
2023-11-29 11:00:00,5499.16,5395.255,XGBoost,region_a
2023-11-29 12:00:00,5279.29,5097.377,XGBoost,region_a
2023-11-29 13:00:00,4878.1,5028.8237,XGBoost,region_a
2023-11-29 14:00:00,5003.29,5035.372,XGBoost,region_a
2023-11-29 15:00:00,5299.21,5297.0474,XGBoost,region_a
2023-11-29 16:00:00,5922.86,5841.475,XGBoost,region_a
2023-11-29 17:00:00,6402.52,6375.6787,XGBoost,region_a
2023-11-29 18:00:00,7013.88,6985.912,XGBoost,region_a
2023-11-29 19:00:00,7416.86,7269.2627,XGBoost,region_a
2023-11-29 20:00:00,7044.19,7086.6157,XGBoost,region_a
2023-11-29 21:00:00,6470.89,6488.828,XGBoost,region_a
2023-11-29 22:00:00,5828.69,5772.336,XGBoost,region_a
2023-11-29 23:00:00,5473.28,5212.8325,XGBoost,region_a
2023-11-30 00:00:00,4356.79,4324.2964,XGBoost,region_a
2023-11-30 01:00:00,4046.14,4077.1648,XGBoost,region_a
2023-11-30 02:00:00,3866.48,3781.5999,XGBoost,region_a
2023-11-30 03:00:00,3778.07,3763.5315,XGBoost,region_a
2023-11-30 04:00:00,3980.96,3952.702,XGBoost,region_a
2023-11-30 05:00:00,4506.92,4606.9834,XGBoost,region_a
2023-11-30 06:00:00,5475.45,5438.351,XGBoost,region_a
2023-11-30 07:00:00,6074.92,6179.412,XGBoost,region_a
2023-11-30 08:00:00,6470.09,6498.443,XGBoost,region_a
2023-11-30 09:00:00,6047.0,6532.438,XGBoost,region_a
2023-11-30 10:00:00,5787.35,5802.81,XGBoost,region_a
2023-11-30 11:00:00,5239.0,5377.1323,XGBoost,region_a
2023-11-30 12:00:00,5264.29,5140.1064,XGBoost,region_a
2023-11-30 13:00:00,4883.83,5063.4644,XGBoost,region_a
2023-11-30 14:00:00,5106.26,5088.5356,XGBoost,region_a
2023-11-30 15:00:00,5305.58,5338.9487,XGBoost,region_a
2023-11-30 16:00:00,5787.27,5833.299,XGBoost,region_a
2023-11-30 17:00:00,6424.25,6374.704,XGBoost,region_a
2023-11-30 18:00:00,6981.82,7038.8486,XGBoost,region_a
2023-11-30 19:00:00,7399.2,7265.1416,XGBoost,region_a
2023-11-30 20:00:00,7091.93,7033.4946,XGBoost,region_a
2023-11-30 21:00:00,6400.89,6493.9966,XGBoost,region_a
2023-11-30 22:00:00,5795.7,5801.6274,XGBoost,region_a
2023-11-30 23:00:00,5322.12,5392.1104,XGBoost,region_a
2023-12-01 00:00:00,4450.69,4371.907,XGBoost,region_a
2023-12-01 01:00:00,4086.55,4121.296,XGBoost,region_a
2023-12-01 02:00:00,3714.49,3849.6921,XGBoost,region_a
2023-12-01 03:00:00,3697.41,3760.9644,XGBoost,region_a
2023-12-01 04:00:00,4072.42,4043.034,XGBoost,region_a
2023-12-01 05:00:00,4703.24,4690.0938,XGBoost,region_a
2023-12-01 06:00:00,5585.53,5597.256,XGBoost,region_a
2023-12-01 07:00:00,6537.49,6341.926,XGBoost,region_a
2023-12-01 08:00:00,7110.7,6779.1885,XGBoost,region_a
2023-12-01 09:00:00,6586.28,6649.722,XGBoost,region_a
2023-12-01 10:00:00,6169.54,6186.8354,XGBoost,region_a
2023-12-01 11:00:00,5379.9,5659.0854,XGBoost,region_a
2023-12-01 12:00:00,5339.15,5244.132,XGBoost,region_a
2023-12-01 13:00:00,4888.09,5113.687,XGBoost,region_a
2023-12-01 14:00:00,4992.12,5093.7363,XGBoost,region_a
2023-12-01 15:00:00,5443.3,5347.4937,XGBoost,region_a
2023-12-01 16:00:00,5556.84,5879.469,XGBoost,region_a
2023-12-01 17:00:00,6555.67,6226.025,XGBoost,region_a
2023-12-01 18:00:00,7053.92,7032.168,XGBoost,region_a
2023-12-01 19:00:00,7404.87,7287.7876,XGBoost,region_a
2023-12-01 20:00:00,7253.95,7225.8193,XGBoost,region_a
2023-12-01 21:00:00,6750.32,6620.5835,XGBoost,region_a
2023-12-01 22:00:00,5894.73,6048.593,XGBoost,region_a
2023-12-01 23:00:00,5234.18,5354.6323,XGBoost,region_a
2023-12-02 00:00:00,4003.61,4196.2925,XGBoost,region_a
2023-12-02 01:00:00,3738.01,3834.2683,XGBoost,region_a
2023-12-02 02:00:00,3371.21,3554.7935,XGBoost,region_a
2023-12-02 03:00:00,3458.77,3473.07,XGBoost,region_a
2023-12-02 04:00:00,3638.62,3827.5295,XGBoost,region_a
2023-12-02 05:00:00,4185.11,4315.297,XGBoost,region_a
2023-12-02 06:00:00,4996.8,5069.8955,XGBoost,region_a
2023-12-02 07:00:00,5489.73,5709.7295,XGBoost,region_a
2023-12-02 08:00:00,5738.15,5929.1494,XGBoost,region_a
2023-12-02 09:00:00,5718.42,5834.3,XGBoost,region_a
2023-12-02 10:00:00,5398.89,5409.0874,XGBoost,region_a
2023-12-02 11:00:00,4900.04,4935.197,XGBoost,region_a
2023-12-02 12:00:00,4579.12,4645.539,XGBoost,region_a
2023-12-02 13:00:00,4513.19,4536.4707,XGBoost,region_a
2023-12-02 14:00:00,4510.85,4698.2266,XGBoost,region_a
2023-12-02 15:00:00,4778.87,4946.552,XGBoost,region_a
2023-12-02 16:00:00,5368.04,5314.539,XGBoost,region_a
2023-12-02 17:00:00,5997.33,6013.8174,XGBoost,region_a
2023-12-02 18:00:00,6423.07,6607.776,XGBoost,region_a
2023-12-02 19:00:00,6604.09,6757.6343,XGBoost,region_a
2023-12-02 20:00:00,6649.73,6518.9653,XGBoost,region_a
2023-12-02 21:00:00,6021.79,6222.1406,XGBoost,region_a
2023-12-02 22:00:00,5402.58,5521.645,XGBoost,region_a
2023-12-02 23:00:00,4803.45,5062.547,XGBoost,region_a
2023-12-03 00:00:00,4040.6,4158.4624,XGBoost,region_a
2023-12-03 01:00:00,3701.6,3880.3884,XGBoost,region_a
2023-12-03 02:00:00,3430.73,3621.2852,XGBoost,region_a
2023-12-03 03:00:00,3345.85,3497.1836,XGBoost,region_a
2023-12-03 04:00:00,3568.37,3796.324,XGBoost,region_a
2023-12-03 05:00:00,4232.72,4269.623,XGBoost,region_a
2023-12-03 06:00:00,4968.03,4981.04,XGBoost,region_a
2023-12-03 07:00:00,5577.62,5678.9634,XGBoost,region_a
2023-12-03 08:00:00,5805.68,6001.8623,XGBoost,region_a
2023-12-03 09:00:00,5542.35,5678.545,XGBoost,region_a
2023-12-03 10:00:00,5056.08,5335.087,XGBoost,region_a
2023-12-03 11:00:00,4907.51,4788.3716,XGBoost,region_a
2023-12-03 12:00:00,4460.46,4598.359,XGBoost,region_a
2023-12-03 13:00:00,4467.08,4486.9424,XGBoost,region_a
2023-12-03 14:00:00,4607.44,4547.5635,XGBoost,region_a
2023-12-03 15:00:00,4881.15,4921.0435,XGBoost,region_a
2023-12-03 16:00:00,5117.22,5336.203,XGBoost,region_a
2023-12-03 17:00:00,6100.77,5881.592,XGBoost,region_a
2023-12-03 18:00:00,6524.01,6593.0815,XGBoost,region_a
2023-12-03 19:00:00,6554.65,6775.225,XGBoost,region_a
2023-12-03 20:00:00,6557.65,6497.081,XGBoost,region_a
2023-12-03 21:00:00,5790.57,5990.761,XGBoost,region_a
2023-12-03 22:00:00,5313.73,5334.4585,XGBoost,region_a
2023-12-03 23:00:00,4717.67,4765.99,XGBoost,region_a
2023-12-04 00:00:00,4293.58,4279.0527,XGBoost,region_a
2023-12-04 01:00:00,3746.46,3993.9678,XGBoost,region_a
2023-12-04 02:00:00,3772.82,3602.079,XGBoost,region_a
2023-12-04 03:00:00,3758.62,3645.0723,XGBoost,region_a
2023-12-04 04:00:00,4111.87,4050.934,XGBoost,region_a
2023-12-04 05:00:00,4748.17,4671.11,XGBoost,region_a
2023-12-04 06:00:00,5419.89,5488.3594,XGBoost,region_a
2023-12-04 07:00:00,6284.71,6183.3584,XGBoost,region_a
2023-12-04 08:00:00,6500.57,6434.9824,XGBoost,region_a
2023-12-04 09:00:00,6143.15,6174.8154,XGBoost,region_a
2023-12-04 10:00:00,5791.99,5792.2427,XGBoost,region_a
2023-12-04 11:00:00,5430.94,5304.432,XGBoost,region_a
2023-12-04 12:00:00,4922.7,5141.653,XGBoost,region_a
2023-12-04 13:00:00,5039.02,5023.3687,XGBoost,region_a
2023-12-04 14:00:00,5096.98,5067.1523,XGBoost,region_a
2023-12-04 15:00:00,5251.62,5360.4824,XGBoost,region_a
2023-12-04 16:00:00,5767.73,5794.31,XGBoost,region_a
2023-12-04 17:00:00,6616.09,6495.919,XGBoost,region_a
2023-12-04 18:00:00,6886.82,7037.2925,XGBoost,region_a
2023-12-04 19:00:00,7123.54,7122.4116,XGBoost,region_a
2023-12-04 20:00:00,7161.38,7087.303,XGBoost,region_a
2023-12-04 21:00:00,6858.86,6512.0586,XGBoost,region_a
2023-12-04 22:00:00,5975.22,5980.124,XGBoost,region_a
2023-12-04 23:00:00,5440.78,5326.613,XGBoost,region_a
2023-12-05 00:00:00,4343.29,4420.0835,XGBoost,region_a
2023-12-05 01:00:00,4132.35,4037.378,XGBoost,region_a
2023-12-05 02:00:00,3802.39,3821.26,XGBoost,region_a
2023-12-05 03:00:00,3789.3,3744.2617,XGBoost,region_a
2023-12-05 04:00:00,4091.86,4153.686,XGBoost,region_a
2023-12-05 05:00:00,4831.4,4801.3823,XGBoost,region_a
2023-12-05 06:00:00,5431.32,5671.8193,XGBoost,region_a
2023-12-05 07:00:00,6557.41,6195.273,XGBoost,region_a
2023-12-05 08:00:00,6324.31,6550.4717,XGBoost,region_a
2023-12-05 09:00:00,6287.88,6190.9424,XGBoost,region_a
2023-12-05 10:00:00,5980.54,5814.1187,XGBoost,region_a
2023-12-05 11:00:00,5510.01,5474.3496,XGBoost,region_a
2023-12-05 12:00:00,5020.33,5113.78,XGBoost,region_a
2023-12-05 13:00:00,4947.21,4985.953,XGBoost,region_a
2023-12-05 14:00:00,4975.4,5057.656,XGBoost,region_a
2023-12-05 15:00:00,5549.49,5315.936,XGBoost,region_a
2023-12-05 16:00:00,5887.06,5970.179,XGBoost,region_a
2023-12-05 17:00:00,6613.32,6586.964,XGBoost,region_a
2023-12-05 18:00:00,7336.61,7143.86,XGBoost,region_a
2023-12-05 19:00:00,7660.07,7535.4326,XGBoost,region_a
2023-12-05 20:00:00,7325.87,7429.146,XGBoost,region_a
2023-12-05 21:00:00,6635.08,6726.599,XGBoost,region_a
2023-12-05 22:00:00,5983.0,5991.407,XGBoost,region_a
2023-12-05 23:00:00,5684.22,5450.3794,XGBoost,region_a
2023-12-06 00:00:00,4473.06,4424.865,XGBoost,region_a
2023-12-06 01:00:00,4166.13,4176.262,XGBoost,region_a
2023-12-06 02:00:00,3916.37,3860.1025,XGBoost,region_a
2023-12-06 03:00:00,3775.77,3829.729,XGBoost,region_a
2023-12-06 04:00:00,4318.38,4185.0547,XGBoost,region_a
2023-12-06 05:00:00,4745.42,4945.4634,XGBoost,region_a
2023-12-06 06:00:00,5500.46,5593.5225,XGBoost,region_a
2023-12-06 07:00:00,6204.45,6209.2783,XGBoost,region_a
2023-12-06 08:00:00,6625.39,6487.6177,XGBoost,region_a
2023-12-06 09:00:00,6710.39,6440.991,XGBoost,region_a
2023-12-06 10:00:00,5808.51,6141.4243,XGBoost,region_a
2023-12-06 11:00:00,5495.47,5493.1865,XGBoost,region_a
2023-12-06 12:00:00,5080.94,5201.5435,XGBoost,region_a
2023-12-06 13:00:00,4846.76,4963.005,XGBoost,region_a
2023-12-06 14:00:00,5065.71,5028.292,XGBoost,region_a
2023-12-06 15:00:00,5354.27,5442.9927,XGBoost,region_a
2023-12-06 16:00:00,6121.15,5889.0977,XGBoost,region_a
2023-12-06 17:00:00,6571.65,6720.133,XGBoost,region_a
2023-12-06 18:00:00,7214.31,7175.5107,XGBoost,region_a
2023-12-06 19:00:00,7788.91,7526.6836,XGBoost,region_a
2023-12-06 20:00:00,7515.97,7424.543,XGBoost,region_a
2023-12-06 21:00:00,6892.74,6825.815,XGBoost,region_a
2023-12-06 22:00:00,6165.28,6093.649,XGBoost,region_a
2023-12-06 23:00:00,5625.83,5677.3716,XGBoost,region_a
2023-12-07 00:00:00,4409.44,4503.8047,XGBoost,region_a
2023-12-07 01:00:00,4201.23,4189.9556,XGBoost,region_a
2023-12-07 02:00:00,3803.8,3960.4963,XGBoost,region_a
2023-12-07 03:00:00,3960.22,3802.6064,XGBoost,region_a
2023-12-07 04:00:00,4285.46,4240.0303,XGBoost,region_a
2023-12-07 05:00:00,4790.51,4857.7417,XGBoost,region_a
2023-12-07 06:00:00,5646.25,5687.2275,XGBoost,region_a
2023-12-07 07:00:00,6535.31,6382.101,XGBoost,region_a
2023-12-07 08:00:00,6961.31,6817.0737,XGBoost,region_a
2023-12-07 09:00:00,6728.51,6755.297,XGBoost,region_a
2023-12-07 10:00:00,6299.9,6188.7334,XGBoost,region_a
2023-12-07 11:00:00,5856.88,5652.5166,XGBoost,region_a
2023-12-07 12:00:00,5649.56,5314.942,XGBoost,region_a
2023-12-07 13:00:00,5265.77,5226.8467,XGBoost,region_a
2023-12-07 14:00:00,5480.86,5242.1196,XGBoost,region_a
2023-12-07 15:00:00,5740.62,5565.6255,XGBoost,region_a
2023-12-07 16:00:00,6124.26,6194.983,XGBoost,region_a
2023-12-07 17:00:00,6784.02,6864.4634,XGBoost,region_a
2023-12-07 18:00:00,7278.24,7521.4443,XGBoost,region_a
2023-12-07 19:00:00,8079.03,7937.5156,XGBoost,region_a
2023-12-07 20:00:00,7948.7,7737.561,XGBoost,region_a
2023-12-07 21:00:00,7194.11,7136.769,XGBoost,region_a
2023-12-07 22:00:00,6830.2,6515.7783,XGBoost,region_a
2023-12-07 23:00:00,5711.07,6100.4224,XGBoost,region_a
2023-12-08 00:00:00,4776.92,4707.6416,XGBoost,region_a
2023-12-08 01:00:00,4497.7,4349.361,XGBoost,region_a
2023-12-08 02:00:00,4187.47,4105.176,XGBoost,region_a
2023-12-08 03:00:00,4170.42,4084.3186,XGBoost,region_a
2023-12-08 04:00:00,4318.07,4386.376,XGBoost,region_a
2023-12-08 05:00:00,5294.28,4970.4565,XGBoost,region_a
2023-12-08 06:00:00,6031.32,5981.1387,XGBoost,region_a
2023-12-08 07:00:00,6737.37,6750.1196,XGBoost,region_a
2023-12-08 08:00:00,7070.01,7166.5264,XGBoost,region_a
2023-12-08 09:00:00,6804.45,6922.324,XGBoost,region_a
2023-12-08 10:00:00,6395.96,6264.1523,XGBoost,region_a
2023-12-08 11:00:00,5570.53,5768.7715,XGBoost,region_a
2023-12-08 12:00:00,5025.46,5431.681,XGBoost,region_a
2023-12-08 13:00:00,4894.13,5089.3647,XGBoost,region_a
2023-12-08 14:00:00,5138.73,5227.4663,XGBoost,region_a
2023-12-08 15:00:00,5135.06,5556.4214,XGBoost,region_a
2023-12-08 16:00:00,6076.39,5872.822,XGBoost,region_a
2023-12-08 17:00:00,6336.89,6640.412,XGBoost,region_a
2023-12-08 18:00:00,7073.25,6955.6523,XGBoost,region_a
2023-12-08 19:00:00,7378.25,7461.6714,XGBoost,region_a
2023-12-08 20:00:00,7117.74,7372.159,XGBoost,region_a
2023-12-08 21:00:00,6546.09,6653.2065,XGBoost,region_a
2023-12-08 22:00:00,5907.09,6172.467,XGBoost,region_a
2023-12-08 23:00:00,5502.23,5486.904,XGBoost,region_a
2023-12-09 00:00:00,4329.73,4288.057,XGBoost,region_a
2023-12-09 01:00:00,3951.62,4018.7517,XGBoost,region_a
2023-12-09 02:00:00,3686.25,3692.2573,XGBoost,region_a
2023-12-09 03:00:00,3509.18,3594.139,XGBoost,region_a
2023-12-09 04:00:00,3646.99,3747.724,XGBoost,region_a
2023-12-09 05:00:00,4349.76,4440.996,XGBoost,region_a
2023-12-09 06:00:00,5250.31,5051.8467,XGBoost,region_a
2023-12-09 07:00:00,5750.88,5843.0522,XGBoost,region_a
2023-12-09 08:00:00,6173.89,6111.5273,XGBoost,region_a
2023-12-09 09:00:00,5868.61,5946.079,XGBoost,region_a
2023-12-09 10:00:00,5440.47,5472.0513,XGBoost,region_a
2023-12-09 11:00:00,4875.32,4976.3896,XGBoost,region_a
2023-12-09 12:00:00,4665.62,4675.401,XGBoost,region_a
2023-12-09 13:00:00,4539.42,4570.102,XGBoost,region_a
2023-12-09 14:00:00,4622.5,4625.7754,XGBoost,region_a
2023-12-09 15:00:00,4964.19,4862.947,XGBoost,region_a
2023-12-09 16:00:00,5406.87,5459.6104,XGBoost,region_a
2023-12-09 17:00:00,6128.45,6026.601,XGBoost,region_a
2023-12-09 18:00:00,7000.49,6743.8936,XGBoost,region_a
2023-12-09 19:00:00,7002.45,7191.529,XGBoost,region_a
2023-12-09 20:00:00,7223.91,6892.3257,XGBoost,region_a
2023-12-09 21:00:00,6554.97,6324.438,XGBoost,region_a
2023-12-09 22:00:00,5731.83,5811.8374,XGBoost,region_a
2023-12-09 23:00:00,5321.16,5224.5605,XGBoost,region_a
2023-12-10 00:00:00,4214.7,4256.1626,XGBoost,region_a
2023-12-10 01:00:00,3990.35,3900.9744,XGBoost,region_a
2023-12-10 02:00:00,3657.29,3732.8582,XGBoost,region_a
2023-12-10 03:00:00,3587.16,3527.178,XGBoost,region_a
2023-12-10 04:00:00,3994.75,3762.77,XGBoost,region_a
2023-12-10 05:00:00,4459.9,4422.2046,XGBoost,region_a
2023-12-10 06:00:00,5555.3,5229.244,XGBoost,region_a
2023-12-10 07:00:00,5715.23,5947.993,XGBoost,region_a
2023-12-10 08:00:00,6316.2,6144.7827,XGBoost,region_a
2023-12-10 09:00:00,6022.86,5903.9014,XGBoost,region_a
2023-12-10 10:00:00,5625.19,5566.3564,XGBoost,region_a
2023-12-10 11:00:00,5190.28,5116.646,XGBoost,region_a
2023-12-10 12:00:00,4835.36,4735.15,XGBoost,region_a
2023-12-10 13:00:00,4722.95,4633.884,XGBoost,region_a
2023-12-10 14:00:00,4777.42,4664.5264,XGBoost,region_a
2023-12-10 15:00:00,5117.74,4966.281,XGBoost,region_a
2023-12-10 16:00:00,5372.92,5419.3716,XGBoost,region_a
2023-12-10 17:00:00,6196.1,6073.5537,XGBoost,region_a
2023-12-10 18:00:00,6750.49,6831.823,XGBoost,region_a
2023-12-10 19:00:00,6937.22,7055.542,XGBoost,region_a
2023-12-10 20:00:00,6744.37,6905.346,XGBoost,region_a
2023-12-10 21:00:00,6076.83,6245.8296,XGBoost,region_a
2023-12-10 22:00:00,5693.42,5479.6577,XGBoost,region_a
2023-12-10 23:00:00,5147.5,5198.1855,XGBoost,region_a
2023-12-11 00:00:00,4359.6,4395.1797,XGBoost,region_a
2023-12-11 01:00:00,4186.24,4004.9429,XGBoost,region_a
2023-12-11 02:00:00,3875.82,3834.4182,XGBoost,region_a
2023-12-11 03:00:00,3655.67,3708.756,XGBoost,region_a
2023-12-11 04:00:00,3914.81,4076.6553,XGBoost,region_a
2023-12-11 05:00:00,4846.2,4656.556,XGBoost,region_a
2023-12-11 06:00:00,5434.92,5491.5103,XGBoost,region_a
2023-12-11 07:00:00,6299.79,6114.1567,XGBoost,region_a
2023-12-11 08:00:00,6506.7,6645.876,XGBoost,region_a
2023-12-11 09:00:00,6469.94,6393.045,XGBoost,region_a
2023-12-11 10:00:00,5763.42,5882.443,XGBoost,region_a
2023-12-11 11:00:00,5476.06,5288.0225,XGBoost,region_a
2023-12-11 12:00:00,5142.29,5114.818,XGBoost,region_a
2023-12-11 13:00:00,5056.35,5004.977,XGBoost,region_a
2023-12-11 14:00:00,5131.15,5035.072,XGBoost,region_a
2023-12-11 15:00:00,5397.08,5260.95,XGBoost,region_a
2023-12-11 16:00:00,5927.87,5766.047,XGBoost,region_a
2023-12-11 17:00:00,6347.79,6582.889,XGBoost,region_a
2023-12-11 18:00:00,6948.11,7027.175,XGBoost,region_a
2023-12-11 19:00:00,7319.22,7407.4507,XGBoost,region_a
2023-12-11 20:00:00,7145.76,7117.5625,XGBoost,region_a
2023-12-11 21:00:00,6531.7,6599.2705,XGBoost,region_a
2023-12-11 22:00:00,5599.28,5844.5547,XGBoost,region_a
2023-12-11 23:00:00,5438.96,5269.7266,XGBoost,region_a
2023-12-12 00:00:00,4408.02,4291.5615,XGBoost,region_a
2023-12-12 01:00:00,4068.38,4082.159,XGBoost,region_a
2023-12-12 02:00:00,3715.14,3727.132,XGBoost,region_a
2023-12-12 03:00:00,3572.65,3579.783,XGBoost,region_a
2023-12-12 04:00:00,3929.51,3900.8413,XGBoost,region_a
2023-12-12 05:00:00,4839.64,4588.5254,XGBoost,region_a
2023-12-12 06:00:00,5566.54,5482.465,XGBoost,region_a
2023-12-12 07:00:00,6250.96,6224.5454,XGBoost,region_a
2023-12-12 08:00:00,6562.31,6360.4717,XGBoost,region_a
2023-12-12 09:00:00,6303.35,6361.7344,XGBoost,region_a
2023-12-12 10:00:00,6091.45,5812.978,XGBoost,region_a
2023-12-12 11:00:00,5441.73,5508.7207,XGBoost,region_a
2023-12-12 12:00:00,5100.67,5082.1157,XGBoost,region_a
2023-12-12 13:00:00,5075.49,4923.381,XGBoost,region_a
2023-12-12 14:00:00,5042.77,5002.1836,XGBoost,region_a
2023-12-12 15:00:00,5263.48,5349.806,XGBoost,region_a
2023-12-12 16:00:00,5900.82,5849.31,XGBoost,region_a
2023-12-12 17:00:00,6330.04,6441.5264,XGBoost,region_a
2023-12-12 18:00:00,7059.23,7030.1855,XGBoost,region_a
2023-12-12 19:00:00,7496.75,7298.63,XGBoost,region_a
2023-12-12 20:00:00,7051.44,7082.558,XGBoost,region_a
2023-12-12 21:00:00,6430.04,6444.268,XGBoost,region_a
2023-12-12 22:00:00,6196.85,5762.7583,XGBoost,region_a
2023-12-12 23:00:00,5341.84,5499.876,XGBoost,region_a
2023-12-13 00:00:00,4392.47,4388.309,XGBoost,region_a
2023-12-13 01:00:00,4194.38,4082.1252,XGBoost,region_a
2023-12-13 02:00:00,3751.99,3821.674,XGBoost,region_a
2023-12-13 03:00:00,3780.08,3612.1223,XGBoost,region_a
2023-12-13 04:00:00,4157.11,4088.5918,XGBoost,region_a
2023-12-13 05:00:00,4824.52,4853.0864,XGBoost,region_a
2023-12-13 06:00:00,5624.15,5624.8296,XGBoost,region_a
2023-12-13 07:00:00,6309.36,6430.2817,XGBoost,region_a
2023-12-13 08:00:00,6885.88,6773.787,XGBoost,region_a
2023-12-13 09:00:00,6549.29,6582.6064,XGBoost,region_a
2023-12-13 10:00:00,6075.03,6052.3403,XGBoost,region_a
2023-12-13 11:00:00,5512.71,5527.309,XGBoost,region_a
2023-12-13 12:00:00,5314.21,5105.7974,XGBoost,region_a
2023-12-13 13:00:00,5020.09,5129.514,XGBoost,region_a
2023-12-13 14:00:00,4993.39,5017.4707,XGBoost,region_a
2023-12-13 15:00:00,5227.95,5247.5186,XGBoost,region_a
2023-12-13 16:00:00,5648.29,5799.9355,XGBoost,region_a
2023-12-13 17:00:00,6457.96,6319.604,XGBoost,region_a
2023-12-13 18:00:00,7091.88,7078.37,XGBoost,region_a
2023-12-13 19:00:00,7310.93,7453.965,XGBoost,region_a
2023-12-13 20:00:00,7129.68,7193.0293,XGBoost,region_a
2023-12-13 21:00:00,6808.26,6579.787,XGBoost,region_a
2023-12-13 22:00:00,6045.21,6141.146,XGBoost,region_a
2023-12-13 23:00:00,5375.34,5480.3438,XGBoost,region_a
2023-12-14 00:00:00,4700.52,4394.4595,XGBoost,region_a
2023-12-14 01:00:00,4115.78,4210.0874,XGBoost,region_a
2023-12-14 02:00:00,3828.85,3831.564,XGBoost,region_a
2023-12-14 03:00:00,3797.1,3764.159,XGBoost,region_a
2023-12-14 04:00:00,4027.93,4132.689,XGBoost,region_a
2023-12-14 05:00:00,4640.47,4717.711,XGBoost,region_a
2023-12-14 06:00:00,5437.36,5497.066,XGBoost,region_a
2023-12-14 07:00:00,6174.08,6148.4404,XGBoost,region_a
2023-12-14 08:00:00,6269.55,6653.8647,XGBoost,region_a
2023-12-14 09:00:00,6380.38,6354.727,XGBoost,region_a
2023-12-14 10:00:00,5769.43,5888.8374,XGBoost,region_a
2023-12-14 11:00:00,5345.4,5452.7954,XGBoost,region_a
2023-12-14 12:00:00,5007.24,5182.6274,XGBoost,region_a
2023-12-14 13:00:00,4877.83,4984.353,XGBoost,region_a
2023-12-14 14:00:00,4997.82,5083.8813,XGBoost,region_a
2023-12-14 15:00:00,5286.54,5349.5693,XGBoost,region_a
2023-12-14 16:00:00,5829.64,5764.332,XGBoost,region_a
2023-12-14 17:00:00,6498.15,6468.0996,XGBoost,region_a
2023-12-14 18:00:00,7102.52,7131.6353,XGBoost,region_a
2023-12-14 19:00:00,7596.82,7434.3877,XGBoost,region_a
2023-12-14 20:00:00,7387.7,7330.422,XGBoost,region_a
2023-12-14 21:00:00,6969.87,6936.9497,XGBoost,region_a
2023-12-14 22:00:00,6143.45,6411.645,XGBoost,region_a
2023-12-14 23:00:00,5571.84,5666.303,XGBoost,region_a
2023-12-15 00:00:00,4456.71,4743.9194,XGBoost,region_a
2023-12-15 01:00:00,4273.9,4311.775,XGBoost,region_a
2023-12-15 02:00:00,4071.53,4048.4346,XGBoost,region_a
2023-12-15 03:00:00,3732.79,3910.8447,XGBoost,region_a
2023-12-15 04:00:00,3971.72,4173.3584,XGBoost,region_a
2023-12-15 05:00:00,4809.07,4821.5747,XGBoost,region_a
2023-12-15 06:00:00,5692.66,5744.4004,XGBoost,region_a
2023-12-15 07:00:00,6259.71,6401.1104,XGBoost,region_a
2023-12-15 08:00:00,6779.01,6661.5513,XGBoost,region_a
2023-12-15 09:00:00,6479.39,6688.053,XGBoost,region_a
2023-12-15 10:00:00,6179.77,6088.246,XGBoost,region_a
2023-12-15 11:00:00,5666.96,5700.4497,XGBoost,region_a
2023-12-15 12:00:00,5313.21,5228.5024,XGBoost,region_a
2023-12-15 13:00:00,5332.22,5168.791,XGBoost,region_a
2023-12-15 14:00:00,5326.77,5209.6426,XGBoost,region_a
2023-12-15 15:00:00,5568.39,5478.3,XGBoost,region_a
2023-12-15 16:00:00,5921.25,6115.0776,XGBoost,region_a
2023-12-15 17:00:00,7014.67,6652.2856,XGBoost,region_a
2023-12-15 18:00:00,7657.2,7589.742,XGBoost,region_a
2023-12-15 19:00:00,7949.49,7919.4233,XGBoost,region_a
2023-12-15 20:00:00,7515.33,7679.7207,XGBoost,region_a
2023-12-15 21:00:00,7172.01,7061.446,XGBoost,region_a
2023-12-15 22:00:00,6085.86,6376.3955,XGBoost,region_a
2023-12-15 23:00:00,5734.81,5509.781,XGBoost,region_a
2023-12-16 00:00:00,4328.62,4414.912,XGBoost,region_a
2023-12-16 01:00:00,4073.86,4059.871,XGBoost,region_a
2023-12-16 02:00:00,3784.68,3827.4688,XGBoost,region_a
2023-12-16 03:00:00,3717.3,3641.5142,XGBoost,region_a
2023-12-16 04:00:00,3932.36,3914.7883,XGBoost,region_a
2023-12-16 05:00:00,4369.38,4514.682,XGBoost,region_a
2023-12-16 06:00:00,5209.94,5210.743,XGBoost,region_a
2023-12-16 07:00:00,5968.11,5832.061,XGBoost,region_a
2023-12-16 08:00:00,5874.18,6181.6733,XGBoost,region_a
2023-12-16 09:00:00,5629.33,5803.9077,XGBoost,region_a
2023-12-16 10:00:00,5377.86,5359.965,XGBoost,region_a
2023-12-16 11:00:00,4882.47,4966.1553,XGBoost,region_a
2023-12-16 12:00:00,4526.78,4654.7256,XGBoost,region_a
2023-12-16 13:00:00,4628.88,4563.8066,XGBoost,region_a
2023-12-16 14:00:00,4673.62,4666.558,XGBoost,region_a
2023-12-16 15:00:00,4985.96,5074.4756,XGBoost,region_a
2023-12-16 16:00:00,5437.56,5475.7285,XGBoost,region_a
2023-12-16 17:00:00,6176.66,6100.523,XGBoost,region_a
2023-12-16 18:00:00,6726.19,6804.5854,XGBoost,region_a
2023-12-16 19:00:00,7190.23,7187.145,XGBoost,region_a
2023-12-16 20:00:00,7191.58,7144.811,XGBoost,region_a
2023-12-16 21:00:00,6457.74,6627.0977,XGBoost,region_a
2023-12-16 22:00:00,5901.04,5773.111,XGBoost,region_a
2023-12-16 23:00:00,5306.6,5374.382,XGBoost,region_a
2023-12-17 00:00:00,4470.68,4410.2764,XGBoost,region_a
2023-12-17 01:00:00,4161.49,4160.4707,XGBoost,region_a
2023-12-17 02:00:00,3769.88,3918.8274,XGBoost,region_a
2023-12-17 03:00:00,3638.87,3776.9595,XGBoost,region_a
2023-12-17 04:00:00,4116.56,4050.3909,XGBoost,region_a
2023-12-17 05:00:00,4649.86,4494.615,XGBoost,region_a
2023-12-17 06:00:00,5395.74,5452.555,XGBoost,region_a
2023-12-17 07:00:00,5686.43,6008.5254,XGBoost,region_a
2023-12-17 08:00:00,6343.78,6101.2725,XGBoost,region_a
2023-12-17 09:00:00,6081.66,5977.8477,XGBoost,region_a
2023-12-17 10:00:00,5580.3,5573.3594,XGBoost,region_a
2023-12-17 11:00:00,4969.92,5153.3267,XGBoost,region_a
2023-12-17 12:00:00,4766.37,4685.684,XGBoost,region_a
2023-12-17 13:00:00,4464.38,4578.5845,XGBoost,region_a
2023-12-17 14:00:00,4788.66,4640.9136,XGBoost,region_a
2023-12-17 15:00:00,4857.16,5130.8438,XGBoost,region_a
2023-12-17 16:00:00,5422.84,5428.8433,XGBoost,region_a
2023-12-17 17:00:00,6002.66,6191.7485,XGBoost,region_a
2023-12-17 18:00:00,6195.96,6586.091,XGBoost,region_a
2023-12-17 19:00:00,6967.57,6801.4556,XGBoost,region_a
2023-12-17 20:00:00,6758.01,6911.632,XGBoost,region_a
2023-12-17 21:00:00,6371.33,6265.8696,XGBoost,region_a
2023-12-17 22:00:00,5553.48,5647.05,XGBoost,region_a
2023-12-17 23:00:00,5141.7,5151.1533,XGBoost,region_a
2023-12-18 00:00:00,4404.7,4625.6045,XGBoost,region_a
2023-12-18 01:00:00,4183.88,4282.605,XGBoost,region_a
2023-12-18 02:00:00,4004.99,4169.067,XGBoost,region_a
2023-12-18 03:00:00,4009.61,3944.3298,XGBoost,region_a
2023-12-18 04:00:00,4312.3,4351.447,XGBoost,region_a
2023-12-18 05:00:00,4965.85,5101.9976,XGBoost,region_a
2023-12-18 06:00:00,5871.72,5754.023,XGBoost,region_a
2023-12-18 07:00:00,6690.7,6555.127,XGBoost,region_a
2023-12-18 08:00:00,7018.3,6888.052,XGBoost,region_a
2023-12-18 09:00:00,6850.09,6850.9463,XGBoost,region_a
2023-12-18 10:00:00,6419.35,6310.3003,XGBoost,region_a
2023-12-18 11:00:00,5674.74,5796.9287,XGBoost,region_a
2023-12-18 12:00:00,5111.76,5278.4116,XGBoost,region_a
2023-12-18 13:00:00,5209.78,5142.6616,XGBoost,region_a
2023-12-18 14:00:00,5216.36,5225.8945,XGBoost,region_a
2023-12-18 15:00:00,5363.7,5427.412,XGBoost,region_a
2023-12-18 16:00:00,5867.51,5886.8457,XGBoost,region_a
2023-12-18 17:00:00,6411.21,6492.494,XGBoost,region_a
2023-12-18 18:00:00,7064.02,7038.871,XGBoost,region_a
2023-12-18 19:00:00,7478.58,7573.589,XGBoost,region_a
2023-12-18 20:00:00,7190.26,7314.902,XGBoost,region_a
2023-12-18 21:00:00,6810.06,6732.1865,XGBoost,region_a
2023-12-18 22:00:00,6002.71,5997.229,XGBoost,region_a
2023-12-18 23:00:00,5462.48,5467.145,XGBoost,region_a
2023-12-19 00:00:00,4529.51,4455.7866,XGBoost,region_a
2023-12-19 01:00:00,4167.51,4163.8164,XGBoost,region_a
2023-12-19 02:00:00,3992.33,3874.8518,XGBoost,region_a
2023-12-19 03:00:00,3698.36,3892.0813,XGBoost,region_a
2023-12-19 04:00:00,4092.88,4157.7583,XGBoost,region_a
2023-12-19 05:00:00,4828.81,4830.022,XGBoost,region_a
2023-12-19 06:00:00,5555.38,5730.0547,XGBoost,region_a
2023-12-19 07:00:00,6245.51,6248.3726,XGBoost,region_a
2023-12-19 08:00:00,6798.78,6675.258,XGBoost,region_a
2023-12-19 09:00:00,6622.48,6643.0767,XGBoost,region_a
2023-12-19 10:00:00,6073.03,6189.9165,XGBoost,region_a
2023-12-19 11:00:00,5488.32,5552.412,XGBoost,region_a
2023-12-19 12:00:00,5347.57,5141.6567,XGBoost,region_a
2023-12-19 13:00:00,4993.61,5094.681,XGBoost,region_a
2023-12-19 14:00:00,4993.85,5073.2646,XGBoost,region_a
2023-12-19 15:00:00,5575.93,5319.8213,XGBoost,region_a
2023-12-19 16:00:00,5876.87,5973.5547,XGBoost,region_a
2023-12-19 17:00:00,6796.49,6492.142,XGBoost,region_a
2023-12-19 18:00:00,7285.13,7334.325,XGBoost,region_a
2023-12-19 19:00:00,7550.7,7666.5947,XGBoost,region_a
2023-12-19 20:00:00,7344.15,7320.4,XGBoost,region_a
2023-12-19 21:00:00,7029.05,6855.5996,XGBoost,region_a
2023-12-19 22:00:00,6227.48,6317.539,XGBoost,region_a
2023-12-19 23:00:00,5687.95,5670.2466,XGBoost,region_a
2023-12-20 00:00:00,4615.7,4549.8203,XGBoost,region_a
2023-12-20 01:00:00,4265.72,4235.3335,XGBoost,region_a
2023-12-20 02:00:00,3899.7,3998.5684,XGBoost,region_a
2023-12-20 03:00:00,3876.58,3783.971,XGBoost,region_a
2023-12-20 04:00:00,4206.53,4113.276,XGBoost,region_a
2023-12-20 05:00:00,5017.57,4940.9517,XGBoost,region_a
2023-12-20 06:00:00,5714.33,5848.2812,XGBoost,region_a
2023-12-20 07:00:00,6656.74,6483.1797,XGBoost,region_a
2023-12-20 08:00:00,6686.15,6970.1777,XGBoost,region_a
2023-12-20 09:00:00,6835.93,6706.135,XGBoost,region_a
2023-12-20 10:00:00,6225.65,6216.874,XGBoost,region_a
2023-12-20 11:00:00,5682.46,5661.8384,XGBoost,region_a
2023-12-20 12:00:00,5242.82,5323.9663,XGBoost,region_a
2023-12-20 13:00:00,4937.52,5104.903,XGBoost,region_a
2023-12-20 14:00:00,5274.34,5062.9526,XGBoost,region_a
2023-12-20 15:00:00,5373.49,5517.291,XGBoost,region_a
2023-12-20 16:00:00,6028.76,5888.6475,XGBoost,region_a
2023-12-20 17:00:00,6745.14,6657.5103,XGBoost,region_a
2023-12-20 18:00:00,7611.44,7655.79,XGBoost,region_a
2023-12-20 19:00:00,7573.0,7687.771,XGBoost,region_a
2023-12-20 20:00:00,7313.73,7534.695,XGBoost,region_a
2023-12-20 21:00:00,6968.09,6836.2783,XGBoost,region_a
2023-12-20 22:00:00,6261.31,6208.5146,XGBoost,region_a
2023-12-20 23:00:00,5713.44,5662.7505,XGBoost,region_a
2023-12-21 00:00:00,4552.14,4604.5796,XGBoost,region_a
2023-12-21 01:00:00,4059.63,4222.788,XGBoost,region_a
2023-12-21 02:00:00,3966.95,3923.7996,XGBoost,region_a
2023-12-21 03:00:00,3871.15,3896.5876,XGBoost,region_a
2023-12-21 04:00:00,4219.01,4183.245,XGBoost,region_a
2023-12-21 05:00:00,4819.23,4890.9917,XGBoost,region_a
2023-12-21 06:00:00,5796.07,5737.1475,XGBoost,region_a
2023-12-21 07:00:00,6814.97,6546.8647,XGBoost,region_a
2023-12-21 08:00:00,6699.27,6883.7505,XGBoost,region_a
2023-12-21 09:00:00,6971.48,6776.878,XGBoost,region_a
2023-12-21 10:00:00,6228.2,6300.146,XGBoost,region_a
2023-12-21 11:00:00,5814.07,5731.0986,XGBoost,region_a
2023-12-21 12:00:00,5201.95,5387.207,XGBoost,region_a
2023-12-21 13:00:00,5287.71,5064.3735,XGBoost,region_a
2023-12-21 14:00:00,5287.19,5218.0996,XGBoost,region_a
2023-12-21 15:00:00,5581.71,5432.127,XGBoost,region_a
2023-12-21 16:00:00,6161.07,6079.91,XGBoost,region_a
2023-12-21 17:00:00,6533.65,6801.664,XGBoost,region_a
2023-12-21 18:00:00,7302.87,7248.3994,XGBoost,region_a
2023-12-21 19:00:00,7886.04,7791.8306,XGBoost,region_a
2023-12-21 20:00:00,7328.39,7652.998,XGBoost,region_a
2023-12-21 21:00:00,6957.42,6903.7837,XGBoost,region_a
2023-12-21 22:00:00,6391.84,6086.776,XGBoost,region_a
2023-12-21 23:00:00,5553.63,5706.6133,XGBoost,region_a
2023-12-22 00:00:00,4646.74,4562.3765,XGBoost,region_a
2023-12-22 01:00:00,4441.12,4270.798,XGBoost,region_a
2023-12-22 02:00:00,4013.99,4089.6492,XGBoost,region_a
2023-12-22 03:00:00,4006.02,3923.575,XGBoost,region_a
2023-12-22 04:00:00,4442.59,4235.9956,XGBoost,region_a
2023-12-22 05:00:00,4940.09,5006.1387,XGBoost,region_a
2023-12-22 06:00:00,5822.8,5903.689,XGBoost,region_a
2023-12-22 07:00:00,6634.67,6648.091,XGBoost,region_a
2023-12-22 08:00:00,7074.78,6921.0415,XGBoost,region_a
2023-12-22 09:00:00,6662.2,6856.6196,XGBoost,region_a
2023-12-22 10:00:00,5973.38,6181.0527,XGBoost,region_a
2023-12-22 11:00:00,5640.83,5637.388,XGBoost,region_a
2023-12-22 12:00:00,5171.25,5235.3535,XGBoost,region_a
2023-12-22 13:00:00,5145.51,5141.0186,XGBoost,region_a
2023-12-22 14:00:00,5033.24,5168.5767,XGBoost,region_a
2023-12-22 15:00:00,5405.41,5691.86,XGBoost,region_a
2023-12-22 16:00:00,5910.25,5968.766,XGBoost,region_a
2023-12-22 17:00:00,6638.83,6661.4287,XGBoost,region_a
2023-12-22 18:00:00,7008.28,7278.5156,XGBoost,region_a
2023-12-22 19:00:00,7338.81,7450.347,XGBoost,region_a
2023-12-22 20:00:00,7127.51,7359.0664,XGBoost,region_a
2023-12-22 21:00:00,6576.67,6686.525,XGBoost,region_a
2023-12-22 22:00:00,6010.23,6033.116,XGBoost,region_a
2023-12-22 23:00:00,5417.39,5521.8784,XGBoost,region_a
2023-12-23 00:00:00,4169.15,4347.9077,XGBoost,region_a
2023-12-23 01:00:00,4018.15,4032.516,XGBoost,region_a
2023-12-23 02:00:00,3601.18,3810.5818,XGBoost,region_a
2023-12-23 03:00:00,3450.01,3627.613,XGBoost,region_a
2023-12-23 04:00:00,3758.56,3949.5269,XGBoost,region_a
2023-12-23 05:00:00,4218.29,4399.741,XGBoost,region_a
2023-12-23 06:00:00,4904.99,5058.493,XGBoost,region_a
2023-12-23 07:00:00,5610.96,5617.0664,XGBoost,region_a
2023-12-23 08:00:00,5664.04,6019.032,XGBoost,region_a
2023-12-23 09:00:00,5673.44,5780.3066,XGBoost,region_a
2023-12-23 10:00:00,5156.05,5250.8975,XGBoost,region_a
2023-12-23 11:00:00,4701.82,4794.107,XGBoost,region_a
2023-12-23 12:00:00,4510.36,4661.0977,XGBoost,region_a
2023-12-23 13:00:00,4325.67,4798.0186,XGBoost,region_a
2023-12-23 14:00:00,4607.28,4536.101,XGBoost,region_a
2023-12-23 15:00:00,4744.47,4891.104,XGBoost,region_a
2023-12-23 16:00:00,5483.8,5328.8228,XGBoost,region_a
2023-12-23 17:00:00,6081.21,6095.016,XGBoost,region_a
2023-12-23 18:00:00,6727.53,6735.371,XGBoost,region_a
2023-12-23 19:00:00,6866.73,6998.799,XGBoost,region_a
2023-12-23 20:00:00,7005.93,6825.1416,XGBoost,region_a
2023-12-23 21:00:00,6215.44,6414.2656,XGBoost,region_a
2023-12-23 22:00:00,5742.3,5574.22,XGBoost,region_a
2023-12-23 23:00:00,5090.9,5226.369,XGBoost,region_a
2023-12-24 00:00:00,3870.51,4232.038,XGBoost,region_a
2023-12-24 01:00:00,3542.57,3881.6653,XGBoost,region_a
2023-12-24 02:00:00,3227.88,3496.4707,XGBoost,region_a
2023-12-24 03:00:00,3251.39,3346.7588,XGBoost,region_a
2023-12-24 04:00:00,3303.54,3742.795,XGBoost,region_a
2023-12-24 05:00:00,4036.14,4188.033,XGBoost,region_a
2023-12-24 06:00:00,4721.21,4982.5464,XGBoost,region_a
2023-12-24 07:00:00,5488.08,5579.771,XGBoost,region_a
2023-12-24 08:00:00,5583.6,5853.2563,XGBoost,region_a
2023-12-24 09:00:00,5688.78,5753.133,XGBoost,region_a
2023-12-24 10:00:00,4888.1,5290.3467,XGBoost,region_a
2023-12-24 11:00:00,4537.63,4773.767,XGBoost,region_a
2023-12-24 12:00:00,4458.94,4481.147,XGBoost,region_a
2023-12-24 13:00:00,4108.13,4387.625,XGBoost,region_a
2023-12-24 14:00:00,4387.96,4377.1055,XGBoost,region_a
2023-12-24 15:00:00,4522.78,4745.665,XGBoost,region_a
2023-12-24 16:00:00,4908.38,5271.569,XGBoost,region_a
2023-12-24 17:00:00,5432.93,5821.833,XGBoost,region_a
2023-12-24 18:00:00,6093.57,6130.1323,XGBoost,region_a
2023-12-24 19:00:00,6623.6,6630.267,XGBoost,region_a
2023-12-24 20:00:00,6330.89,6622.5464,XGBoost,region_a
2023-12-24 21:00:00,5942.77,6121.333,XGBoost,region_a
2023-12-24 22:00:00,5306.52,5242.437,XGBoost,region_a
2023-12-24 23:00:00,4736.01,5006.5527,XGBoost,region_a
2023-12-25 00:00:00,3779.69,4041.8857,XGBoost,region_a
2023-12-25 01:00:00,3483.76,3546.4973,XGBoost,region_a
2023-12-25 02:00:00,3282.77,3406.591,XGBoost,region_a
2023-12-25 03:00:00,3137.93,3352.23,XGBoost,region_a
2023-12-25 04:00:00,3419.26,3553.3494,XGBoost,region_a
2023-12-25 05:00:00,4003.4,4168.288,XGBoost,region_a
2023-12-25 06:00:00,4503.95,4622.35,XGBoost,region_a
2023-12-25 07:00:00,5033.41,5510.352,XGBoost,region_a
2023-12-25 08:00:00,5350.27,5564.362,XGBoost,region_a
2023-12-25 09:00:00,5206.71,5412.1816,XGBoost,region_a
2023-12-25 10:00:00,4762.89,5080.542,XGBoost,region_a
2023-12-25 11:00:00,4442.1,4654.0605,XGBoost,region_a
2023-12-25 12:00:00,4193.56,4356.4736,XGBoost,region_a
2023-12-25 13:00:00,3963.64,4315.969,XGBoost,region_a
2023-12-25 14:00:00,4177.74,4181.4536,XGBoost,region_a
2023-12-25 15:00:00,4330.96,4463.216,XGBoost,region_a
2023-12-25 16:00:00,4786.06,4870.8823,XGBoost,region_a
2023-12-25 17:00:00,5201.58,5695.8906,XGBoost,region_a
2023-12-25 18:00:00,5693.68,6021.317,XGBoost,region_a
2023-12-25 19:00:00,6270.76,5996.148,XGBoost,region_a
2023-12-25 20:00:00,6270.1,6480.933,XGBoost,region_a
2023-12-25 21:00:00,5568.15,6108.4355,XGBoost,region_a
2023-12-25 22:00:00,5080.21,5427.214,XGBoost,region_a
2023-12-25 23:00:00,4706.03,4935.2236,XGBoost,region_a
2023-12-26 00:00:00,4031.8,4257.6426,XGBoost,region_a
2023-12-26 01:00:00,3795.3,3900.0415,XGBoost,region_a
2023-12-26 02:00:00,3721.86,3765.6484,XGBoost,region_a
2023-12-26 03:00:00,3542.96,3665.4197,XGBoost,region_a
2023-12-26 04:00:00,3830.39,3928.3826,XGBoost,region_a
2023-12-26 05:00:00,4431.71,4458.446,XGBoost,region_a
2023-12-26 06:00:00,5276.2,5313.678,XGBoost,region_a
2023-12-26 07:00:00,5896.66,5969.054,XGBoost,region_a
2023-12-26 08:00:00,6049.4,6247.4404,XGBoost,region_a
2023-12-26 09:00:00,6070.97,6325.2686,XGBoost,region_a
2023-12-26 10:00:00,5761.29,7266.876,XGBoost,region_a
2023-12-26 11:00:00,5212.33,5360.785,XGBoost,region_a
2023-12-26 12:00:00,4789.22,5035.3975,XGBoost,region_a
2023-12-26 13:00:00,4728.32,4708.201,XGBoost,region_a
2023-12-26 14:00:00,4973.79,4745.9346,XGBoost,region_a
2023-12-26 15:00:00,4865.21,5291.2583,XGBoost,region_a
2023-12-26 16:00:00,5565.49,5409.3037,XGBoost,region_a
2023-12-26 17:00:00,6088.08,6248.86,XGBoost,region_a
2023-12-26 18:00:00,6543.71,6807.627,XGBoost,region_a
2023-12-26 19:00:00,6952.28,6949.1465,XGBoost,region_a
2023-12-26 20:00:00,6635.7,6931.398,XGBoost,region_a
2023-12-26 21:00:00,6090.73,6313.999,XGBoost,region_a
2023-12-26 22:00:00,5616.61,5648.055,XGBoost,region_a
2023-12-26 23:00:00,5181.8,5263.8345,XGBoost,region_a
2023-12-27 00:00:00,4108.41,4295.783,XGBoost,region_a
2023-12-27 01:00:00,3966.35,3964.7522,XGBoost,region_a
2023-12-27 02:00:00,3500.34,3816.619,XGBoost,region_a
2023-12-27 03:00:00,3467.41,3697.7434,XGBoost,region_a
2023-12-27 04:00:00,3886.15,3917.546,XGBoost,region_a
2023-12-27 05:00:00,4545.22,4602.366,XGBoost,region_a
2023-12-27 06:00:00,5127.46,5302.7925,XGBoost,region_a
2023-12-27 07:00:00,5902.04,5906.6836,XGBoost,region_a
2023-12-27 08:00:00,6149.95,6362.148,XGBoost,region_a
2023-12-27 09:00:00,6125.5,6216.9307,XGBoost,region_a
2023-12-27 10:00:00,5418.19,5758.853,XGBoost,region_a
2023-12-27 11:00:00,5211.77,5254.6055,XGBoost,region_a
2023-12-27 12:00:00,4729.31,5019.8657,XGBoost,region_a
2023-12-27 13:00:00,4601.36,4802.0005,XGBoost,region_a
2023-12-27 14:00:00,4361.42,4867.6436,XGBoost,region_a
2023-12-27 15:00:00,4841.22,4932.5815,XGBoost,region_a
2023-12-27 16:00:00,5161.58,5470.9536,XGBoost,region_a
2023-12-27 17:00:00,6006.74,6003.2246,XGBoost,region_a
2023-12-27 18:00:00,6669.35,6622.678,XGBoost,region_a
2023-12-27 19:00:00,6806.58,6986.384,XGBoost,region_a
2023-12-27 20:00:00,6629.32,6823.9155,XGBoost,region_a
2023-12-27 21:00:00,6095.7,6315.6616,XGBoost,region_a
2023-12-27 22:00:00,5614.64,5660.2046,XGBoost,region_a
2023-12-27 23:00:00,5032.71,5246.717,XGBoost,region_a
2023-12-28 00:00:00,4143.34,4332.979,XGBoost,region_a
2023-12-28 01:00:00,3860.4,3950.5923,XGBoost,region_a
2023-12-28 02:00:00,3575.25,3704.739,XGBoost,region_a
2023-12-28 03:00:00,3460.8,3668.8271,XGBoost,region_a
2023-12-28 04:00:00,3802.42,3951.7515,XGBoost,region_a
2023-12-28 05:00:00,4480.43,4432.334,XGBoost,region_a
2023-12-28 06:00:00,5063.94,5290.1533,XGBoost,region_a
2023-12-28 07:00:00,5588.86,5820.163,XGBoost,region_a
2023-12-28 08:00:00,5969.83,6156.4233,XGBoost,region_a
2023-12-28 09:00:00,5623.89,6088.5044,XGBoost,region_a
2023-12-28 10:00:00,5379.46,5625.88,XGBoost,region_a
2023-12-28 11:00:00,4940.16,5141.203,XGBoost,region_a
2023-12-28 12:00:00,4619.75,4826.547,XGBoost,region_a
2023-12-28 13:00:00,4431.66,4776.291,XGBoost,region_a
2023-12-28 14:00:00,4738.48,4699.8228,XGBoost,region_a
2023-12-28 15:00:00,4759.19,5055.435,XGBoost,region_a
2023-12-28 16:00:00,5376.82,5500.057,XGBoost,region_a
2023-12-28 17:00:00,5710.94,6007.067,XGBoost,region_a
2023-12-28 18:00:00,6536.09,6391.9604,XGBoost,region_a
2023-12-28 19:00:00,6515.17,6890.5654,XGBoost,region_a
2023-12-28 20:00:00,6392.14,6646.604,XGBoost,region_a
2023-12-28 21:00:00,5773.93,6262.702,XGBoost,region_a
2023-12-28 22:00:00,5174.22,5625.652,XGBoost,region_a
2023-12-28 23:00:00,4854.67,5184.4185,XGBoost,region_a
2023-12-29 00:00:00,3877.35,4313.808,XGBoost,region_a
2023-12-29 01:00:00,3675.08,3976.1343,XGBoost,region_a
2023-12-29 02:00:00,3379.48,3700.4602,XGBoost,region_a
2023-12-29 03:00:00,3388.62,3722.134,XGBoost,region_a
2023-12-29 04:00:00,3733.24,4038.671,XGBoost,region_a
2023-12-29 05:00:00,4211.91,4596.931,XGBoost,region_a
2023-12-29 06:00:00,4932.07,4999.137,XGBoost,region_a
2023-12-29 07:00:00,5566.05,5841.0493,XGBoost,region_a
2023-12-29 08:00:00,5800.31,6169.7246,XGBoost,region_a
2023-12-29 09:00:00,5784.59,5989.1978,XGBoost,region_a
2023-12-29 10:00:00,5274.97,5619.0347,XGBoost,region_a
2023-12-29 11:00:00,4794.05,5193.131,XGBoost,region_a
2023-12-29 12:00:00,4627.89,4798.8413,XGBoost,region_a
2023-12-29 13:00:00,4595.44,4802.837,XGBoost,region_a
2023-12-29 14:00:00,4695.65,4862.603,XGBoost,region_a
2023-12-29 15:00:00,4795.86,5089.4824,XGBoost,region_a
2023-12-29 16:00:00,5128.5,5437.758,XGBoost,region_a
2023-12-29 17:00:00,5747.06,6059.112,XGBoost,region_a
2023-12-29 18:00:00,6234.84,6568.8057,XGBoost,region_a
2023-12-29 19:00:00,6948.4,6781.199,XGBoost,region_a
2023-12-29 20:00:00,6600.67,6772.9834,XGBoost,region_a
2023-12-29 21:00:00,5838.33,6206.35,XGBoost,region_a
2023-12-29 22:00:00,5490.41,5540.0303,XGBoost,region_a
2023-12-29 23:00:00,4980.45,5209.2026,XGBoost,region_a
2023-12-30 00:00:00,3720.48,4076.1853,XGBoost,region_a
2023-12-30 01:00:00,3465.21,3692.9375,XGBoost,region_a
2023-12-30 02:00:00,3126.51,3414.4639,XGBoost,region_a
2023-12-30 03:00:00,3209.02,3294.0813,XGBoost,region_a
2023-12-30 04:00:00,3478.73,3639.6943,XGBoost,region_a
2023-12-30 05:00:00,3968.46,4116.4814,XGBoost,region_a
2023-12-30 06:00:00,4843.39,4776.3984,XGBoost,region_a
2023-12-30 07:00:00,5278.56,5499.9263,XGBoost,region_a
2023-12-30 08:00:00,5465.23,5649.0273,XGBoost,region_a
2023-12-30 09:00:00,5189.39,5558.143,XGBoost,region_a
2023-12-30 10:00:00,4785.31,5018.4087,XGBoost,region_a
2023-12-30 11:00:00,4232.41,4492.2236,XGBoost,region_a
2023-12-30 12:00:00,3958.79,4260.938,XGBoost,region_a
2023-12-30 13:00:00,4049.25,4134.9863,XGBoost,region_a
2023-12-30 14:00:00,4118.22,4333.9883,XGBoost,region_a
2023-12-30 15:00:00,4392.22,4430.7324,XGBoost,region_a
2023-12-30 16:00:00,4897.44,5050.854,XGBoost,region_a
2023-12-30 17:00:00,5285.56,5470.5767,XGBoost,region_a
2023-12-30 18:00:00,5971.15,6020.982,XGBoost,region_a
2023-12-30 19:00:00,6283.06,6540.3535,XGBoost,region_a
2023-12-30 20:00:00,6098.76,6368.342,XGBoost,region_a
2023-12-30 21:00:00,5567.54,5841.3,XGBoost,region_a
2023-12-30 22:00:00,4878.7,5247.998,XGBoost,region_a
2023-12-30 23:00:00,4543.9,4895.698,XGBoost,region_a
2023-12-31 00:00:00,3715.32,4045.1797,XGBoost,region_a
2023-12-31 01:00:00,3707.29,3605.4211,XGBoost,region_a
2023-12-31 02:00:00,3338.34,3482.1816,XGBoost,region_a
2023-12-31 03:00:00,3443.07,3389.283,XGBoost,region_a
2023-12-31 04:00:00,3597.94,3628.3198,XGBoost,region_a
2023-12-31 05:00:00,4323.53,4139.397,XGBoost,region_a
2023-12-31 06:00:00,4896.58,4942.761,XGBoost,region_a
2023-12-31 07:00:00,5433.66,5605.296,XGBoost,region_a
2023-12-31 08:00:00,5812.45,5843.6094,XGBoost,region_a
2023-12-31 09:00:00,5673.83,5731.8594,XGBoost,region_a
2023-12-31 10:00:00,5294.95,5151.849,XGBoost,region_a
2023-12-31 11:00:00,4793.78,4708.1865,XGBoost,region_a
2023-12-31 12:00:00,4485.01,4544.522,XGBoost,region_a
2023-12-31 13:00:00,4214.0,4325.9917,XGBoost,region_a
2023-12-31 14:00:00,4327.82,4388.61,XGBoost,region_a
2023-12-31 15:00:00,4647.9,4650.888,XGBoost,region_a
2023-12-31 16:00:00,4991.87,5127.094,XGBoost,region_a
2023-12-31 17:00:00,5719.15,5513.4243,XGBoost,region_a
2023-12-31 18:00:00,5966.63,6343.1577,XGBoost,region_a
2023-12-31 19:00:00,6612.85,6691.768,XGBoost,region_a
2023-12-31 20:00:00,6427.27,6556.255,XGBoost,region_a
2023-12-31 21:00:00,5895.6,5898.54,XGBoost,region_a
2023-12-31 22:00:00,5365.95,5345.578,XGBoost,region_a
2023-12-31 23:00:00,4819.78,4859.1714,XGBoost,region_a
